,player,position,team,age,club,birth_year,games,games_starts,minutes,minutes_90s,goals,assists,goals_pens,pens_made,pens_att,cards_yellow,cards_red,goals_per90,assists_per90,goals_assists_per90,goals_pens_per90,goals_assists_pens_per90,xg,npxg,xg_assist,npxg_xg_assist,xg_per90,xg_assist_per90,xg_xg_assist_per90,npxg_per90,npxg_xg_assist_per90,Round_1,Round_2,Round_3,Round_5,Round_27,Round_28,Round_50,Round_29,average_rounds,years,days,age_float
0,Aaron Mooy,MF,Australia,32-094,Celtic,1990,4,4,360,4.0,0,0,0,0,0,1,0,0.0,0.0,0.0,0.0,0.0,0.0,0.0,0.1,0.1,0.01,0.02,0.03,0.01,0.03,6.7,7.4,6.9,6.7,,,,,6.93,32,94,32.25753424657534
1,Aaron Ramsey,MF,Wales,31-357,Nice,1990,3,3,266,3.0,0,0,0,0,0,1,0,0.0,0.0,0.0,0.0,0.0,0.0,0.0,0.0,0.1,0.01,0.01,0.02,0.01,0.02,6.6,6.6,6.2,,,,,,6.47,31,357,31.97808219178082
2,Abdelhamid Sabiri,MF,Morocco,26-020,Sampdoria,1996,5,2,181,2.0,0,1,0,0,0,1,0,0.0,0.5,0.5,0.0,0.5,0.1,0.1,0.9,1.0,0.08,0.53,0.6,0.08,0.6,6.5,7.3,6.6,6.9,,,6.1,,6.68,26,20,26.054794520547944
3,Abdelkarim Hassan,DF,Qatar,29-112,Al Sadd SC,1993,3,3,270,3.0,0,0,0,0,0,0,0,0.0,0.0,0.0,0.0,0.0,0.3,0.3,0.0,0.3,0.1,0.01,0.11,0.1,0.11,6.9,6.3,6.8,,,,,,6.67,29,112,29.306849315068494
4,Abderrazak Hamdallah,FW,Morocco,32-001,Al-Ittihad,1990,4,0,68,0.8,0,0,0,0,0,0,0,0.0,0.0,0.0,0.0,0.0,0.4,0.4,0.0,0.4,0.52,0.0,0.52,0.52,0.52,,,,,,,,,,32,1,32.0027397260274
5,Abdessamad Ezzalzouli,FW,Morocco,21-001,Osasuna,2001,3,0,93,1.0,0,0,0,0,0,0,0,0.0,0.0,0.0,0.0,0.0,0.1,0.1,0.3,0.3,0.09,0.39,0.49,0.09,0.49,6.4,,,6.8,,6.9,,,6.7,21,1,21.002739726027396
6,Abdou Diallo,DF,Senegal,26-228,RB Leipzig,1996,4,4,331,3.7,0,0,0,0,0,0,0,0.0,0.0,0.0,0.0,0.0,0.0,0.0,0.1,0.1,0.01,0.02,0.03,0.01,0.03,6.7,6.7,6.7,6.1,,,,,6.55,26,228,26.624657534246577
7,Abdul Fatawu Issahaku,FW,Ghana,18-285,Sporting CP,2004,1,0,1,0.0,0,0,0,0,0,0,0,0.0,0.0,0.0,0.0,0.0,0.0,0.0,0.0,0.0,0.0,0.0,0.0,0.0,0.0,,,,,,,,,,18,285,18.78082191780822
8,Abdulaziz Hatem,MF,Qatar,32-051,Al Rayyan SC,1990,3,2,196,2.2,0,0,0,0,0,0,0,0.0,0.0,0.0,0.0,0.0,0.0,0.0,0.0,0.0,0.01,0.01,0.02,0.01,0.02,,,,,,,,,,32,51,32.13972602739726
9,Abdulelah Al-Amri,DF,Saudi Arabia,25-337,Al-Nassr,1997,3,2,182,2.0,0,0,0,0,0,2,0,0.0,0.0,0.0,0.0,0.0,0.1,0.1,0.0,0.1,0.03,0.0,0.03,0.03,0.03,6.5,7.0,6.6,,,,,,6.7,25,337,25.923287671232877
10,Abdulellah Al-Malki,MF,Saudi Arabia,28-068,Al-Hilal,1994,2,2,174,1.9,0,0,0,0,0,2,0,0.0,0.0,0.0,0.0,0.0,0.1,0.1,0.0,0.1,0.06,0.0,0.06,0.06,0.06,,,,,,,,,,28,68,28.186301369863013
11,Abdullah Madu,DF,Saudi Arabia,29-156,Al-Nassr,1993,1,0,45,0.5,0,0,0,0,0,1,0,0.0,0.0,0.0,0.0,0.0,0.0,0.0,0.0,0.0,0.0,0.0,0.0,0.0,0.0,,,6.9,,,,,,6.9,29,156,29.427397260273974
12,Abdulrahman Al-Aboud,MF,Saudi Arabia,27-200,Al-Ittihad,1995,2,0,35,0.4,0,0,0,0,0,0,0,0.0,0.0,0.0,0.0,0.0,0.1,0.1,0.0,0.1,0.18,0.06,0.24,0.18,0.24,,,,,,,,,,27,200,27.54794520547945
13,Abolfazl Jalali,DF,IR Iran,24-175,Esteghlal,1998,1,0,19,0.2,0,0,0,0,0,1,0,0.0,0.0,0.0,0.0,0.0,0.0,0.0,0.0,0.0,0.0,0.0,0.0,0.0,0.0,,,6.6,,,,,,6.6,24,175,24.47945205479452
14,Achraf Dari,DF,Morocco,23-226,Brest,1999,3,2,187,2.1,1,0,1,0,0,1,0,0.48,0.0,0.48,0.48,0.48,0.6,0.6,0.0,0.6,0.3,0.0,0.3,0.3,0.3,,,,,6.8,6.6,7.5,,6.97,23,226,23.61917808219178
15,Achraf Hakimi,DF,Morocco,24-044,Paris S-G,1998,7,7,631,7.0,0,1,0,0,0,0,0,0.0,0.14,0.14,0.0,0.14,0.1,0.1,0.5,0.6,0.02,0.07,0.09,0.02,0.09,7.9,7.4,7.7,7.3,6.7,6.5,6.7,,7.17,24,44,24.12054794520548
16,Adrien Rabiot,MF,France,27-259,Juventus,1995,6,5,483,5.4,1,1,1,0,0,1,0,0.19,0.19,0.37,0.19,0.37,1.1,1.1,0.9,1.9,0.2,0.16,0.36,0.2,0.36,8.7,7.4,6.9,7.5,6.8,,,7.0,7.38,27,259,27.70958904109589
17,Agustín Canobbio,MF,Uruguay,24-078,Atl Paranaense,1998,1,0,11,0.1,0,0,0,0,0,0,0,0.0,0.0,0.0,0.0,0.0,0.0,0.0,0.0,0.0,0.0,0.0,0.0,0.0,0.0,,,6.8,,,,,,6.8,24,78,24.213698630136985
18,Ahmad Nourollahi,MF,IR Iran,29-319,Al-Ahli Dubai FC,1993,3,3,223,2.5,0,0,0,0,0,0,0,0.0,0.0,0.0,0.0,0.0,0.1,0.1,0.0,0.1,0.04,0.0,0.04,0.04,0.04,6.4,7.2,6.5,,,,,,6.7,29,319,29.873972602739727
19,Ahmed Alaaeldin,FW,Qatar,29-321,Al-Gharafa Sports Club,1993,1,0,6,0.1,0,0,0,0,0,0,0,0.0,0.0,0.0,0.0,0.0,0.0,0.0,0.0,0.0,0.0,0.0,0.0,0.0,0.0,,,6.5,,,,,,6.5,29,321,29.87945205479452
20,Aimen Dahmen,GK,Tunisia,25-324,CS Sfaxien,1997,3,3,270,3.0,0,0,0,0,0,0,0,0.0,0.0,0.0,0.0,0.0,0.0,0.0,0.0,0.0,0.0,0.0,0.0,0.0,0.0,,,,,,,,,,25,324,25.887671232876713
21,Ajdin Hrustic,MF,Australia,26-166,Hellas Verona,1996,3,0,62,0.7,0,0,0,0,0,0,0,0.0,0.0,0.0,0.0,0.0,0.0,0.0,0.0,0.0,0.04,0.0,0.04,0.04,0.04,,,,,,,,,,26,166,26.454794520547946
22,Akram Afif,FW,Qatar,26-030,Al Sadd SC,1996,3,3,270,3.0,0,0,0,0,0,1,0,0.0,0.0,0.0,0.0,0.0,0.0,0.0,0.3,0.3,0.02,0.1,0.12,0.02,0.12,6.7,7.0,7.4,,,,,,7.03,26,30,26.08219178082192
23,Alan Franco,MF,Ecuador,24-119,Talleres,1998,2,1,46,0.5,0,0,0,0,0,0,0,0.0,0.0,0.0,0.0,0.0,0.0,0.0,0.0,0.0,0.0,0.0,0.0,0.0,0.0,,,6.5,,,,,,6.5,24,119,24.326027397260273
24,Alejandro Balde,DF,Spain,19-061,Barcelona,2003,4,1,126,1.4,0,0,0,0,0,0,0,0.0,0.0,0.0,0.0,0.0,0.0,0.0,0.0,0.0,0.04,0.0,0.04,0.04,0.04,7.0,6.4,6.8,6.8,,,,,6.75,19,61,19.167123287671235
25,Aleksandar Mitrović,FW,Serbia,28-093,Fulham,1994,3,3,262,2.9,2,0,2,0,0,1,0,0.69,0.0,0.69,0.69,0.69,1.6,1.6,0.7,2.4,0.57,0.24,0.81,0.57,0.81,6.5,7.1,7.5,,,,,,7.03,28,93,28.254794520547946
26,Alex Sandro,DF,Brazil,31-326,Juventus,1991,3,2,190,2.1,0,0,0,0,0,0,0,0.0,0.0,0.0,0.0,0.0,0.0,0.0,0.1,0.1,0.01,0.04,0.05,0.01,0.05,7.3,7.8,,,6.3,,,,7.13,31,326,31.893150684931506
27,Alex Telles,DF,Brazil,30-003,Sevilla,1992,2,1,59,0.7,0,0,0,0,0,0,0,0.0,0.0,0.0,0.0,0.0,0.0,0.0,0.0,0.0,0.0,0.0,0.0,0.0,0.0,,6.8,6.7,,,,,,6.75,30,3,30.008219178082193
28,Alexander Bah,DF,Denmark,25-009,Benfica,1997,2,0,46,0.5,0,0,0,0,0,0,0,0.0,0.0,0.0,0.0,0.0,0.1,0.1,0.1,0.1,0.11,0.14,0.25,0.11,0.25,,,7.0,,,,,,7.0,25,9,25.024657534246575
29,Alexander Djiku,DF,Ghana,28-131,Strasbourg,1994,2,1,97,1.1,0,0,0,0,0,0,0,0.0,0.0,0.0,0.0,0.0,0.0,0.0,0.0,0.0,0.0,0.0,0.0,0.0,0.0,6.4,6.8,,,,,,,6.6,28,131,28.35890410958904
30,Alexis Mac Allister,MF,Argentina,23-359,Brighton,1998,6,6,550,6.1,1,1,1,0,0,0,0,0.16,0.16,0.33,0.16,0.33,0.7,0.7,1.0,1.7,0.12,0.18,0.3,0.12,0.3,,7.1,8.3,6.9,7.1,6.5,,7.7,7.27,23,359,23.983561643835618
31,Alexis Vega,FW,Mexico,25-023,Guadalajara,1997,3,3,193,2.1,0,0,0,0,0,0,0,0.0,0.0,0.0,0.0,0.0,0.8,0.8,0.1,0.9,0.39,0.06,0.44,0.39,0.44,7.0,6.6,6.5,,,,,,6.7,25,23,25.063013698630137
32,Ali Abdi,DF,Tunisia,28-363,Caen,1993,3,2,188,2.1,0,0,0,0,0,1,0,0.0,0.0,0.0,0.0,0.0,0.0,0.0,0.0,0.0,0.0,0.02,0.02,0.0,0.02,7.2,6.2,6.5,,,,,,6.63,28,363,28.994520547945207
33,Ali Al Hassan,MF,Saudi Arabia,25-289,Al-Nassr,1997,1,1,45,0.5,0,0,0,0,0,1,0,0.0,0.0,0.0,0.0,0.0,0.1,0.1,0.0,0.1,0.15,0.0,0.15,0.15,0.15,,,,,,,,,,25,289,25.791780821917808
34,Ali Al-Bulaihi,DF,Saudi Arabia,33-027,Al-Hilal,1989,3,3,216,2.4,0,0,0,0,0,1,0,0.0,0.0,0.0,0.0,0.0,0.0,0.0,0.0,0.0,0.0,0.0,0.0,0.0,0.0,6.3,6.6,6.6,,,,,,6.5,33,27,33.07397260273972
35,Ali Assadalla,MF,Qatar,29-333,Al Sadd SC,1993,1,0,27,0.3,0,0,0,0,0,0,0,0.0,0.0,0.0,0.0,0.0,0.0,0.0,0.0,0.0,0.0,0.0,0.0,0.0,0.0,,,,,,,,,,29,333,29.912328767123288
36,Ali Gholizadeh,MF,IR Iran,26-283,Charleroi,1996,3,2,199,2.2,0,1,0,0,0,0,0,0.0,0.45,0.45,0.0,0.45,0.0,0.0,0.2,0.2,0.01,0.07,0.09,0.01,0.09,6.7,6.7,6.8,,,,,,6.73,26,283,26.775342465753425
37,Ali Karimi,MF,IR Iran,28-310,Kayserispor,1994,3,1,99,1.1,0,0,0,0,0,0,0,0.0,0.0,0.0,0.0,0.0,0.0,0.0,0.0,0.0,0.0,0.0,0.0,0.0,0.0,6.4,6.5,7.0,,,,,,6.63,28,310,28.84931506849315
38,Ali Maâloul,DF,Tunisia,32-351,Al Ahly SC,1990,1,1,90,1.0,0,0,0,0,0,0,0,0.0,0.0,0.0,0.0,0.0,0.0,0.0,0.0,0.0,0.0,0.0,0.0,0.0,0.0,,,6.8,,,,,,6.8,32,351,32.961643835616435
39,Alidu Seidu,DF,Ghana,22-197,Clermont Foot,2000,2,2,155,1.7,0,0,0,0,0,2,0,0.0,0.0,0.0,0.0,0.0,0.0,0.0,0.0,0.0,0.01,0.0,0.01,0.01,0.01,6.6,,7.1,,,,,,6.85,22,197,22.53972602739726
40,Alireza Beiranvand,GK,IR Iran,30-088,Persepolis,1992,2,2,109,1.2,0,0,0,0,0,0,0,0.0,0.0,0.0,0.0,0.0,0.0,0.0,0.0,0.0,0.0,0.0,0.0,0.0,0.0,6.9,,7.3,,,,,,7.1,30,88,30.24109589041096
41,Alireza Jahanbakhsh,MF,IR Iran,29-129,Feyenoord,1993,2,1,59,0.7,0,0,0,0,0,2,0,0.0,0.0,0.0,0.0,0.0,0.2,0.2,0.0,0.2,0.29,0.0,0.29,0.29,0.29,6.4,6.5,,,,,,,6.45,29,129,29.353424657534248
42,Alisson,GK,Brazil,30-077,Liverpool,1992,4,4,379,4.2,0,0,0,0,0,0,0,0.0,0.0,0.0,0.0,0.0,0.0,0.0,0.0,0.0,0.0,0.0,0.0,0.0,0.0,6.8,6.8,,7.2,6.4,,,,6.8,30,77,30.21095890410959
43,Alistair Johnston,DF,Canada,24-071,CF Montréal,1998,3,3,270,3.0,0,0,0,0,0,1,0,0.0,0.0,0.0,0.0,0.0,0.8,0.8,0.2,1.0,0.27,0.06,0.33,0.27,0.33,6.8,6.8,6.6,,,,,,6.73,24,71,24.194520547945206
44,Almoez Ali,FW,Qatar,26-121,Al Duhail SC,1996,3,3,224,2.5,0,0,0,0,0,1,0,0.0,0.0,0.0,0.0,0.0,0.4,0.4,0.0,0.4,0.15,0.0,0.15,0.15,0.15,5.9,6.6,6.3,,,,,,6.27,26,121,26.33150684931507
45,Alphonso Davies,MF,Canada,22-046,Bayern Munich,2000,3,3,270,3.0,1,0,1,0,1,1,0,0.33,0.0,0.33,0.33,0.33,1.1,0.3,0.5,0.8,0.36,0.17,0.53,0.09,0.27,6.5,7.2,6.9,,,,,,6.87,22,46,22.126027397260273
46,Amadou Onana,MF,Belgium,21-124,Everton,2001,2,1,104,1.2,0,0,0,0,0,2,0,0.0,0.0,0.0,0.0,0.0,0.5,0.5,0.0,0.5,0.4,0.0,0.4,0.4,0.4,6.7,6.5,,,,,,,6.6,21,124,21.339726027397262
47,Anass Zaroury,FW,Morocco,22-041,Burnley,2000,1,0,27,0.3,0,0,0,0,0,0,0,0.0,0.0,0.0,0.0,0.0,0.0,0.0,0.0,0.0,0.0,0.0,0.0,0.0,0.0,,,,,,,6.7,,6.7,22,41,22.112328767123287
48,Andre-Frank Zambo Anguissa,MF,Cameroon,27-032,Napoli,1995,3,3,260,2.9,0,1,0,0,0,0,0,0.0,0.35,0.35,0.0,0.35,0.1,0.1,0.0,0.1,0.02,0.0,0.02,0.02,0.02,,,,,,,,,,27,32,27.087671232876712
49,Andreas Christensen,DF,Denmark,26-252,Barcelona,1996,3,3,270,3.0,1,0,1,0,0,1,0,0.33,0.0,0.33,0.33,0.33,0.4,0.4,0.0,0.4,0.12,0.0,0.12,0.12,0.12,7.8,7.3,7.4,,,,,,7.5,26,252,26.69041095890411
50,Andreas Cornelius,FW,Denmark,29-277,FC Copenhagen,1993,3,1,92,1.0,0,0,0,0,0,1,0,0.0,0.0,0.0,0.0,0.0,1.0,1.0,0.1,1.1,1.0,0.09,1.09,1.0,1.09,7.2,6.5,7.0,,,,,,6.9,29,277,29.75890410958904
51,Andreas Skov Olsen,FW,Denmark,22-354,Club Brugge,1999,2,2,132,1.5,0,0,0,0,0,0,0,0.0,0.0,0.0,0.0,0.0,0.2,0.2,0.0,0.2,0.16,0.0,0.16,0.16,0.16,6.7,,6.7,,,,,,6.7,22,354,22.96986301369863
52,Andrej Kramarić,FW,Croatia,31-182,Hoffenheim,1991,7,7,474,5.3,2,0,2,0,0,0,0,0.38,0.0,0.38,0.38,0.38,1.6,1.6,0.2,1.9,0.31,0.04,0.36,0.31,0.36,6.4,8.1,6.7,6.8,6.6,6.8,7.1,,6.93,31,182,31.4986301369863
53,Andries Noppert,GK,Netherlands,28-255,Heerenveen,1994,5,5,480,5.3,0,0,0,0,0,0,0,0.0,0.0,0.0,0.0,0.0,0.0,0.0,0.0,0.0,0.0,0.0,0.0,0.0,0.0,7.8,7.1,7.3,7.3,7.4,,,,7.38,28,255,28.698630136986303
54,Andrija Živković,DF,Serbia,26-160,PAOK,1996,3,3,210,2.3,0,2,0,0,0,0,0,0.0,0.86,0.86,0.0,0.86,0.1,0.1,1.1,1.2,0.03,0.48,0.5,0.03,0.5,6.8,8.2,6.8,,,,,,7.27,26,160,26.438356164383563
55,André Ayew,MF,Ghana,33-001,Al Sadd SC,1989,3,3,198,2.2,1,0,1,0,1,1,0,0.45,0.0,0.45,0.45,0.45,1.1,0.4,0.0,0.4,0.52,0.0,0.52,0.16,0.16,7.1,6.5,5.8,,,,,,6.47,33,1,33.0027397260274
56,André Onana,GK,Cameroon,26-260,Inter,1996,1,1,80,0.9,0,0,0,0,0,0,0,0.0,0.0,0.0,0.0,0.0,0.0,0.0,0.0,0.0,0.0,0.0,0.0,0.0,0.0,6.7,,,,,,,,6.7,26,260,26.71232876712329
57,André Silva,FW,Portugal,27-042,RB Leipzig,1995,1,0,26,0.3,0,0,0,0,0,0,0,0.0,0.0,0.0,0.0,0.0,0.0,0.0,0.1,0.1,0.0,0.21,0.21,0.0,0.21,,,6.6,,,,,,6.6,27,42,27.115068493150684
58,Andrés Guardado,MF,Mexico,36-081,Betis,1986,1,1,41,0.5,0,0,0,0,0,0,0,0.0,0.0,0.0,0.0,0.0,0.0,0.0,0.0,0.0,0.0,0.0,0.0,0.0,0.0,,6.7,,,,,,,6.7,36,81,36.221917808219175
59,Anis Ben Slimane,MF,Tunisia,21-277,Brøndby,2001,2,2,148,1.6,0,0,0,0,0,0,0,0.0,0.0,0.0,0.0,0.0,0.1,0.1,0.1,0.2,0.07,0.06,0.12,0.07,0.12,6.7,,6.4,,,,,,6.55,21,277,21.75890410958904
60,Ansu Fati,FW,Spain,20-048,Barcelona,2002,2,0,46,0.5,0,0,0,0,0,0,0,0.0,0.0,0.0,0.0,0.0,0.0,0.0,0.0,0.0,0.0,0.0,0.0,0.0,0.0,,,6.7,6.6,,,,,6.65,20,48,20.13150684931507
61,Ante Budimir,FW,Croatia,31-149,Osasuna,1991,2,0,55,0.6,0,0,0,0,0,0,0,0.0,0.0,0.0,0.0,0.0,0.2,0.2,0.0,0.2,0.37,0.07,0.44,0.37,0.44,,,,6.4,6.5,,,,6.45,31,149,31.40821917808219
62,Anthony Contreras,FW,Costa Rica,22-323,Club Sport Herediano,2000,3,2,125,1.4,0,0,0,0,0,1,0,0.0,0.0,0.0,0.0,0.0,0.0,0.0,0.0,0.0,0.0,0.01,0.01,0.0,0.01,6.5,6.5,6.5,,,,,,6.5,22,323,22.884931506849316
63,Antoine Griezmann,MF,France,31-272,Atlético Madrid,1991,7,6,537,6.0,0,3,0,0,0,1,0,0.0,0.5,0.5,0.0,0.5,0.7,0.7,3.1,3.7,0.11,0.52,0.63,0.11,0.63,9.1,8.3,7.1,7.6,7.6,7.6,,6.9,7.74,31,272,31.745205479452054
64,Antoine Semenyo,FW,Ghana,22-345,Bristol City,2000,2,0,20,0.2,0,0,0,0,0,0,0,0.0,0.0,0.0,0.0,0.0,0.0,0.0,0.0,0.0,0.22,0.0,0.22,0.22,0.22,6.4,,6.6,,,,,,6.5,22,345,22.945205479452056
65,Antonee Robinson,DF,United States,25-132,Fulham,1997,4,4,359,4.0,0,0,0,0,0,0,0,0.0,0.0,0.0,0.0,0.0,0.0,0.0,0.3,0.3,0.0,0.07,0.07,0.0,0.07,7.0,7.2,7.1,6.7,,,,,7.0,25,132,25.361643835616437
66,Antonio Rüdiger,DF,Germany,29-290,Real Madrid,1993,3,3,270,3.0,0,0,0,0,0,0,0,0.0,0.0,0.0,0.0,0.0,0.8,0.8,0.0,0.8,0.25,0.0,0.25,0.25,0.25,7.2,6.8,6.5,,,,,,6.83,29,290,29.794520547945204
67,Antony,FW,Brazil,22-297,Manchester Utd,2000,4,1,172,1.9,0,0,0,0,0,0,0,0.0,0.0,0.0,0.0,0.0,0.2,0.2,0.1,0.4,0.15,0.08,0.22,0.15,0.22,6.7,6.9,7.0,,6.9,,,,6.88,22,297,22.813698630136987
68,António Silva,DF,Portugal,19-049,Benfica,2003,1,1,90,1.0,0,0,0,0,0,0,0,0.0,0.0,0.0,0.0,0.0,0.0,0.0,0.0,0.0,0.0,0.0,0.0,0.0,0.0,,,6.7,,,,,,6.7,19,49,19.134246575342466
69,Ao Tanaka,MF,Japan,24-099,Düsseldorf,1998,3,2,171,1.9,1,0,1,0,0,0,0,0.53,0.0,0.53,0.53,0.53,1.0,1.0,0.1,1.0,0.55,0.05,0.6,0.55,0.6,6.8,,7.6,6.4,,,,,6.93,24,99,24.27123287671233
70,Ardon Jasari,FW,Switzerland,20-141,Luzern,2002,1,0,2,0.0,0,0,0,0,0,0,0,0.0,0.0,0.0,0.0,0.0,0.0,0.0,0.0,0.0,0.0,0.0,0.0,0.0,0.0,,,,,,,,,,20,141,20.386301369863013
71,Arkadiusz Milik,FW,Poland,28-293,Juventus,1994,3,1,101,1.1,0,0,0,0,0,1,0,0.0,0.0,0.0,0.0,0.0,0.2,0.2,0.1,0.3,0.22,0.09,0.31,0.22,0.31,6.5,6.4,,6.5,,,,,6.47,28,293,28.802739726027397
72,Artur Jędrzejczyk,DF,Poland,35-044,Legia Warsaw,1987,1,0,19,0.2,0,0,0,0,0,0,0,0.0,0.0,0.0,0.0,0.0,0.0,0.0,0.0,0.0,0.0,0.0,0.0,0.0,0.0,,,6.6,,,,,,6.6,35,44,35.12054794520548
73,Asiri Haitham,FW,Saudi Arabia,21-268,Al-Ahli,2001,1,0,2,0.0,0,0,0,0,0,0,0,0.0,0.0,0.0,0.0,0.0,0.0,0.0,0.0,0.0,0.0,0.0,0.0,0.0,0.0,,,,,,,,,,21,268,21.734246575342464
74,Assim Madibo,MF,Qatar,26-057,Al Duhail SC,1996,2,2,153,1.7,0,0,0,0,0,1,0,0.0,0.0,0.0,0.0,0.0,0.0,0.0,0.0,0.0,0.0,0.02,0.02,0.0,0.02,,6.8,6.4,,,,,,6.6,26,57,26.156164383561645
75,Atiba Hutchinson,MF,Canada,39-313,Beşiktaş,1983,3,2,159,1.8,0,0,0,0,0,0,0,0.0,0.0,0.0,0.0,0.0,0.1,0.1,0.0,0.1,0.07,0.0,0.07,0.07,0.07,6.7,6.3,7.2,,,,,,6.73,39,313,39.85753424657534
76,Aurélien Tchouaméni,MF,France,22-325,Real Madrid,2000,7,7,621,6.9,1,0,1,0,0,1,0,0.14,0.0,0.14,0.14,0.14,0.3,0.3,1.0,1.4,0.05,0.16,0.21,0.05,0.21,7.3,7.6,7.1,7.1,7.0,7.4,,6.5,7.14,22,325,22.89041095890411
77,Awer Mabil,MF,Australia,27-094,Cádiz,1995,2,0,24,0.3,0,0,0,0,0,0,0,0.0,0.0,0.0,0.0,0.0,0.0,0.0,0.0,0.0,0.0,0.0,0.0,0.0,0.0,6.4,6.5,,,,,,,6.45,27,94,27.257534246575343
78,Axel Disasi,DF,France,24-282,Monaco,1998,3,1,92,1.0,0,0,0,0,0,0,0,0.0,0.0,0.0,0.0,0.0,0.1,0.1,0.0,0.1,0.07,0.0,0.07,0.07,0.07,,,7.0,6.2,,,,,6.6,24,282,24.77260273972603
79,Axel Witsel,MF,Belgium,33-340,Atlético Madrid,1989,3,3,270,3.0,0,0,0,0,0,0,0,0.0,0.0,0.0,0.0,0.0,0.0,0.0,0.0,0.1,0.01,0.02,0.02,0.01,0.02,7.1,6.9,7.0,,,,,,7.0,33,340,33.93150684931507
80,Ayase Ueda,FW,Japan,24-099,Cercle Brugge,1998,1,1,45,0.5,0,0,0,0,0,0,0,0.0,0.0,0.0,0.0,0.0,0.0,0.0,0.0,0.0,0.0,0.02,0.02,0.0,0.02,,6.7,,,,,,,6.7,24,99,24.27123287671233
81,Aymeric Laporte,DF,Spain,28-205,Manchester City,1994,3,3,300,3.3,0,0,0,0,0,1,0,0.0,0.0,0.0,0.0,0.0,0.0,0.0,0.0,0.1,0.01,0.01,0.02,0.01,0.02,7.3,6.9,,7.5,,,,,7.23,28,205,28.561643835616437
82,Aziz Behich,DF,Australia,32-002,Dundee United,1990,4,4,360,4.0,0,0,0,0,0,1,0,0.0,0.0,0.0,0.0,0.0,0.1,0.1,0.0,0.1,0.03,0.0,0.03,0.03,0.03,6.7,6.8,7.1,6.3,,,,,6.72,32,2,32.00547945205479
83,Azzedine Ounahi,MF,Morocco,22-243,Angers,2000,7,6,568,6.3,0,0,0,0,0,1,0,0.0,0.0,0.0,0.0,0.0,0.3,0.3,0.5,0.8,0.05,0.08,0.13,0.05,0.13,7.1,6.9,6.9,7.5,7.4,7.3,6.7,,7.11,22,243,22.665753424657535
84,Aïssa Laïdouni,MF,Tunisia,26-005,Ferencváros,1996,3,3,243,2.7,0,1,0,0,0,1,0,0.0,0.37,0.37,0.0,0.37,0.1,0.1,0.4,0.6,0.05,0.16,0.21,0.05,0.21,,,,,,,,,,26,5,26.013698630136986
85,Baba Rahman,DF,Ghana,28-169,Reading,1994,3,2,183,2.0,0,0,0,0,0,0,0,0.0,0.0,0.0,0.0,0.0,0.0,0.0,0.3,0.3,0.0,0.15,0.15,0.0,0.15,,,,,,,,,,28,169,28.463013698630135
86,Badr Banoun,DF,Morocco,29-079,Qatar SC,1993,3,0,54,0.6,0,0,0,0,0,0,0,0.0,0.0,0.0,0.0,0.0,0.0,0.0,0.0,0.0,0.0,0.0,0.0,0.0,0.0,,,,,,,,,,29,79,29.216438356164385
87,Bailey Wright,DF,Australia,30-143,Sunderland,1992,1,0,17,0.2,0,0,0,0,0,0,0,0.0,0.0,0.0,0.0,0.0,0.0,0.0,0.0,0.0,0.0,0.0,0.0,0.0,0.0,,,6.5,,,,,,6.5,30,143,30.39178082191781
88,Bamba Dieng,FW,Senegal,22-270,Marseille,2000,4,0,100,1.1,1,0,1,0,0,0,0,0.9,0.0,0.9,0.9,0.9,0.5,0.5,0.1,0.6,0.45,0.05,0.5,0.45,0.5,,,,,,,,,,22,270,22.73972602739726
89,Bartosz Bereszyński,DF,Poland,30-159,Sampdoria,1992,4,4,341,3.8,0,0,0,0,0,1,0,0.0,0.0,0.0,0.0,0.0,0.0,0.0,0.0,0.0,0.0,0.0,0.0,0.0,0.0,6.4,6.6,6.6,6.3,,,,,6.48,30,159,30.435616438356163
90,Bassam Al-Rawi,DF,Qatar,25-002,Al Duhail SC,1997,1,1,90,1.0,0,0,0,0,0,0,0,0.0,0.0,0.0,0.0,0.0,0.0,0.0,0.0,0.0,0.0,0.03,0.03,0.0,0.03,,,,,,,,,,25,2,25.005479452054793
91,Ben Davies,DF,Wales,29-238,Tottenham,1993,3,3,238,2.6,0,0,0,0,0,0,0,0.0,0.0,0.0,0.0,0.0,0.3,0.3,0.0,0.3,0.13,0.0,0.13,0.13,0.13,7.1,7.6,5.6,,,,,,6.77,29,238,29.65205479452055
92,Benjamin Pavard,DF,France,26-265,Bayern Munich,1996,1,1,88,1.0,0,0,0,0,0,0,0,0.0,0.0,0.0,0.0,0.0,0.0,0.0,0.0,0.0,0.0,0.0,0.0,0.0,0.0,6.8,,,,,,,,6.8,26,265,26.726027397260275
93,Bernardo Silva,MF,Portugal,28-130,Manchester City,1994,5,4,356,4.0,0,0,0,0,0,0,0,0.0,0.0,0.0,0.0,0.0,0.2,0.2,0.4,0.5,0.04,0.09,0.14,0.04,0.14,7.2,7.0,6.5,6.7,7.2,,,,6.92,28,130,28.356164383561644
94,Bilal El Khannous,MF,Morocco,18-222,Genk,2004,1,1,55,0.6,0,0,0,0,0,0,0,0.0,0.0,0.0,0.0,0.0,0.0,0.0,0.0,0.0,0.0,0.0,0.0,0.0,0.0,,,,,,,,,,18,222,18.60821917808219
95,Borna Barišić,DF,Croatia,30-038,Rangers,1992,1,1,120,1.3,0,0,0,0,0,1,0,0.0,0.0,0.0,0.0,0.0,0.0,0.0,0.1,0.1,0.02,0.12,0.14,0.02,0.14,,,,7.0,,,,,7.0,30,38,30.104109589041094
96,Borna Sosa,DF,Croatia,24-331,Stuttgart,1998,5,5,424,4.7,0,0,0,0,0,0,0,0.0,0.0,0.0,0.0,0.0,0.1,0.1,0.4,0.4,0.01,0.08,0.09,0.01,0.09,7.4,6.8,7.3,,6.8,6.3,,,6.92,24,331,24.90684931506849
97,Boualem Khoukhi,DF,Qatar,32-162,Al Sadd SC,1990,3,3,270,3.0,0,0,0,0,0,0,0,0.0,0.0,0.0,0.0,0.0,0.0,0.0,0.0,0.0,0.0,0.0,0.0,0.0,0.0,6.3,6.4,6.8,,,,,,6.5,32,162,32.443835616438356
98,Boulaye Dia,FW,Senegal,26-032,Salernitana,1996,4,4,318,3.5,1,0,1,0,0,1,0,0.28,0.0,0.28,0.28,0.28,0.7,0.7,0.0,0.8,0.21,0.01,0.22,0.21,0.22,6.8,7.4,6.2,6.6,,,,,6.75,26,32,26.087671232876712
99,Brandon Aguilera,MF,Costa Rica,19-173,Asociación Deportiva Guanacasteca,2003,3,1,90,1.0,0,0,0,0,0,0,0,0.0,0.0,0.0,0.0,0.0,0.0,0.0,0.0,0.0,0.0,0.0,0.0,0.0,0.0,5.9,6.7,6.5,,,,,,6.37,19,173,19.473972602739725
100,Breel Embolo,FW,Switzerland,25-307,Monaco,1997,4,4,323,3.6,2,0,2,0,0,0,0,0.56,0.0,0.56,0.56,0.56,2.3,2.3,0.1,2.4,0.64,0.03,0.66,0.64,0.66,7.1,6.4,6.6,6.7,,,,,6.7,25,307,25.84109589041096
101,Brenden Aaronson,MF,United States,22-057,Leeds United,2000,4,0,108,1.2,0,0,0,0,0,0,0,0.0,0.0,0.0,0.0,0.0,0.1,0.1,0.2,0.3,0.06,0.18,0.24,0.06,0.24,6.4,6.8,6.7,6.5,,,,,6.6,22,57,22.156164383561645
102,Brennan Johnson,FW,Wales,21-209,Nott'ham Forest,2001,3,0,91,1.0,0,0,0,0,0,0,0,0.0,0.0,0.0,0.0,0.0,0.2,0.2,0.0,0.2,0.21,0.0,0.21,0.21,0.21,6.6,6.3,6.2,,,,,,6.37,21,209,21.572602739726026
103,Bruno Fernandes,FW,Portugal,28-101,Manchester Utd,1994,4,4,356,4.0,2,3,1,1,1,1,0,0.51,0.76,1.26,0.25,1.01,1.1,0.3,1.7,2.0,0.28,0.42,0.71,0.08,0.51,8.6,9.0,,8.2,8.2,,,,8.5,28,101,28.276712328767122
104,Bruno Guimarães,MF,Brazil,25-032,Newcastle Utd,1997,2,0,69,0.8,0,0,0,0,0,1,0,0.0,0.0,0.0,0.0,0.0,0.7,0.7,0.0,0.7,0.92,0.0,0.92,0.92,0.92,,6.9,6.5,,,,,,6.7,25,32,25.087671232876712
105,Bruno Petković,FW,Croatia,28-093,Dinamo Zagreb,1994,6,1,234,2.6,1,0,1,0,0,1,0,0.38,0.0,0.38,0.38,0.38,0.1,0.1,0.3,0.5,0.05,0.15,0.2,0.05,0.2,,6.6,6.8,6.7,7.3,6.6,6.8,,6.8,28,93,28.254794520547946
106,Bryan Mbeumo,FW,Cameroon,23-133,Brentford,1999,3,3,233,2.6,0,0,0,0,0,0,0,0.0,0.0,0.0,0.0,0.0,0.2,0.2,0.3,0.5,0.08,0.11,0.19,0.08,0.19,7.3,6.5,6.5,,,,,,6.77,23,133,23.364383561643837
107,Bryan Oviedo,DF,Costa Rica,32-303,Real Salt Lake,1990,3,3,260,2.9,0,0,0,0,0,0,0,0.0,0.0,0.0,0.0,0.0,0.0,0.0,0.0,0.0,0.0,0.0,0.0,0.0,0.0,6.1,6.9,6.3,,,,,,6.43,32,303,32.83013698630137
108,Bryan Ruiz,MF,Costa Rica,37-122,Liga Deportiva Alajuelense,1985,1,0,30,0.3,0,0,0,0,0,0,0,0.0,0.0,0.0,0.0,0.0,0.0,0.0,0.0,0.0,0.0,0.0,0.0,0.0,0.0,6.8,,,,,,,,6.8,37,122,37.33424657534247
109,Bukayo Saka,FW,England,21-104,Arsenal,2001,4,4,288,3.2,3,0,3,0,0,0,0,0.94,0.0,0.94,0.94,0.94,0.6,0.6,0.7,1.3,0.2,0.2,0.4,0.2,0.4,8.6,6.8,,7.8,7.7,,,,7.72,21,104,21.284931506849315
110,Callum Wilson,FW,England,30-294,Newcastle Utd,1992,2,0,48,0.5,0,1,0,0,0,0,0,0.0,1.87,1.87,0.0,1.87,0.0,0.0,0.9,0.9,0.0,1.7,1.7,0.0,1.7,7.1,,6.7,,,,,,6.9,30,294,30.805479452054794
111,Cameron Carter-Vickers,DF,United States,24-352,Celtic,1997,1,1,90,1.0,0,0,0,0,0,0,0,0.0,0.0,0.0,0.0,0.0,0.0,0.0,0.0,0.0,0.0,0.0,0.0,0.0,0.0,,,7.1,,,,,,7.1,24,352,24.964383561643835
112,Carlos Gruezo,MF,Ecuador,27-243,Augsburg,1995,1,1,45,0.5,0,0,0,0,0,0,0,0.0,0.0,0.0,0.0,0.0,0.0,0.0,0.0,0.0,0.0,0.0,0.0,0.0,0.0,,,6.6,,,,,,6.6,27,243,27.665753424657535
113,Carlos Martínez,DF,Costa Rica,23-263,AD San Carlos,1999,1,1,45,0.5,0,0,0,0,0,0,0,0.0,0.0,0.0,0.0,0.0,0.0,0.0,0.0,0.0,0.0,0.0,0.0,0.0,0.0,6.1,,,,,,,,6.1,23,263,23.720547945205478
114,Carlos Soler,MF,Spain,25-350,Paris S-G,1997,2,0,92,1.0,1,0,1,0,0,0,0,0.98,0.0,0.98,0.98,0.98,0.5,0.5,0.2,0.7,0.78,0.26,1.04,0.78,1.04,7.4,,,7.0,,,,,7.2,25,350,25.958904109589042
115,Casemiro,MF,Brazil,30-298,Manchester Utd,1992,4,4,390,4.3,1,0,1,0,0,1,0,0.23,0.0,0.23,0.23,0.23,0.4,0.4,0.1,0.6,0.1,0.04,0.14,0.1,0.14,7.8,7.7,,7.1,7.3,,,,7.48,30,298,30.816438356164383
116,Celso Borges,MF,Costa Rica,34-205,Liga Deportiva Alajuelense,1988,3,3,249,2.8,0,0,0,0,0,1,0,0.0,0.0,0.0,0.0,0.0,0.0,0.0,0.0,0.0,0.0,0.02,0.02,0.0,0.02,6.7,7.1,6.7,,,,,,6.83,34,205,34.56164383561644
117,Charles De Ketelaere,FW,Belgium,21-283,Milan,2001,1,0,16,0.2,0,0,0,0,0,0,0,0.0,0.0,0.0,0.0,0.0,0.0,0.0,0.0,0.0,0.0,0.0,0.0,0.0,0.0,,6.4,,,,,,,6.4,21,283,21.775342465753425
118,Charly Rodríguez,MF,Mexico,25-349,Cruz Azul,1997,2,0,34,0.4,0,0,0,0,0,0,0,0.0,0.0,0.0,0.0,0.0,0.0,0.0,0.0,0.0,0.0,0.0,0.0,0.0,0.0,,,,,,,,,,25,349,25.956164383561642
119,Cheikhou Kouyaté,MF,Senegal,32-362,Nott'ham Forest,1989,1,1,72,0.8,0,0,0,0,0,0,0,0.0,0.0,0.0,0.0,0.0,0.0,0.0,0.0,0.0,0.0,0.05,0.05,0.0,0.05,7.1,,,,,,,,7.1,32,362,32.99178082191781
120,Cho Guesung,FW,Korea Republic,24-327,Jeonbuk,1998,4,3,275,3.1,2,0,2,0,0,1,0,0.65,0.0,0.65,0.65,0.65,1.1,1.1,0.0,1.1,0.35,0.01,0.36,0.35,0.36,,,,,,,,,,24,327,24.895890410958906
121,Cho Yumin,FW,Korea Republic,26-031,Daejeon Citizen FC,1996,1,0,1,0.0,0,0,0,0,0,0,0,0.0,0.0,0.0,0.0,0.0,0.0,0.0,0.0,0.0,0.0,0.0,0.0,0.0,0.0,,,,,,,,,,26,31,26.084931506849315
122,Chris Mepham,DF,Wales,25-043,Bournemouth,1997,3,3,270,3.0,0,0,0,0,0,1,0,0.0,0.0,0.0,0.0,0.0,0.0,0.0,0.2,0.2,0.0,0.07,0.07,0.0,0.07,7.2,6.7,6.6,,,,,,6.83,25,43,25.117808219178084
123,Christian Bassogog,MF,Cameroon,27-061,Shanghai Shen,1995,1,0,24,0.3,0,0,0,0,0,1,0,0.0,0.0,0.0,0.0,0.0,0.0,0.0,0.0,0.0,0.0,0.0,0.0,0.0,0.0,,6.7,,,,,,,6.7,27,61,27.167123287671235
124,Christian Eriksen,MF,Denmark,30-307,Manchester Utd,1992,3,3,270,3.0,0,0,0,0,0,0,0,0.0,0.0,0.0,0.0,0.0,0.2,0.2,0.4,0.6,0.06,0.14,0.2,0.06,0.2,7.3,7.4,7.4,,,,,,7.37,30,307,30.84109589041096
125,Christian Fassnacht,FW,Switzerland,29-037,Young Boys,1993,1,0,8,0.1,0,0,0,0,0,0,0,0.0,0.0,0.0,0.0,0.0,0.2,0.2,0.0,0.2,2.58,0.0,2.58,2.58,2.58,,,6.8,,,,,,6.8,29,37,29.101369863013698
126,Christian Nørgaard,MF,Denmark,28-283,Brentford,1994,1,0,6,0.1,0,0,0,0,0,0,0,0.0,0.0,0.0,0.0,0.0,0.0,0.0,0.0,0.0,0.0,0.0,0.0,0.0,0.0,,6.5,,,,,,,6.5,28,283,28.775342465753425
127,Christian Pulisic,FW,United States,24-091,Chelsea,1998,4,4,315,3.5,1,2,1,0,0,0,0,0.29,0.57,0.86,0.29,0.86,1.1,1.1,0.9,2.0,0.3,0.26,0.56,0.3,0.56,,,,,,,,,,24,91,24.24931506849315
128,Christopher Wooh,DF,Cameroon,21-091,Rennes,2001,1,1,90,1.0,0,0,0,0,0,0,0,0.0,0.0,0.0,0.0,0.0,0.0,0.0,0.0,0.0,0.04,0.0,0.04,0.04,0.04,,,7.0,,,,,,7.0,21,91,21.24931506849315
129,Cody Gakpo,FW,Netherlands,23-225,PSV Eindhoven,1999,5,5,450,5.0,3,0,3,0,0,0,0,0.6,0.0,0.6,0.6,0.6,0.3,0.3,0.6,0.9,0.06,0.12,0.18,0.06,0.18,7.7,7.2,7.7,7.8,6.6,,,,7.4,23,225,23.616438356164384
130,Collins Fai,DF,Cameroon,30-127,Al-Ta'ee,1992,3,3,270,3.0,0,0,0,0,0,2,0,0.0,0.0,0.0,0.0,0.0,0.0,0.0,0.0,0.1,0.01,0.01,0.02,0.01,0.02,6.5,6.5,7.0,,,,,,6.67,30,127,30.34794520547945
131,Connor Roberts,DF,Wales,27-086,Burnley,1995,3,2,200,2.2,0,0,0,0,0,0,0,0.0,0.0,0.0,0.0,0.0,0.0,0.0,0.4,0.4,0.0,0.16,0.16,0.0,0.16,7.1,7.0,6.3,,,,,,6.8,27,86,27.235616438356164
132,Craig Goodwin,MF,Australia,31-002,Adelaide,1991,4,3,234,2.6,1,1,1,0,0,0,0,0.38,0.38,0.77,0.38,0.77,0.3,0.3,0.6,0.9,0.11,0.25,0.36,0.11,0.36,6.9,7.3,6.6,7.5,,,,,7.07,31,2,31.005479452054793
133,Cristian Romero,DF,Argentina,24-235,Tottenham,1998,7,6,547,6.1,0,0,0,0,0,2,0,0.0,0.0,0.0,0.0,0.0,0.0,0.0,0.0,0.0,0.0,0.0,0.0,0.0,0.0,6.7,6.6,6.8,6.7,6.9,7.1,,6.6,6.77,24,235,24.643835616438356
134,Cristiano Ronaldo,FW,Portugal,37-316,Manchester Utd,1985,5,3,290,3.2,1,0,0,1,1,0,0,0.31,0.0,0.31,0.0,0.0,1.6,0.8,0.1,1.0,0.51,0.04,0.55,0.26,0.3,7.0,6.8,5.6,6.5,6.8,,,,6.54,37,316,37.865753424657534
135,Cyle Larin,FW,Canada,27-245,Club Brugge,1995,3,2,137,1.5,0,0,0,0,0,0,0,0.0,0.0,0.0,0.0,0.0,0.2,0.2,0.5,0.7,0.16,0.34,0.49,0.16,0.49,6.9,6.3,6.5,,,,,,6.57,27,245,27.671232876712327
136,César Azpilicueta,DF,Spain,33-112,Chelsea,1989,2,2,135,1.5,0,1,0,0,0,0,0,0.0,0.67,0.67,0.0,0.67,0.0,0.0,0.7,0.7,0.0,0.45,0.45,0.0,0.45,7.6,,7.3,,,,,,7.45,33,112,33.30684931506849
137,César Montes,DF,Mexico,25-297,Monterrey,1997,3,3,270,3.0,0,1,0,0,0,0,0,0.0,0.33,0.33,0.0,0.33,0.2,0.2,0.5,0.7,0.06,0.17,0.23,0.06,0.23,7.0,6.8,7.3,,,,,,7.03,25,297,25.813698630136987
138,Daichi Kamada,FW,Japan,26-135,Eint Frankfurt,1996,4,4,322,3.6,0,0,0,0,0,0,0,0.0,0.0,0.0,0.0,0.0,0.6,0.6,0.0,0.7,0.18,0.01,0.19,0.18,0.19,6.8,6.6,6.3,6.9,,,,,6.65,26,135,26.36986301369863
139,Daizen Maeda,FW,Japan,25-059,Celtic,1997,3,3,180,2.0,1,0,1,0,0,0,0,0.5,0.0,0.5,0.5,0.5,0.5,0.5,0.0,0.5,0.24,0.0,0.24,0.24,0.24,6.6,,6.7,7.4,,,,,6.9,25,59,25.161643835616438
140,Daley Blind,DF,Netherlands,32-284,Ajax,1990,5,5,423,4.7,1,1,1,0,0,0,0,0.21,0.21,0.43,0.21,0.43,0.4,0.4,0.5,0.8,0.08,0.1,0.18,0.08,0.18,7.1,6.9,7.5,8.8,6.9,,,,7.44,32,284,32.778082191780825
141,Damian Szymański,MF,Poland,27-185,AEK Athens,1995,1,0,29,0.3,0,0,0,0,0,0,0,0.0,0.0,0.0,0.0,0.0,0.0,0.0,0.0,0.0,0.0,0.0,0.0,0.0,0.0,,,6.5,,,,,,6.5,27,185,27.506849315068493
142,Dani Alves,DF,Brazil,39-226,UNAM,1983,2,1,118,1.3,0,0,0,0,0,0,0,0.0,0.0,0.0,0.0,0.0,0.2,0.2,0.0,0.2,0.14,0.0,0.14,0.14,0.14,,,7.1,6.7,,,,,6.9,39,226,39.61917808219178
143,Dani Carvajal,DF,Spain,30-341,Real Madrid,1992,2,1,135,1.5,0,0,0,0,0,0,0,0.0,0.0,0.0,0.0,0.0,0.0,0.0,0.0,0.0,0.0,0.0,0.0,0.0,0.0,,6.6,6.8,,,,,,6.7,30,341,30.934246575342467
144,Dani Olmo,FW,Spain,24-225,RB Leipzig,1998,4,4,367,4.1,1,1,1,0,0,0,0,0.25,0.25,0.49,0.25,0.49,1.4,1.4,0.5,1.9,0.34,0.11,0.46,0.34,0.46,8.1,7.2,6.6,7.3,,,,,7.3,24,225,24.616438356164384
145,Daniel Amartey,DF,Ghana,27-362,Leicester City,1994,3,3,251,2.8,0,0,0,0,0,2,0,0.0,0.0,0.0,0.0,0.0,0.2,0.2,0.1,0.3,0.08,0.03,0.1,0.08,0.1,6.6,7.1,7.0,,,,,,6.9,27,362,27.991780821917807
146,Daniel Chacón,MF,Costa Rica,21-251,CS Cartaginés,2001,1,0,1,0.0,0,0,0,0,0,0,0,0.0,0.0,0.0,0.0,0.0,0.0,0.0,0.0,0.0,0.0,0.0,0.0,0.0,0.0,,,,,,,,,,21,251,21.687671232876713
147,Daniel James,FW,Wales,25-038,Fulham,1997,3,2,154,1.7,0,0,0,0,0,1,0,0.0,0.0,0.0,0.0,0.0,0.0,0.0,0.0,0.0,0.0,0.02,0.02,0.0,0.02,6.3,6.6,6.2,,,,,,6.37,25,38,25.104109589041094
148,Daniel Kyereh,MF,Ghana,26-285,Freiburg,1996,3,0,33,0.4,0,0,0,0,0,0,0,0.0,0.0,0.0,0.0,0.0,0.0,0.0,0.0,0.0,0.0,0.0,0.0,0.0,0.0,,,,,,,,,,26,285,26.78082191780822
149,Danilo,DF,Brazil,31-156,Juventus,1991,3,3,281,3.1,0,0,0,0,0,1,0,0.0,0.0,0.0,0.0,0.0,0.0,0.0,0.0,0.0,0.01,0.0,0.01,0.01,0.01,7.2,,,6.6,7.1,,,,6.97,31,156,31.427397260273974
150,Danilo Pereira,DF,Portugal,31-100,Paris S-G,1991,1,1,90,1.0,0,0,0,0,0,1,0,0.0,0.0,0.0,0.0,0.0,0.0,0.0,0.0,0.0,0.0,0.0,0.0,0.0,0.0,6.6,,,,,,,,6.6,31,100,31.273972602739725
151,Danny Ward,GK,Wales,29-179,Leicester City,1993,2,1,94,1.0,0,0,0,0,0,0,0,0.0,0.0,0.0,0.0,0.0,0.0,0.0,0.0,0.0,0.0,0.0,0.0,0.0,0.0,,5.9,6.1,,,,,,6.0,29,179,29.49041095890411
152,Darko Lazović,DF,Serbia,32-094,Hellas Verona,1990,1,0,25,0.3,0,0,0,0,0,0,0,0.0,0.0,0.0,0.0,0.0,0.0,0.0,0.0,0.0,0.05,0.0,0.05,0.05,0.05,6.5,,,,,,,,6.5,32,94,32.25753424657534
153,Darwin Núñez,FW,Uruguay,23-177,Liverpool,1999,3,3,240,2.7,0,0,0,0,0,1,0,0.0,0.0,0.0,0.0,0.0,0.4,0.4,0.2,0.6,0.14,0.09,0.23,0.14,0.23,6.5,6.5,6.4,,,,,,6.47,23,177,23.484931506849314
154,David Raum,DF,Germany,24-240,RB Leipzig,1998,3,3,242,2.7,0,1,0,0,0,0,0,0.0,0.37,0.37,0.0,0.37,0.0,0.0,0.6,0.6,0.0,0.22,0.22,0.0,0.22,8.1,7.2,7.3,,,,,,7.53,24,240,24.65753424657534
155,David Wotherspoon,MF,Canada,32-336,St Johnstone,1990,1,0,15,0.2,0,0,0,0,0,0,0,0.0,0.0,0.0,0.0,0.0,0.0,0.0,0.0,0.0,0.0,0.0,0.0,0.0,0.0,,,6.8,,,,,,6.8,32,336,32.92054794520548
156,Davy Klaassen,MF,Netherlands,29-300,Ajax,1993,4,3,190,2.1,1,2,1,0,0,0,0,0.47,0.95,1.42,0.47,1.42,0.2,0.2,0.3,0.5,0.11,0.14,0.25,0.11,0.25,7.4,6.9,7.3,6.6,,,,,7.05,29,300,29.82191780821918
157,Dayot Upamecano,DF,France,24-052,Bayern Munich,1998,5,5,480,5.3,0,0,0,0,0,0,0,0.0,0.0,0.0,0.0,0.0,0.0,0.0,0.1,0.1,0.01,0.02,0.03,0.01,0.03,7.7,7.1,,6.8,6.7,,,6.7,7.0,24,52,24.14246575342466
158,DeAndre Yedlin,DF,United States,29-162,Inter Miami,1993,2,0,33,0.4,0,0,0,0,0,0,0,0.0,0.0,0.0,0.0,0.0,0.0,0.0,0.0,0.0,0.0,0.0,0.0,0.0,0.0,6.4,,,6.5,,,,,6.45,29,162,29.443835616438356
159,Declan Rice,MF,England,23-338,West Ham,1999,5,5,417,4.6,0,0,0,0,0,0,0,0.0,0.0,0.0,0.0,0.0,0.0,0.0,0.0,0.0,0.0,0.01,0.01,0.0,0.01,7.0,7.1,6.9,6.9,7.1,,,,7.0,23,338,23.926027397260274
160,Dejan Lovren,DF,Croatia,33-166,Zenit,1989,6,6,600,6.7,0,1,0,0,0,1,0,0.0,0.15,0.15,0.0,0.15,0.3,0.3,0.0,0.3,0.04,0.01,0.05,0.04,0.05,8.1,6.7,6.9,7.4,7.3,6.6,,,7.17,33,166,33.45479452054794
161,Denis Odoi,DF,Ghana,34-205,Club Brugge,1988,1,0,13,0.1,0,0,0,0,0,0,0,0.0,0.0,0.0,0.0,0.0,0.0,0.0,0.0,0.0,0.0,0.0,0.0,0.0,0.0,,7.0,,,,,,,7.0,34,205,34.56164383561644
162,Denis Zakaria,MF,Switzerland,26-028,Chelsea,1996,2,0,59,0.7,0,0,0,0,0,0,0,0.0,0.0,0.0,0.0,0.0,0.0,0.0,0.0,0.0,0.07,0.0,0.07,0.07,0.07,,,6.7,6.2,,,,,6.45,26,28,26.076712328767123
163,Denzel Dumfries,DF,Netherlands,26-244,Inter,1996,5,5,479,5.3,1,2,1,0,0,2,1,0.19,0.38,0.56,0.19,0.56,0.4,0.4,0.3,0.7,0.08,0.06,0.14,0.08,0.14,6.4,6.7,6.9,8.7,6.0,,,,6.94,26,244,26.66849315068493
164,Devis Epassy,GK,Cameroon,29-319,Abha,1993,2,2,180,2.0,0,0,0,0,0,0,0,0.0,0.0,0.0,0.0,0.0,0.0,0.0,0.0,0.0,0.0,0.0,0.0,0.0,0.0,,6.6,9.3,,,,,,7.95,29,319,29.873972602739727
165,Diego Godín,DF,Uruguay,36-305,Vélez Sarsf,1986,2,2,151,1.7,0,0,0,0,0,0,0,0.0,0.0,0.0,0.0,0.0,0.1,0.1,0.0,0.1,0.03,0.0,0.03,0.03,0.03,7.7,6.5,,,,,,,7.1,36,305,36.83561643835616
166,Diogo Costa,GK,Portugal,23-090,Porto,1999,5,5,450,5.0,0,0,0,0,0,0,0,0.0,0.0,0.0,0.0,0.0,0.0,0.0,0.0,0.0,0.0,0.01,0.01,0.0,0.01,6.5,7.1,7.1,6.4,6.0,,,,6.62,23,90,23.246575342465754
167,Diogo Dalot,DF,Portugal,23-275,Manchester Utd,1999,3,3,258,2.9,0,2,0,0,0,0,0,0.0,0.7,0.7,0.0,0.7,0.0,0.0,0.7,0.8,0.01,0.25,0.26,0.01,0.26,,,7.4,8.3,7.0,,,,7.57,23,275,23.753424657534246
168,Djibril Sow,MF,Switzerland,25-315,Eint Frankfurt,1997,4,4,264,2.9,0,1,0,0,0,0,0,0.0,0.34,0.34,0.0,0.34,0.2,0.2,0.2,0.3,0.06,0.06,0.12,0.06,0.12,6.6,6.8,6.9,6.4,,,,,6.68,25,315,25.863013698630137
169,Djorkaeff Reasco,FW,Ecuador,23-334,Newell's OB,1999,1,0,27,0.3,0,0,0,0,0,0,0,0.0,0.0,0.0,0.0,0.0,0.0,0.0,0.0,0.0,0.0,0.0,0.0,0.0,0.0,,,6.4,,,,,,6.4,23,334,23.915068493150685
170,Dominik Livaković,GK,Croatia,27-343,Dinamo Zagreb,1995,7,7,690,7.7,0,0,0,0,0,1,0,0.0,0.0,0.0,0.0,0.0,0.0,0.0,0.0,0.0,0.0,0.0,0.0,0.0,0.0,7.3,6.8,7.5,8.3,9.2,6.7,7.0,,7.54,27,343,27.93972602739726
171,Dries Mertens,MF,Belgium,35-226,Galatasaray,1987,2,1,76,0.8,0,0,0,0,0,0,0,0.0,0.0,0.0,0.0,0.0,0.8,0.8,0.1,0.9,0.94,0.17,1.11,0.94,1.11,,6.8,6.7,,,,,,6.75,35,226,35.61917808219178
172,Dušan Tadić,MF,Serbia,34-028,Ajax,1988,3,3,257,2.9,0,2,0,0,0,0,0,0.0,0.7,0.7,0.0,0.7,0.1,0.1,0.7,0.8,0.03,0.25,0.28,0.03,0.28,7.0,7.5,8.0,,,,,,7.5,34,28,34.07671232876712
173,Dušan Vlahović,FW,Serbia,22-324,Juventus,2000,2,1,79,0.9,1,0,1,0,0,0,0,1.14,0.0,1.14,1.14,1.14,0.8,0.8,0.0,0.8,0.92,0.0,0.92,0.92,0.92,6.4,,7.0,,,,,,6.7,22,324,22.887671232876713
174,Dylan Bronn,DF,Tunisia,27-182,Salernitana,1995,2,2,162,1.8,0,0,0,0,0,0,0,0.0,0.0,0.0,0.0,0.0,0.1,0.1,0.0,0.1,0.04,0.0,0.04,0.04,0.04,7.0,6.3,,,,,,,6.65,27,182,27.4986301369863
175,Eden Hazard,MF,Belgium,31-345,Real Madrid,1991,3,2,124,1.4,0,0,0,0,0,0,0,0.0,0.0,0.0,0.0,0.0,0.1,0.1,0.0,0.1,0.04,0.01,0.05,0.04,0.05,6.9,6.6,6.6,,,,,,6.7,31,345,31.945205479452056
176,Ederson,GK,Brazil,29-123,Manchester City,1993,1,1,90,1.0,0,0,0,0,0,0,0,0.0,0.0,0.0,0.0,0.0,0.0,0.0,0.0,0.0,0.0,0.0,0.0,0.0,0.0,,,7.1,,,,,,7.1,29,123,29.336986301369862
177,Edimilson Fernandes,FW,Switzerland,26-247,Mainz 05,1996,3,1,145,1.6,0,0,0,0,0,0,0,0.0,0.0,0.0,0.0,0.0,0.0,0.0,0.3,0.4,0.02,0.21,0.23,0.02,0.23,,6.5,6.8,6.0,,,,,6.43,26,247,26.676712328767124
178,Edinson Cavani,FW,Uruguay,35-307,Valencia,1987,3,1,124,1.4,0,0,0,0,0,1,0,0.0,0.0,0.0,0.0,0.0,0.3,0.3,0.7,1.0,0.21,0.5,0.71,0.21,0.71,6.8,7.0,6.9,,,,,,6.9,35,307,35.84109589041096
179,Edouard Mendy,GK,Senegal,30-292,Chelsea,1992,4,4,360,4.0,0,0,0,0,0,0,0,0.0,0.0,0.0,0.0,0.0,0.0,0.0,0.0,0.0,0.0,0.01,0.01,0.0,0.01,6.2,7.1,6.6,6.2,,,,,6.52,30,292,30.8
180,Edson Álvarez,MF,Mexico,25-055,Ajax,1997,2,2,175,1.9,0,0,0,0,0,1,0,0.0,0.0,0.0,0.0,0.0,0.0,0.0,0.2,0.2,0.01,0.11,0.12,0.01,0.12,7.3,,6.9,,,,,,7.1,25,55,25.15068493150685
181,Eduardo Camavinga,DF,France,20-038,Real Madrid,2002,2,1,140,1.6,0,0,0,0,0,0,0,0.0,0.0,0.0,0.0,0.0,0.0,0.0,0.1,0.1,0.0,0.11,0.11,0.0,0.11,,,7.8,,,,,7.1,7.45,20,38,20.104109589041094
182,Ehsan Hajsafi,MF,IR Iran,32-296,AEK Athens,1990,3,3,237,2.6,0,0,0,0,0,0,0,0.0,0.0,0.0,0.0,0.0,0.2,0.2,0.2,0.4,0.06,0.08,0.15,0.06,0.15,6.2,7.1,6.5,,,,,,6.6,32,296,32.81095890410959
183,Ellyes Skhiri,MF,Tunisia,27-222,Köln,1995,3,3,270,3.0,0,0,0,0,0,0,0,0.0,0.0,0.0,0.0,0.0,0.1,0.1,0.1,0.2,0.02,0.05,0.07,0.02,0.07,7.1,6.9,7.1,,,,,,7.03,27,222,27.60821917808219
184,Emiliano Martínez,GK,Argentina,30-107,Aston Villa,1992,7,7,690,7.7,0,0,0,0,0,1,0,0.0,0.0,0.0,0.0,0.0,0.0,0.0,0.0,0.0,0.0,0.0,0.0,0.0,0.0,6.1,7.0,6.7,6.5,6.9,7.6,,6.9,6.81,30,107,30.293150684931508
185,Enner Valencia,FW,Ecuador,33-044,Fenerbahçe,1989,3,3,255,2.8,3,0,2,1,1,0,0,1.06,0.0,1.06,0.71,0.71,2.3,1.5,0.3,1.8,0.8,0.1,0.9,0.52,0.62,8.9,7.2,6.4,,,,,,7.5,33,44,33.12054794520548
186,Enzo Ebosse,DF,Cameroon,23-282,Udinese,1999,1,1,90,1.0,0,0,0,0,0,0,0,0.0,0.0,0.0,0.0,0.0,0.0,0.0,0.0,0.0,0.0,0.0,0.0,0.0,0.0,,,7.3,,,,,,7.3,23,282,23.77260273972603
187,Enzo Fernández,MF,Argentina,21-335,Benfica,2001,7,5,564,6.3,1,1,1,0,0,1,0,0.16,0.16,0.32,0.16,0.32,0.3,0.3,0.9,1.2,0.05,0.16,0.21,0.05,0.21,6.9,7.4,7.8,7.0,6.8,7.4,,7.2,7.21,21,335,21.91780821917808
188,Eray Cömert,DF,Switzerland,24-317,Valencia,1998,2,0,46,0.5,0,0,0,0,0,1,0,0.0,0.0,0.0,0.0,0.0,0.0,0.0,0.0,0.0,0.0,0.0,0.0,0.0,0.0,,,,5.9,,,,,5.9,24,317,24.86849315068493
189,Eric Dier,DF,England,28-337,Tottenham,1994,2,0,36,0.4,0,0,0,0,0,0,0,0.0,0.0,0.0,0.0,0.0,0.0,0.0,0.0,0.0,0.0,0.0,0.0,0.0,0.0,6.4,,,6.6,,,,,6.5,28,337,28.923287671232877
190,Eric Maxim Choupo-Moting,FW,Cameroon,33-270,Bayern Munich,1989,3,3,253,2.8,1,0,1,0,0,0,0,0.36,0.0,0.36,0.36,0.36,0.8,0.8,0.0,0.9,0.29,0.02,0.31,0.29,0.31,6.9,7.5,6.6,,,,,,7.0,33,270,33.73972602739726
191,Erick Gutiérrez,MF,Mexico,27-186,PSV Eindhoven,1995,1,0,49,0.5,0,0,0,0,0,1,0,0.0,0.0,0.0,0.0,0.0,0.0,0.0,0.0,0.0,0.0,0.0,0.0,0.0,0.0,,,,,,,,,,27,186,27.50958904109589
192,Ethan Ampadu,MF,Wales,22-095,Spezia,2000,3,3,255,2.8,0,0,0,0,0,0,0,0.0,0.0,0.0,0.0,0.0,0.0,0.0,0.1,0.2,0.01,0.04,0.05,0.01,0.05,7.0,7.0,6.9,,,,,,6.97,22,95,22.26027397260274
193,Everton Ribeiro,MF,Brazil,33-252,Flamengo,1989,1,0,36,0.4,0,0,0,0,0,0,0,0.0,0.0,0.0,0.0,0.0,0.0,0.0,0.1,0.1,0.0,0.21,0.21,0.0,0.21,,,6.6,,,,,,6.6,33,252,33.69041095890411
194,Exequiel Palacios,MF,Argentina,24-074,Leverkusen,1998,3,0,50,0.6,0,0,0,0,0,0,0,0.0,0.0,0.0,0.0,0.0,0.1,0.1,0.1,0.1,0.12,0.12,0.24,0.12,0.24,,6.5,,6.7,,6.5,,,6.57,24,74,24.202739726027396
195,Fabian Frei,MF,Switzerland,33-344,Basel,1989,2,0,25,0.3,0,0,0,0,0,0,0,0.0,0.0,0.0,0.0,0.0,0.0,0.0,0.0,0.0,0.0,0.0,0.0,0.0,0.0,6.4,6.4,,,,,,,6.4,33,344,33.942465753424656
196,Fabian Rieder,FW,Switzerland,20-305,Young Boys,2002,2,1,68,0.8,0,0,0,0,0,1,0,0.0,0.0,0.0,0.0,0.0,0.0,0.0,0.2,0.2,0.0,0.25,0.25,0.0,0.25,6.8,6.4,,,,,,,6.6,20,305,20.835616438356166
197,Fabian Schär,DF,Switzerland,30-363,Newcastle Utd,1991,2,2,135,1.5,0,0,0,0,0,2,0,0.0,0.0,0.0,0.0,0.0,0.1,0.1,0.0,0.1,0.09,0.0,0.09,0.09,0.09,,,7.0,6.1,,,,,6.55,30,363,30.994520547945207
198,Fabinho,MF,Brazil,29-056,Liverpool,1993,1,1,90,1.0,0,0,0,0,0,0,0,0.0,0.0,0.0,0.0,0.0,0.0,0.0,0.0,0.0,0.0,0.0,0.0,0.0,0.0,,,7.0,,,,,,7.0,29,56,29.153424657534245
199,Facundo Pellistri,MF,Uruguay,20-363,Manchester Utd,2001,3,2,181,2.0,0,0,0,0,0,0,0,0.0,0.0,0.0,0.0,0.0,0.2,0.2,0.2,0.4,0.08,0.09,0.17,0.08,0.17,6.6,6.6,6.5,,,,,,6.57,20,363,20.994520547945207
200,Famara Diedhiou,FW,Senegal,30-003,Alanyaspor,1992,2,1,92,1.0,1,0,1,0,0,0,0,0.98,0.0,0.98,0.98,0.98,0.2,0.2,0.0,0.2,0.19,0.03,0.22,0.19,0.22,,,,,,,,,,30,3,30.008219178082193
201,Federico Valverde,MF,Uruguay,24-149,Real Madrid,1998,3,3,270,3.0,0,0,0,0,0,0,0,0.0,0.0,0.0,0.0,0.0,0.2,0.2,0.4,0.6,0.06,0.14,0.2,0.06,0.2,7.7,7.4,7.6,,,,,,7.57,24,149,24.40821917808219
202,Ferjani Sassi,MF,Tunisia,30-275,Al Duhail SC,1992,2,0,48,0.5,0,0,0,0,0,1,0,0.0,0.0,0.0,0.0,0.0,0.0,0.0,0.0,0.0,0.04,0.0,0.04,0.04,0.04,6.5,7.0,,,,,,,6.75,30,275,30.753424657534246
203,Ferrán Torres,FW,Spain,22-292,Barcelona,2000,4,3,217,2.4,2,0,1,1,1,0,0,0.83,0.0,0.83,0.41,0.41,1.0,0.2,0.2,0.4,0.42,0.07,0.5,0.1,0.17,,,,,,,,,,22,292,22.8
204,Filip Kostić,DF,Serbia,30-047,Juventus,1992,2,2,179,2.0,0,0,0,0,0,0,0,0.0,0.0,0.0,0.0,0.0,0.0,0.0,0.0,0.1,0.01,0.02,0.03,0.01,0.03,,6.9,6.8,,,,,,6.85,30,47,30.12876712328767
205,Filip Mladenović,DF,Serbia,31-125,Legia Warsaw,1991,1,1,65,0.7,0,0,0,0,0,0,0,0.0,0.0,0.0,0.0,0.0,0.0,0.0,0.0,0.0,0.03,0.0,0.03,0.03,0.03,6.3,,,,,,,,6.3,31,125,31.34246575342466
206,Filip Đuričić,MF,Serbia,30-322,Sampdoria,1992,2,0,14,0.2,0,0,0,0,0,0,0,0.0,0.0,0.0,0.0,0.0,0.0,0.0,0.0,0.0,0.0,0.23,0.23,0.0,0.23,,,6.7,,,,,,6.7,30,322,30.882191780821916
207,Firas Al-Buraikan,MF,Saudi Arabia,22-218,Al-Fateh,2000,3,3,268,3.0,0,1,0,0,0,0,0,0.0,0.34,0.34,0.0,0.34,0.1,0.1,0.1,0.2,0.04,0.02,0.06,0.04,0.06,7.0,6.9,6.4,,,,,,6.77,22,218,22.5972602739726
208,Fodé Ballo-Touré,DF,Senegal,25-349,Milan,1997,1,0,7,0.1,0,0,0,0,0,0,0,0.0,0.0,0.0,0.0,0.0,0.0,0.0,0.0,0.0,0.0,0.0,0.0,0.0,0.0,,,,6.6,,,,,6.6,25,349,25.956164383561642
209,Fran Karačić,DF,Australia,26-220,Brescia,1996,2,1,93,1.0,0,0,0,0,0,0,0,0.0,0.0,0.0,0.0,0.0,0.2,0.2,0.1,0.3,0.17,0.09,0.27,0.17,0.27,,7.2,,6.9,,,,,7.05,26,220,26.602739726027398
210,Francisco Calvo,DF,Costa Rica,30-163,Konyaspor,1992,2,2,180,2.0,0,0,0,0,0,2,0,0.0,0.0,0.0,0.0,0.0,0.0,0.0,0.0,0.0,0.01,0.0,0.01,0.01,0.01,5.4,7.1,,,,,,,6.25,30,163,30.446575342465753
211,Fred,MF,Brazil,29-288,Manchester Utd,1993,4,2,142,1.6,0,0,0,0,0,1,0,0.0,0.0,0.0,0.0,0.0,0.3,0.3,0.2,0.6,0.23,0.16,0.39,0.23,0.39,6.8,6.8,7.2,,6.5,,,,6.82,29,288,29.78904109589041
212,Frenkie de Jong,MF,Netherlands,25-220,Barcelona,1997,5,5,475,5.3,1,1,1,0,0,1,0,0.19,0.19,0.38,0.19,0.38,0.9,0.9,0.2,1.1,0.18,0.04,0.22,0.18,0.22,7.8,7.3,7.7,6.8,6.7,,,,7.26,25,220,25.602739726027398
213,Félix Torres Caicedo,DF,Ecuador,25-341,Santos,1997,3,3,270,3.0,0,1,0,0,0,0,0,0.0,0.33,0.33,0.0,0.33,0.1,0.1,0.4,0.6,0.04,0.15,0.19,0.04,0.19,,,,,,,,,,25,341,25.934246575342467
214,Gabriel Jesus,FW,Brazil,25-259,Arsenal,1997,3,1,93,1.0,0,0,0,0,0,0,0,0.0,0.0,0.0,0.0,0.0,0.4,0.4,0.2,0.6,0.35,0.23,0.58,0.35,0.58,6.7,7.1,7.1,,,,,,6.97,25,259,25.70958904109589
215,Garang Kuol,FW,Australia,18-094,Central Coast,2004,2,0,37,0.4,0,0,0,0,0,0,0,0.0,0.0,0.0,0.0,0.0,0.4,0.4,0.0,0.4,0.92,0.0,0.92,0.92,0.92,6.4,,,6.3,,,,,6.35,18,94,18.257534246575343
216,Gareth Bale,FW,Wales,33-155,Los Angeles FC,1989,3,3,225,2.5,1,0,0,1,1,1,0,0.4,0.0,0.4,0.0,0.0,0.8,0.0,0.2,0.2,0.32,0.08,0.41,0.01,0.09,7.5,6.8,6.4,,,,,,6.9,33,155,33.42465753424658
217,Gavi,MF,Spain,18-135,Barcelona,2004,4,4,284,3.2,1,0,1,0,0,0,0,0.32,0.0,0.32,0.32,0.32,0.1,0.1,0.1,0.2,0.04,0.03,0.07,0.04,0.07,7.8,6.8,7.1,6.7,,,,,7.1,18,135,18.36986301369863
218,Gaël Ondoua,MF,Cameroon,27-044,Hannover 96,1995,2,0,47,0.5,0,0,0,0,0,0,0,0.0,0.0,0.0,0.0,0.0,0.0,0.0,0.0,0.0,0.0,0.0,0.0,0.0,0.0,6.6,6.8,,,,,,,6.7,27,44,27.12054794520548
219,Georges-Kévin N'Koudou,FW,Cameroon,27-308,Beşiktaş,1995,2,0,27,0.3,0,0,0,0,0,0,0,0.0,0.0,0.0,0.0,0.0,0.0,0.0,0.0,0.0,0.13,0.0,0.13,0.13,0.13,6.2,6.8,,,,,,,6.5,27,308,27.843835616438355
220,Germán Pezzella,DF,Argentina,31-174,Betis,1991,3,0,60,0.7,0,0,0,0,0,1,0,0.0,0.0,0.0,0.0,0.0,0.1,0.1,0.0,0.1,0.24,0.0,0.24,0.24,0.24,,,6.6,,6.1,,,6.2,6.3,31,174,31.476712328767125
221,Gerson Torres,MF,Costa Rica,25-112,Club Sport Herediano,1997,1,1,64,0.7,0,0,0,0,0,0,0,0.0,0.0,0.0,0.0,0.0,0.0,0.0,0.0,0.0,0.02,0.0,0.02,0.02,0.02,,6.5,,,,,,,6.5,25,112,25.306849315068494
222,Ghaylène Chaalali,MF,Tunisia,28-293,Espérance de Tunis,1994,1,0,17,0.2,0,0,0,0,0,0,0,0.0,0.0,0.0,0.0,0.0,0.0,0.0,0.0,0.0,0.0,0.0,0.0,0.0,0.0,,,,,,,,,,28,293,28.802739726027397
223,Gideon Mensah,DF,Ghana,24-153,Auxerre,1998,1,1,87,1.0,0,1,0,0,0,0,0,0.0,1.03,1.03,0.0,1.03,0.0,0.0,0.3,0.3,0.0,0.28,0.28,0.0,0.28,,6.9,,,,,,,6.9,24,153,24.41917808219178
224,Gio Reyna,FW,United States,20-035,Dortmund,2002,2,0,53,0.6,0,0,0,0,0,0,0,0.0,0.0,0.0,0.0,0.0,0.1,0.1,0.2,0.2,0.1,0.28,0.38,0.1,0.38,,,,,,,,,,20,35,20.095890410958905
225,Giorgian De Arrascaeta,MF,Uruguay,28-200,Flamengo,1994,2,1,108,1.2,2,0,2,0,0,0,0,1.67,0.0,1.67,1.67,1.67,1.2,1.2,0.5,1.7,1.01,0.45,1.45,1.01,1.45,,,,,,,,,,28,200,28.54794520547945
226,Gleison Bremer,DF,Brazil,25-275,Juventus,1997,2,1,109,1.2,0,0,0,0,0,0,0,0.0,0.0,0.0,0.0,0.0,0.2,0.2,0.0,0.2,0.14,0.0,0.14,0.14,0.14,,,,,,,,,,25,275,25.753424657534246
227,Gonzalo Montiel,DF,Argentina,25-351,Sevilla,1997,4,1,118,1.3,0,0,0,0,0,3,0,0.0,0.0,0.0,0.0,0.0,0.0,0.0,0.3,0.4,0.02,0.42,0.44,0.02,0.44,,6.4,,6.7,6.9,,,6.3,6.58,25,351,25.96164383561644
228,Gonzalo Plata,MF,Ecuador,22-047,Valladolid,2000,3,3,269,3.0,0,0,0,0,0,0,0,0.0,0.0,0.0,0.0,0.0,0.1,0.1,0.2,0.3,0.05,0.06,0.11,0.05,0.11,6.6,6.5,7.1,,,,,,6.73,22,47,22.12876712328767
229,Gonçalo Ramos,FW,Portugal,21-181,Benfica,2001,4,2,152,1.7,3,1,3,0,0,0,0,1.78,0.59,2.37,1.78,2.37,1.6,1.6,0.4,1.9,0.93,0.21,1.13,0.93,1.13,6.7,6.5,,9.9,6.2,,,,7.32,21,181,21.495890410958904
230,Granit Xhaka,MF,Switzerland,30-082,Arsenal,1992,4,4,360,4.0,0,0,0,0,0,1,0,0.0,0.0,0.0,0.0,0.0,0.3,0.3,0.1,0.4,0.08,0.02,0.1,0.08,0.1,7.1,6.8,7.3,6.8,,,,,7.0,30,82,30.224657534246575
231,Gregor Kobel,GK,Switzerland,25-012,Dortmund,1997,1,1,90,1.0,0,0,0,0,0,0,0,0.0,0.0,0.0,0.0,0.0,0.0,0.0,0.0,0.0,0.0,0.0,0.0,0.0,0.0,,,6.2,,,,,,6.2,25,12,25.03287671232877
232,Grzegorz Krychowiak,MF,Poland,32-323,Al-Shabab,1990,4,4,332,3.7,0,0,0,0,0,1,0,0.0,0.0,0.0,0.0,0.0,0.0,0.0,0.2,0.2,0.01,0.05,0.05,0.01,0.05,7.0,7.0,6.8,6.9,,,,,6.92,32,323,32.88493150684931
233,Guido Rodríguez,MF,Argentina,28-250,Betis,1994,1,1,56,0.6,0,0,0,0,0,0,0,0.0,0.0,0.0,0.0,0.0,0.0,0.0,0.0,0.0,0.0,0.0,0.0,0.0,0.0,,6.8,,,,,,,6.8,28,250,28.684931506849313
234,Guillermo Ochoa,GK,Mexico,37-158,América,1985,3,3,270,3.0,0,0,0,0,0,0,0,0.0,0.0,0.0,0.0,0.0,0.0,0.0,0.0,0.0,0.0,0.0,0.0,0.0,0.0,7.6,6.0,7.0,,,,,,6.87,37,158,37.43287671232877
235,Guillermo Varela,DF,Uruguay,29-269,Flamengo,1993,3,2,183,2.0,0,0,0,0,0,0,0,0.0,0.0,0.0,0.0,0.0,0.0,0.0,0.1,0.1,0.0,0.05,0.05,0.0,0.05,6.5,6.7,7.2,,,,,,6.8,29,269,29.736986301369864
236,Haji Wright,FW,United States,24-266,Antalyaspor,1998,4,1,137,1.5,1,0,1,0,0,0,0,0.66,0.0,0.66,0.66,0.66,0.5,0.5,0.0,0.6,0.35,0.02,0.37,0.35,0.37,6.7,6.6,6.9,7.2,,,,,6.85,24,266,24.72876712328767
237,Hakim Ziyech,FW,Morocco,29-274,Chelsea,1993,7,7,635,7.1,1,1,1,0,0,0,0,0.14,0.14,0.28,0.14,0.28,0.4,0.4,0.7,1.1,0.06,0.1,0.16,0.06,0.16,6.8,7.7,7.5,6.2,6.8,6.3,7.7,,7.0,29,274,29.75068493150685
238,Hannibal Mejbri,MF,Tunisia,19-331,Birmingham City,2003,1,0,11,0.1,0,0,0,0,0,0,0,0.0,0.0,0.0,0.0,0.0,0.0,0.0,0.0,0.0,0.0,0.0,0.0,0.0,0.0,6.6,,,,,,,,6.6,19,331,19.90684931506849
239,Haris Seferović,FW,Switzerland,30-299,Galatasaray,1992,3,0,71,0.8,0,0,0,0,0,0,0,0.0,0.0,0.0,0.0,0.0,0.2,0.2,0.0,0.2,0.24,0.03,0.27,0.24,0.27,6.5,6.4,,6.7,,,,,6.53,30,299,30.81917808219178
240,Harry Kane,FW,England,29-143,Tottenham,1993,5,5,402,4.5,2,3,1,1,2,0,0,0.45,0.67,1.12,0.22,0.9,2.7,1.1,1.5,2.6,0.6,0.34,0.94,0.25,0.59,7.9,6.6,7.6,7.8,6.8,,,,7.34,29,143,29.39178082191781
241,Harry Maguire,DF,England,29-288,Manchester Utd,1993,5,5,429,4.8,0,1,0,0,0,1,0,0.0,0.21,0.21,0.0,0.21,0.4,0.4,0.0,0.4,0.08,0.01,0.09,0.08,0.09,7.6,7.8,7.4,7.4,7.3,,,,7.5,29,288,29.78904109589041
242,Harry Souttar,DF,Australia,24-057,Stoke City,1998,4,4,360,4.0,0,0,0,0,0,0,0,0.0,0.0,0.0,0.0,0.0,0.1,0.1,0.0,0.1,0.02,0.01,0.03,0.02,0.03,6.1,7.7,7.4,6.7,,,,,6.98,24,57,24.156164383561645
243,Harry Wilson,MF,Wales,25-271,Fulham,1997,3,2,160,1.8,0,0,0,0,0,0,0,0.0,0.0,0.0,0.0,0.0,0.1,0.1,0.5,0.6,0.05,0.28,0.33,0.05,0.33,7.4,6.9,6.6,,,,,,6.97,25,271,25.742465753424657
244,Hassan Al Tambakti,DF,Saudi Arabia,23-312,Al-Shabab,1999,2,2,180,2.0,0,0,0,0,0,1,0,0.0,0.0,0.0,0.0,0.0,0.0,0.0,0.0,0.0,0.0,0.0,0.0,0.0,0.0,,,,,,,,,,23,312,23.854794520547944
245,Hassan Al-Haydos,MF,Qatar,32-007,Al Sadd SC,1990,3,3,206,2.3,0,0,0,0,0,0,0,0.0,0.0,0.0,0.0,0.0,0.0,0.0,0.6,0.6,0.01,0.27,0.27,0.01,0.27,,,,,,,,,,32,7,32.01917808219178
246,Hattan Bahebri,MF,Saudi Arabia,30-155,Al-Shabab,1992,2,0,4,0.0,0,1,0,0,0,1,0,0.0,22.5,22.5,0.0,22.5,0.0,0.0,0.6,0.6,0.0,14.37,14.37,0.0,14.37,,,7.1,,,,,,7.1,30,155,30.424657534246574
247,Henry Martín,FW,Mexico,30-030,América,1992,2,2,146,1.6,1,0,1,0,0,0,0,0.62,0.0,0.62,0.62,0.62,0.9,0.9,0.2,1.1,0.57,0.13,0.7,0.57,0.7,6.5,,7.7,,,,,,7.1,30,30,30.08219178082192
248,Hernán Galíndez,GK,Ecuador,35-263,SD Aucas,1987,3,3,270,3.0,0,0,0,0,0,0,0,0.0,0.0,0.0,0.0,0.0,0.0,0.0,0.0,0.0,0.0,0.0,0.0,0.0,0.0,6.8,6.1,6.7,,,,,,6.53,35,263,35.72054794520548
249,Hidemasa Morita,MF,Japan,27-222,Sporting CP,1995,3,3,285,3.2,0,0,0,0,0,0,0,0.0,0.0,0.0,0.0,0.0,0.2,0.2,0.1,0.2,0.05,0.03,0.08,0.05,0.08,,6.9,6.7,6.8,,,,,6.8,27,222,27.60821917808219
250,Hiroki Ito,DF,Japan,23-220,Stuttgart,1999,1,0,45,0.5,0,0,0,0,0,0,0,0.0,0.0,0.0,0.0,0.0,0.0,0.0,0.0,0.0,0.0,0.09,0.09,0.0,0.09,,,,,,,,,,23,220,23.602739726027398
251,Hiroki Sakai,MF,Japan,32-250,Urawa Reds,1990,2,1,119,1.3,0,0,0,0,0,0,0,0.0,0.0,0.0,0.0,0.0,0.5,0.5,0.1,0.6,0.54,0.07,0.61,0.54,0.61,6.8,,,6.7,,,,,6.75,32,250,32.68493150684932
252,Hirving Lozano,FW,Mexico,27-141,Napoli,1995,3,3,252,2.8,0,0,0,0,0,0,0,0.0,0.0,0.0,0.0,0.0,0.2,0.2,1.0,1.2,0.07,0.36,0.42,0.07,0.42,7.6,6.6,8.4,,,,,,7.53,27,141,27.386301369863013
253,Homam Ahmed,DF,Qatar,23-115,Al-Gharafa Sports Club,1999,3,3,262,2.9,0,0,0,0,0,1,0,0.0,0.0,0.0,0.0,0.0,0.0,0.0,0.0,0.0,0.0,0.01,0.01,0.0,0.01,,,,,,,,,,23,115,23.315068493150687
254,Hong Chul,DF,Korea Republic,32-092,Daegu,1990,1,0,45,0.5,0,0,0,0,0,0,0,0.0,0.0,0.0,0.0,0.0,0.0,0.0,0.1,0.1,0.0,0.13,0.13,0.0,0.13,,,,6.9,,,,,6.9,32,92,32.25205479452055
255,Hossein Hosseini,GK,IR Iran,30-171,Esteghlal,1992,2,1,161,1.8,0,0,0,0,0,0,0,0.0,0.0,0.0,0.0,0.0,0.0,0.0,0.0,0.0,0.0,0.0,0.0,0.0,0.0,5.3,7.6,,,,,,,6.45,30,171,30.46849315068493
256,Hossein Kanaanizadegan,DF,IR Iran,28-270,Al Ahli SC,1994,1,0,45,0.5,0,0,0,0,0,1,0,0.0,0.0,0.0,0.0,0.0,0.0,0.0,0.0,0.0,0.0,0.0,0.0,0.0,0.0,,,,,,,,,,28,270,28.73972602739726
257,Hugo Lloris,GK,France,35-357,Tottenham,1986,6,6,570,6.3,0,0,0,0,0,0,0,0.0,0.0,0.0,0.0,0.0,0.0,0.0,0.0,0.0,0.0,0.0,0.0,0.0,0.0,6.4,6.7,,6.6,8.0,7.4,,7.7,7.13,35,357,35.97808219178082
258,Hwang Hee-chan,MF,Korea Republic,26-326,Wolves,1996,2,1,115,1.3,1,0,1,0,0,1,0,0.78,0.0,0.78,0.78,0.78,0.9,0.9,0.0,1.0,0.72,0.03,0.75,0.72,0.75,,,7.1,6.9,,,,,7.0,26,326,26.893150684931506
259,Hwang In-beom,MF,Korea Republic,26-089,Olympiacos,1996,4,4,334,3.7,0,0,0,0,0,0,0,0.0,0.0,0.0,0.0,0.0,0.2,0.2,0.1,0.3,0.06,0.02,0.08,0.06,0.08,6.9,7.0,6.7,6.3,,,,,6.72,26,89,26.243835616438357
260,Hwang Ui-jo,FW,Korea Republic,30-112,Olympiacos,1992,4,1,106,1.2,0,0,0,0,0,0,0,0.0,0.0,0.0,0.0,0.0,0.5,0.5,0.0,0.5,0.4,0.0,0.4,0.4,0.4,,,,,,,,,,30,112,30.306849315068494
261,Héctor Herrera,MF,Mexico,32-243,Houston Dynamo,1990,2,2,160,1.8,0,0,0,0,0,1,0,0.0,0.0,0.0,0.0,0.0,0.0,0.0,0.1,0.1,0.0,0.06,0.06,0.0,0.06,7.0,6.6,,,,,,,6.8,32,243,32.66575342465753
262,Héctor Moreno,DF,Mexico,34-335,Monterrey,1988,3,3,270,3.0,0,0,0,0,0,1,0,0.0,0.0,0.0,0.0,0.0,0.2,0.2,0.0,0.2,0.06,0.01,0.07,0.06,0.07,6.7,6.7,6.6,,,,,,6.67,34,335,34.917808219178085
263,Ibrahima Konaté,DF,France,23-207,Liverpool,1999,5,3,294,3.3,0,0,0,0,0,0,0,0.0,0.0,0.0,0.0,0.0,0.4,0.4,0.4,0.7,0.12,0.12,0.23,0.12,0.23,7.3,6.6,7.8,,,7.6,,7.1,7.28,23,207,23.567123287671233
264,Idrissa Gana Gueye,MF,Senegal,33-083,Everton,1989,3,3,270,3.0,0,0,0,0,0,2,0,0.0,0.0,0.0,0.0,0.0,0.3,0.3,0.1,0.4,0.11,0.03,0.14,0.11,0.14,6.6,7.1,7.3,,,,,,7.0,33,83,33.227397260273975
265,Ilias Chair,MF,Morocco,25-049,QPR,1997,1,0,45,0.5,0,0,0,0,0,0,0,0.0,0.0,0.0,0.0,0.0,0.0,0.0,0.0,0.0,0.0,0.0,0.0,0.0,0.0,,,,,,,6.4,,6.4,25,49,25.134246575342466
266,Iliman Ndiaye,FW,Senegal,22-287,Sheffield Utd,2000,3,2,135,1.5,0,1,0,0,0,0,0,0.0,0.67,0.67,0.0,0.67,0.1,0.1,0.2,0.3,0.09,0.14,0.22,0.09,0.22,,7.2,6.7,6.2,,,,,6.7,22,287,22.786301369863015
267,Ismail Jakobs,DF,Senegal,23-123,Monaco,1999,4,3,278,3.1,0,1,0,0,0,1,0,0.0,0.32,0.32,0.0,0.32,0.0,0.0,0.3,0.3,0.0,0.1,0.11,0.0,0.11,6.7,7.1,6.7,6.3,,,,,6.7,23,123,23.336986301369862
268,Ismail Mohamad,FW,Qatar,32-257,Al Duhail SC,1990,2,2,174,1.9,0,1,0,0,0,1,0,0.0,0.52,0.52,0.0,0.52,,,,,,,,,,,,,,,,,,,32,257,32.704109589041096
269,Ismaila Sarr,FW,Senegal,24-296,Watford,1998,4,4,344,3.8,1,0,0,1,1,0,0,0.26,0.0,0.26,0.0,0.0,1.7,0.9,0.4,1.3,0.43,0.11,0.55,0.23,0.34,,,,,,,,,,24,296,24.81095890410959
270,Ismaël Koné,MF,Canada,20-195,CF Montréal,2002,3,0,109,1.2,0,0,0,0,0,0,0,0.0,0.0,0.0,0.0,0.0,0.0,0.0,0.1,0.1,0.0,0.05,0.05,0.0,0.05,,,,,,,,,,20,195,20.534246575342465
271,Issam Jebali,FW,Tunisia,30-358,Odense,1991,3,2,182,2.0,0,0,0,0,0,0,0,0.0,0.0,0.0,0.0,0.0,0.5,0.5,0.2,0.7,0.26,0.08,0.34,0.26,0.34,6.8,6.8,6.2,,,,,,6.6,30,358,30.980821917808218
272,Ivan Ilić,MF,Serbia,21-276,Hellas Verona,2001,1,0,34,0.4,0,0,0,0,0,0,0,0.0,0.0,0.0,0.0,0.0,0.0,0.0,0.0,0.0,0.0,0.04,0.04,0.0,0.04,6.5,,,,,,,,6.5,21,276,21.756164383561643
273,Ivan Perišić,FW,Croatia,33-319,Tottenham,1989,7,7,669,7.4,1,3,1,0,0,0,0,0.13,0.4,0.54,0.13,0.54,0.9,0.9,0.9,1.8,0.13,0.12,0.25,0.13,0.25,6.9,8.0,6.7,7.4,7.0,7.3,7.4,,7.24,33,319,33.87397260273973
274,Iñaki Williams,FW,Ghana,28-186,Athletic Club,1994,3,3,270,3.0,0,0,0,0,0,0,0,0.0,0.0,0.0,0.0,0.0,0.3,0.3,0.2,0.5,0.1,0.07,0.17,0.1,0.17,6.6,6.8,6.6,,,,,,6.67,28,186,28.50958904109589
275,Jack Grealish,FW,England,27-099,Manchester City,1995,5,0,86,1.0,1,0,1,0,0,0,0,1.05,0.0,1.05,1.05,1.05,0.6,0.6,0.1,0.8,0.69,0.12,0.81,0.69,0.81,7.6,7.2,7.2,6.7,,,,,7.18,27,99,27.27123287671233
276,Jackson Irvine,MF,Australia,29-286,St. Pauli,1993,4,4,354,3.9,0,0,0,0,0,2,0,0.0,0.0,0.0,0.0,0.0,0.5,0.5,0.0,0.6,0.13,0.01,0.14,0.13,0.14,6.2,6.9,7.0,6.2,,,,,6.58,29,286,29.783561643835615
277,Jackson Porozo,DF,Ecuador,22-136,Troyes,2000,2,1,96,1.1,0,0,0,0,0,0,0,0.0,0.0,0.0,0.0,0.0,0.1,0.1,0.0,0.1,0.05,0.0,0.05,0.05,0.05,,6.9,6.7,,,,,,6.8,22,136,22.372602739726027
278,Jakub Kamiński,MF,Poland,20-196,Wolfsburg,2002,4,2,233,2.6,0,0,0,0,0,0,0,0.0,0.0,0.0,0.0,0.0,0.4,0.3,0.2,0.5,0.14,0.09,0.23,0.1,0.19,6.9,6.9,6.1,6.8,,,,,6.68,20,196,20.536986301369865
279,Jakub Kiwior,DF,Poland,22-306,Spezia,2000,4,4,355,3.9,0,0,0,0,0,1,0,0.0,0.0,0.0,0.0,0.0,0.0,0.0,0.0,0.0,0.01,0.0,0.01,0.01,0.01,7.1,6.7,6.8,6.5,,,,,6.78,22,306,22.838356164383562
280,Jamal Musiala,MF,Germany,19-295,Bayern Munich,2003,3,3,258,2.9,0,1,0,0,0,0,0,0.0,0.35,0.35,0.0,0.35,1.9,1.9,0.9,2.8,0.67,0.3,0.97,0.67,0.97,6.6,7.1,8.4,,,,,,7.37,19,295,19.80821917808219
281,Jamie Maclaren,FW,Australia,29-142,Melb City,1993,3,0,55,0.6,0,0,0,0,0,0,0,0.0,0.0,0.0,0.0,0.0,0.0,0.0,0.0,0.0,0.0,0.08,0.08,0.0,0.08,,,,,,,,,,29,142,29.389041095890413
282,Jan Bednarek,DF,Poland,26-250,Aston Villa,1996,1,0,5,0.1,0,0,0,0,0,0,0,0.0,0.0,0.0,0.0,0.0,0.0,0.0,0.0,0.0,0.0,0.0,0.0,0.0,0.0,,,,6.3,,,,,6.3,26,250,26.684931506849313
283,Jan Vertonghen,DF,Belgium,35-238,Anderlecht,1987,3,3,270,3.0,0,0,0,0,0,0,0,0.0,0.0,0.0,0.0,0.0,0.2,0.2,0.0,0.2,0.06,0.0,0.06,0.06,0.06,7.0,7.0,7.4,,,,,,7.13,35,238,35.652054794520545
284,Jason Cummings,FW,Australia,27-139,Central Coast,1995,1,0,35,0.4,0,0,0,0,0,0,0,0.0,0.0,0.0,0.0,0.0,0.0,0.0,0.0,0.0,0.0,0.0,0.0,0.0,0.0,6.4,,,,,,,,6.4,27,139,27.38082191780822
285,Jawad El Yamiq,DF,Morocco,30-292,Valladolid,1992,6,3,309,3.4,0,0,0,0,0,0,0,0.0,0.0,0.0,0.0,0.0,0.1,0.1,0.0,0.1,0.03,0.0,0.03,0.03,0.03,,6.6,6.7,7.0,7.6,7.5,6.5,,6.98,30,292,30.8
286,Jean-Charles Castelletto,DF,Cameroon,27-326,Nantes,1995,2,2,180,2.0,1,1,1,0,0,0,0,0.5,0.5,1.0,0.5,1.0,0.9,0.9,0.3,1.2,0.47,0.15,0.62,0.47,0.62,7.4,8.3,,,,,,,7.85,27,326,27.893150684931506
287,Jeong Woo-yeong,MF,Korea Republic,23-089,Freiburg,1999,1,1,45,0.5,0,0,0,0,0,0,0,0.0,0.0,0.0,0.0,0.0,0.0,0.0,0.0,0.0,0.06,0.0,0.06,0.06,0.06,,,,,,,,,,23,89,23.243835616438357
288,Jeremy Doku,MF,Belgium,20-205,Rennes,2002,1,0,19,0.2,0,0,0,0,0,0,0,0.0,0.0,0.0,0.0,0.0,0.0,0.0,0.0,0.0,0.0,0.0,0.0,0.0,0.0,,,,,,,,,,20,205,20.561643835616437
289,Jeremy Sarmiento,MF,Ecuador,20-185,Brighton,2002,3,0,85,0.9,0,0,0,0,0,0,0,0.0,0.0,0.0,0.0,0.0,0.1,0.1,0.1,0.1,0.07,0.09,0.15,0.07,0.15,6.9,6.4,6.7,,,,,,6.67,20,185,20.506849315068493
290,Jerome Ngom Mbekeli,MF,Cameroon,24-079,Colombe Sportive du Dja et Lobo,1998,1,0,5,0.1,0,0,0,0,0,0,0,0.0,0.0,0.0,0.0,0.0,0.0,0.0,0.1,0.1,0.0,2.23,2.23,0.0,2.23,,,,,,,,,,24,79,24.216438356164385
291,Jesper Lindstrøm,MF,Denmark,22-292,Eint Frankfurt,2000,3,2,200,2.2,0,0,0,0,0,0,0,0.0,0.0,0.0,0.0,0.0,0.3,0.3,0.0,0.3,0.14,0.0,0.14,0.14,0.14,6.3,6.7,6.6,,,,,,6.53,22,292,22.8
292,Jesús Ferreira,FW,United States,21-359,FC Dallas,2000,1,1,45,0.5,0,0,0,0,0,0,0,0.0,0.0,0.0,0.0,0.0,0.0,0.0,0.0,0.0,0.0,0.0,0.0,0.0,0.0,,,,6.6,,,,,6.6,21,359,21.983561643835618
293,Jesús Gallardo,DF,Mexico,28-125,Monterrey,1994,3,3,270,3.0,0,0,0,0,0,0,0,0.0,0.0,0.0,0.0,0.0,0.1,0.1,0.0,0.1,0.04,0.01,0.05,0.04,0.05,7.6,6.2,6.8,,,,,,6.87,28,125,28.34246575342466
294,Jewison Bennette,MF,Costa Rica,18-186,Sunderland,2004,3,1,103,1.1,0,0,0,0,0,0,0,0.0,0.0,0.0,0.0,0.0,0.0,0.0,0.0,0.0,0.04,0.0,0.04,0.04,0.04,6.2,6.4,5.8,,,,,,6.13,18,186,18.50958904109589
295,Jhegson Méndez,MF,Ecuador,25-236,Los Angeles FC,1997,2,2,180,2.0,0,0,0,0,0,2,0,0.0,0.0,0.0,0.0,0.0,0.0,0.0,0.1,0.1,0.0,0.07,0.07,0.0,0.07,7.3,6.7,,,,,,,7.0,25,236,25.646575342465752
296,Joachim Andersen,DF,Denmark,26-201,Crystal Palace,1996,3,3,270,3.0,0,1,0,0,0,0,0,0.0,0.33,0.33,0.0,0.33,0.1,0.1,0.2,0.3,0.03,0.08,0.11,0.03,0.11,7.2,7.3,6.8,,,,,,7.1,26,201,26.55068493150685
297,Joakim Mæhle,DF,Denmark,25-212,Atalanta,1997,3,3,249,2.8,0,0,0,0,0,0,0,0.0,0.0,0.0,0.0,0.0,0.0,0.0,0.0,0.1,0.01,0.01,0.03,0.01,0.03,6.6,6.7,6.6,,,,,,6.63,25,212,25.58082191780822
298,Joe Allen,MF,Wales,32-279,Swansea City,1990,2,1,94,1.0,0,0,0,0,0,0,0,0.0,0.0,0.0,0.0,0.0,0.1,0.1,0.1,0.2,0.1,0.05,0.15,0.1,0.15,,6.3,6.6,,,,,,6.45,32,279,32.76438356164383
299,Joe Morrell,MF,Wales,25-349,Portsmouth,1997,2,0,33,0.4,0,0,0,0,0,0,0,0.0,0.0,0.0,0.0,0.0,0.0,0.0,0.0,0.0,0.0,0.0,0.0,0.0,0.0,,,6.6,,,,,,6.6,25,349,25.956164383561642
300,Joe Rodon,DF,Wales,25-057,Rennes,1997,3,3,270,3.0,0,0,0,0,0,1,0,0.0,0.0,0.0,0.0,0.0,0.0,0.0,0.0,0.0,0.0,0.0,0.0,0.0,0.0,6.7,6.7,6.3,,,,,,6.57,25,57,25.156164383561645
301,Joel Campbell,FW,Costa Rica,30-175,León,1992,3,3,269,3.0,0,0,0,0,0,1,0,0.0,0.0,0.0,0.0,0.0,0.0,0.0,0.1,0.1,0.0,0.02,0.02,0.0,0.02,6.6,7.1,7.0,,,,,,6.9,30,175,30.47945205479452
302,Johan Venegas,FW,Costa Rica,34-021,Liga Deportiva Alajuelense,1988,1,1,73,0.8,0,0,0,0,0,0,0,0.0,0.0,0.0,0.0,0.0,0.0,0.0,0.0,0.0,0.0,0.0,0.0,0.0,0.0,,,6.4,,,,,,6.4,34,21,34.057534246575344
303,John Stones,DF,England,28-204,Manchester City,1994,5,5,434,4.8,0,0,0,0,0,0,0,0.0,0.0,0.0,0.0,0.0,0.4,0.4,0.1,0.4,0.07,0.01,0.09,0.07,0.09,6.6,7.7,7.3,7.1,6.9,,,,7.12,28,204,28.55890410958904
304,Jonas Hofmann,FW,Germany,30-157,M'Gladbach,1992,2,0,30,0.3,0,0,0,0,0,0,0,0.0,0.0,0.0,0.0,0.0,0.3,0.3,0.1,0.3,0.82,0.16,0.98,0.82,0.98,6.0,6.5,,,,,,,6.25,30,157,30.43013698630137
305,Jonathan David,FW,Canada,22-338,Lille,2000,3,2,192,2.1,0,0,0,0,0,0,0,0.0,0.0,0.0,0.0,0.0,1.0,0.7,0.0,0.7,0.49,0.0,0.49,0.35,0.35,6.4,6.7,6.4,,,,,,6.5,22,338,22.926027397260274
306,Jonathan Osorio,MF,Canada,30-189,Toronto FC,1992,3,1,119,1.3,0,0,0,0,0,1,0,0.0,0.0,0.0,0.0,0.0,0.1,0.1,0.0,0.1,0.05,0.0,0.05,0.05,0.05,6.6,6.7,6.2,,,,,,6.5,30,189,30.517808219178082
307,Jordan Ayew,FW,Ghana,31-098,Crystal Palace,1991,3,2,136,1.5,0,1,0,0,0,0,0,0.0,0.66,0.66,0.0,0.66,0.1,0.1,0.5,0.5,0.03,0.32,0.36,0.03,0.36,6.4,7.1,6.3,,,,,,6.6,31,98,31.268493150684932
308,Jordan Henderson,MF,England,32-184,Liverpool,1990,4,3,271,3.0,1,0,1,0,0,0,0,0.33,0.0,0.33,0.33,0.33,0.2,0.2,0.3,0.5,0.05,0.11,0.16,0.05,0.16,,6.7,7.4,7.8,6.8,,,,7.18,32,184,32.50410958904109
309,Jordan Morris,FW,United States,28-053,Seattle,1994,2,0,4,0.0,0,0,0,0,0,0,0,0.0,0.0,0.0,0.0,0.0,0.0,0.0,0.0,0.0,0.0,0.0,0.0,0.0,0.0,6.5,,,,,,,,6.5,28,53,28.145205479452056
310,Jordan Pickford,GK,England,28-286,Everton,1994,5,5,450,5.0,0,0,0,0,0,0,0,0.0,0.0,0.0,0.0,0.0,0.0,0.0,0.0,0.0,0.0,0.0,0.0,0.0,0.0,6.2,7.0,6.9,7.3,6.8,,,,6.84,28,286,28.783561643835615
311,Jordan Veretout,MF,France,29-292,Marseille,1993,1,1,62,0.7,0,0,0,0,0,0,0,0.0,0.0,0.0,0.0,0.0,0.0,0.0,0.0,0.0,0.0,0.0,0.0,0.0,0.0,,,6.5,,,,,,6.5,29,292,29.8
312,Jordi Alba,DF,Spain,33-272,Barcelona,1989,4,3,264,2.9,0,2,0,0,0,0,0,0.0,0.68,0.68,0.0,0.68,0.0,0.0,0.9,0.9,0.01,0.31,0.32,0.01,0.32,8.4,7.5,6.9,7.5,,,,,7.58,33,272,33.74520547945205
313,Jorge Eduardo Sánchez,DF,Mexico,25-008,Ajax,1997,2,2,175,1.9,0,0,0,0,0,1,0,0.0,0.0,0.0,0.0,0.0,0.0,0.0,0.0,0.0,0.01,0.0,0.01,0.01,0.01,,,,,,,,,,25,8,25.02191780821918
314,Josh Sargent,FW,United States,22-301,Norwich City,2000,3,2,157,1.7,0,0,0,0,0,0,0,0.0,0.0,0.0,0.0,0.0,0.4,0.4,0.1,0.4,0.21,0.04,0.25,0.21,0.25,6.4,6.4,7.0,,,,,,6.6,22,301,22.824657534246576
315,Joshua Kimmich,MF,Germany,27-313,Bayern Munich,1995,3,3,270,3.0,0,0,0,0,0,1,0,0.0,0.0,0.0,0.0,0.0,0.4,0.4,1.1,1.5,0.12,0.37,0.49,0.12,0.49,8.0,6.9,8.5,,,,,,7.8,27,313,27.85753424657534
316,Josip Juranović,DF,Croatia,27-124,Celtic,1995,6,6,600,6.7,0,1,0,0,0,0,0,0.0,0.15,0.15,0.0,0.15,0.0,0.0,0.3,0.4,0.01,0.05,0.06,0.01,0.06,7.2,7.0,7.5,7.2,7.8,6.5,,,7.2,27,124,27.339726027397262
317,Josip Stanišić,DF,Croatia,22-260,Bayern Munich,2000,1,1,90,1.0,0,0,0,0,0,0,0,0.0,0.0,0.0,0.0,0.0,0.0,0.0,0.0,0.0,0.02,0.0,0.02,0.02,0.02,,,,,,,7.1,,7.1,22,260,22.71232876712329
318,Josip Šutalo,DF,Croatia,22-293,Dinamo Zagreb,2000,1,1,90,1.0,0,0,0,0,0,0,0,0.0,0.0,0.0,0.0,0.0,0.0,0.0,0.0,0.0,0.0,0.0,0.0,0.0,0.0,,,,,,,6.7,,6.7,22,293,22.802739726027397
319,José Cifuentes,MF,Ecuador,23-281,Los Angeles FC,1999,2,0,59,0.7,0,0,0,0,0,0,0,0.0,0.0,0.0,0.0,0.0,0.0,0.0,0.0,0.0,0.03,0.0,0.03,0.03,0.03,6.3,,6.6,,,,,,6.45,23,281,23.76986301369863
320,José María Giménez,DF,Uruguay,27-332,Atlético Madrid,1995,3,3,270,3.0,0,0,0,0,0,1,0,0.0,0.0,0.0,0.0,0.0,0.2,0.2,0.0,0.2,0.06,0.0,0.06,0.06,0.06,7.6,6.2,7.8,,,,,,7.2,27,332,27.90958904109589
321,João Cancelo,DF,Portugal,28-205,Manchester City,1994,4,3,310,3.4,0,0,0,0,0,0,0,0.0,0.0,0.0,0.0,0.0,0.0,0.0,0.0,0.0,0.01,0.0,0.01,0.01,0.01,6.7,7.2,7.3,,6.7,,,,6.98,28,205,28.561643835616437
322,João Félix,FW,Portugal,23-038,Atlético Madrid,1999,4,4,331,3.7,1,2,1,0,0,1,0,0.27,0.54,0.82,0.27,0.82,0.9,0.9,0.4,1.2,0.24,0.1,0.34,0.24,0.34,7.5,6.7,,8.0,6.4,,,,7.15,23,38,23.104109589041094
323,João Mário,FW,Portugal,29-333,Benfica,1993,2,1,84,0.9,0,0,0,0,0,0,0,0.0,0.0,0.0,0.0,0.0,0.0,0.0,0.0,0.0,0.0,0.0,0.0,0.0,0.0,6.4,,6.9,,,,,,6.65,29,333,29.912328767123288
324,João Palhinha,MF,Portugal,27-162,Fulham,1995,3,0,38,0.4,0,0,0,0,0,0,0,0.0,0.0,0.0,0.0,0.0,0.0,0.0,0.1,0.2,0.06,0.3,0.36,0.06,0.36,6.5,6.7,6.3,,,,,,6.5,27,162,27.443835616438356
325,Joško Gvardiol,DF,Croatia,20-329,RB Leipzig,2002,7,7,690,7.7,1,0,1,0,0,0,0,0.13,0.0,0.13,0.13,0.13,0.1,0.1,0.0,0.2,0.02,0.01,0.03,0.02,0.03,7.5,7.1,7.5,7.2,7.2,6.6,7.5,,7.23,20,329,20.9013698630137
326,Juan Foyth,DF,Argentina,24-340,Villarreal,1998,1,0,5,0.1,0,0,0,0,0,0,0,0.0,0.0,0.0,0.0,0.0,0.0,0.0,0.0,0.0,0.0,0.0,0.0,0.0,0.0,,,,,,6.6,,,6.6,24,340,24.931506849315067
327,Juan Pablo Vargas,DF,Costa Rica,27-195,Millonarios,1995,1,1,90,1.0,1,0,1,0,0,0,0,1.0,0.0,1.0,1.0,1.0,0.5,0.5,0.0,0.5,0.46,0.0,0.46,0.46,0.46,,,7.5,,,,,,7.5,27,195,27.534246575342465
328,Jude Bellingham,MF,England,19-172,Dortmund,2003,5,5,414,4.6,1,1,1,0,0,0,0,0.22,0.22,0.43,0.22,0.43,0.6,0.6,0.3,0.9,0.12,0.07,0.19,0.12,0.19,8.5,6.9,7.4,7.9,7.2,,,,7.58,19,172,19.471232876712328
329,Jules Koundé,DF,France,24-036,Barcelona,1998,6,5,480,5.3,0,0,0,0,0,1,0,0.0,0.0,0.0,0.0,0.0,0.2,0.2,0.1,0.3,0.04,0.01,0.05,0.04,0.05,6.6,6.9,,7.1,7.5,7.5,,6.5,7.02,24,36,24.0986301369863
330,Julián Álvarez,FW,Argentina,22-321,Manchester City,2000,7,5,464,5.2,4,0,4,0,0,0,0,0.78,0.0,0.78,0.78,0.78,2.6,2.6,0.1,2.7,0.51,0.02,0.53,0.51,0.53,,,,,,,,,,22,321,22.87945205479452
331,Jung Woo-young,MF,Korea Republic,33-004,Al Sadd SC,1989,4,4,303,3.4,0,0,0,0,0,2,0,0.0,0.0,0.0,0.0,0.0,0.0,0.0,0.1,0.2,0.01,0.04,0.05,0.01,0.05,,,,,,,,,,33,4,33.010958904109586
332,Junior Hoilett,FW,Canada,32-196,Reading,1990,3,2,161,1.8,0,0,0,0,0,1,0,0.0,0.0,0.0,0.0,0.0,0.1,0.1,0.4,0.5,0.08,0.21,0.28,0.08,0.28,6.8,6.8,7.2,,,,,,6.93,32,196,32.536986301369865
333,Junya Ito,MF,Japan,29-284,Reims,1993,4,3,324,3.6,0,1,0,0,0,0,0,0.0,0.28,0.28,0.0,0.28,0.2,0.2,0.2,0.4,0.05,0.07,0.12,0.05,0.12,6.8,6.7,6.8,7.1,,,,,6.85,29,284,29.778082191780822
334,Jurriën Timber,DF,Netherlands,21-184,Ajax,2001,4,4,390,4.3,0,0,0,0,0,1,0,0.0,0.0,0.0,0.0,0.0,0.0,0.0,0.0,0.0,0.0,0.0,0.0,0.0,0.0,,6.8,7.9,6.7,6.5,,,,6.98,21,184,21.504109589041096
335,Kai Havertz,FW,Germany,23-190,Chelsea,1999,2,1,102,1.1,2,0,2,0,0,0,0,1.76,0.0,1.76,1.76,1.76,1.4,1.4,0.2,1.6,1.19,0.17,1.36,1.19,1.36,6.7,,9.2,,,,,,7.95,23,190,23.52054794520548
336,Kalidou Koulibaly,DF,Senegal,31-181,Chelsea,1991,4,4,360,4.0,1,0,1,0,0,1,0,0.25,0.0,0.25,0.25,0.25,0.5,0.5,0.0,0.5,0.12,0.01,0.13,0.12,0.13,6.9,6.8,7.9,6.4,,,,,7.0,31,181,31.495890410958904
337,Kalvin Phillips,MF,England,27-016,Manchester City,1995,2,0,42,0.5,0,1,0,0,0,0,0,0.0,2.14,2.14,0.0,2.14,0.0,0.0,0.1,0.1,0.0,0.17,0.17,0.0,0.17,,,6.7,6.5,,,,,6.6,27,16,27.043835616438358
338,Kamal Miller,DF,Canada,25-216,CF Montréal,1997,3,3,270,3.0,0,0,0,0,0,1,0,0.0,0.0,0.0,0.0,0.0,0.0,0.0,0.0,0.0,0.0,0.0,0.0,0.0,0.0,6.8,6.5,6.4,,,,,,6.57,25,216,25.59178082191781
339,Kamaldeen Sulemana,FW,Ghana,20-306,Rennes,2002,2,0,58,0.6,0,0,0,0,0,1,0,0.0,0.0,0.0,0.0,0.0,0.1,0.1,0.0,0.1,0.09,0.0,0.09,0.09,0.09,,6.6,6.7,,,,,,6.65,20,306,20.838356164383562
340,Kamil Glik,DF,Poland,34-318,Benevento,1988,4,4,360,4.0,0,0,0,0,0,0,0,0.0,0.0,0.0,0.0,0.0,0.2,0.2,0.0,0.2,0.06,0.0,0.06,0.06,0.06,7.2,7.1,6.5,6.4,,,,,6.8,34,318,34.87123287671233
341,Kamil Grosicki,MF,Poland,34-193,Pogoń Szczecin,1988,1,0,4,0.0,0,0,0,0,0,0,0,0.0,0.0,0.0,0.0,0.0,0.0,0.0,0.1,0.1,0.0,1.69,1.69,0.0,1.69,,,,6.7,,,,,6.7,34,193,34.52876712328767
342,Kaoru Mitoma,MF,Japan,25-212,Brighton,1997,4,0,165,1.8,0,1,0,0,0,0,0,0.0,0.55,0.55,0.0,0.55,0.1,0.1,1.2,1.3,0.05,0.83,0.88,0.05,0.88,7.1,6.4,7.4,6.2,,,,,6.78,25,212,25.58082191780822
343,Karim Ansarifard,FW,IR Iran,32-259,AC Omonia,1990,2,0,35,0.4,0,0,0,0,0,0,0,0.0,0.0,0.0,0.0,0.0,0.1,0.1,0.1,0.1,0.17,0.2,0.36,0.17,0.36,,6.7,6.5,,,,,,6.6,32,259,32.70958904109589
344,Karim Boudiaf,MF,Qatar,32-093,Al Duhail SC,1990,3,2,185,2.1,0,0,0,0,0,1,0,0.0,0.0,0.0,0.0,0.0,0.0,0.0,0.0,0.0,0.0,0.0,0.0,0.0,0.0,6.2,6.4,6.7,,,,,,6.43,32,93,32.25479452054795
345,Karl Toko Ekambi,FW,Cameroon,30-095,Lyon,1992,3,2,166,1.8,0,0,0,0,0,0,0,0.0,0.0,0.0,0.0,0.0,0.2,0.2,0.3,0.4,0.1,0.14,0.24,0.1,0.24,6.3,6.6,6.9,,,,,,6.6,30,95,30.26027397260274
346,Karol Świderski,FW,Poland,25-329,Charlotte,1997,1,1,45,0.5,0,0,0,0,0,0,0,0.0,0.0,0.0,0.0,0.0,0.0,0.0,0.0,0.0,0.0,0.0,0.0,0.0,0.0,,,6.8,,,,,,6.8,25,329,25.9013698630137
347,Kasper Dolberg,FW,Denmark,25-073,Sevilla,1997,3,1,114,1.3,0,0,0,0,0,0,0,0.0,0.0,0.0,0.0,0.0,0.4,0.4,0.1,0.5,0.31,0.05,0.37,0.31,0.37,6.6,6.4,6.7,,,,,,6.57,25,73,25.2
348,Kasper Schmeichel,GK,Denmark,36-043,Nice,1986,3,3,270,3.0,0,0,0,0,0,0,0,0.0,0.0,0.0,0.0,0.0,0.0,0.0,0.0,0.0,0.0,0.0,0.0,0.0,0.0,7.3,7.0,6.9,,,,,,7.07,36,43,36.11780821917808
349,Keanu Baccus,MF,Australia,24-194,St Mirren,1998,4,1,114,1.3,0,0,0,0,0,0,0,0.0,0.0,0.0,0.0,0.0,0.0,0.0,0.0,0.0,0.04,0.0,0.04,0.04,0.04,6.5,6.5,6.5,6.5,,,,,6.5,24,194,24.53150684931507
350,Kellyn Acosta,MF,United States,27-147,Los Angeles FC,1995,2,0,43,0.5,0,0,0,0,0,1,0,0.0,0.0,0.0,0.0,0.0,0.0,0.0,0.0,0.0,0.0,0.0,0.0,0.0,0.0,6.5,,6.7,,,,,,6.6,27,147,27.4027397260274
351,Kendall Waston,DF,Costa Rica,34-351,Deportivo Saprissa,1988,3,2,225,2.5,0,0,0,0,0,0,0,0.0,0.0,0.0,0.0,0.0,0.2,0.2,0.0,0.2,0.06,0.0,0.06,0.06,0.06,6.1,7.1,6.6,,,,,,6.6,34,351,34.961643835616435
352,Kenneth Taylor,MF,Netherlands,20-216,Ajax,2002,1,0,5,0.1,0,0,0,0,0,0,0,0.0,0.0,0.0,0.0,0.0,0.0,0.0,0.0,0.0,0.0,0.0,0.0,0.0,0.0,,,6.6,,,,,,6.6,20,216,20.59178082191781
353,Kevin De Bruyne,FW,Belgium,31-173,Manchester City,1991,3,3,270,3.0,0,0,0,0,0,0,0,0.0,0.0,0.0,0.0,0.0,0.2,0.2,0.9,1.1,0.08,0.3,0.38,0.08,0.38,7.6,6.8,7.7,,,,,,7.37,31,173,31.473972602739725
354,Kevin Rodríguez,FW,Ecuador,22-289,,2000,2,0,2,0.0,0,0,0,0,0,0,0,0.0,0.0,0.0,0.0,0.0,,,,,,,,,,,,,,,,,,,22,289,22.791780821917808
355,Kevin Álvarez,DF,Mexico,23-337,Pachuca,1999,2,1,70,0.8,0,0,0,0,0,0,0,0.0,0.0,0.0,0.0,0.0,0.0,0.0,0.0,0.0,0.0,0.0,0.0,0.0,0.0,,6.3,6.5,,,,,,6.4,23,337,23.923287671232877
356,Keylor Navas,GK,Costa Rica,36-003,Paris S-G,1986,3,3,270,3.0,0,0,0,0,0,0,0,0.0,0.0,0.0,0.0,0.0,0.0,0.0,0.0,0.0,0.0,0.0,0.0,0.0,0.0,4.9,7.1,7.8,,,,,,6.6,36,3,36.00821917808219
357,Keysher Fuller,DF,Costa Rica,28-160,Club Sport Herediano,1994,3,3,253,2.8,1,0,1,0,0,0,0,0.36,0.0,0.36,0.36,0.36,0.4,0.4,0.2,0.5,0.14,0.05,0.19,0.14,0.19,6.3,7.5,6.6,,,,,,6.8,28,160,28.438356164383563
358,Kieffer Moore,FW,Wales,30-132,Bournemouth,1992,3,2,225,2.5,0,0,0,0,0,0,0,0.0,0.0,0.0,0.0,0.0,1.0,1.0,0.2,1.3,0.41,0.1,0.51,0.41,0.51,6.5,7.2,6.8,,,,,,6.83,30,132,30.361643835616437
359,Kieran Trippier,DF,England,32-090,Newcastle Utd,1990,3,2,206,2.3,0,0,0,0,0,0,0,0.0,0.0,0.0,0.0,0.0,0.0,0.0,0.1,0.2,0.02,0.07,0.09,0.02,0.09,7.2,7.2,6.9,,,,,,7.1,32,90,32.24657534246575
360,Kim Jin-su,DF,Korea Republic,30-188,Jeonbuk,1992,4,4,315,3.5,0,1,0,0,0,0,0,0.0,0.29,0.29,0.0,0.29,0.3,0.3,0.6,0.9,0.09,0.17,0.27,0.09,0.27,7.2,7.6,6.9,6.1,,,,,6.95,30,188,30.515068493150686
361,Kim Min-jae,DF,Korea Republic,26-033,Napoli,1996,3,3,269,3.0,0,0,0,0,0,0,0,0.0,0.0,0.0,0.0,0.0,0.1,0.1,0.0,0.1,0.03,0.0,0.03,0.03,0.03,7.2,6.9,,6.5,,,,,6.87,26,33,26.09041095890411
362,Kim Moonhwan,DF,Korea Republic,27-139,Jeonbuk,1995,4,4,360,4.0,0,0,0,0,0,0,0,0.0,0.0,0.0,0.0,0.0,0.0,0.0,0.6,0.6,0.0,0.15,0.15,0.0,0.15,,,,,,,,,,27,139,27.38082191780822
363,Kim Seung-gyu,GK,Korea Republic,32-079,Al-Shabab,1990,4,4,360,4.0,0,0,0,0,0,0,0,0.0,0.0,0.0,0.0,0.0,0.0,0.0,0.0,0.0,0.0,0.0,0.0,0.0,0.0,6.9,6.0,7.5,6.9,,,,,6.82,32,79,32.21643835616438
364,Kim Young-gwon,DF,Korea Republic,32-294,Ulsan Hyundai,1990,4,4,350,3.9,1,0,1,0,0,1,0,0.26,0.0,0.26,0.26,0.26,0.8,0.8,0.2,0.9,0.19,0.05,0.24,0.19,0.24,7.1,6.7,7.3,6.6,,,,,6.92,32,294,32.8054794520548
365,Kingsley Coman,FW,France,26-188,Bayern Munich,1996,6,1,169,1.9,0,0,0,0,0,0,0,0.0,0.0,0.0,0.0,0.0,0.2,0.2,0.1,0.2,0.1,0.05,0.15,0.1,0.15,6.8,6.7,6.8,6.5,6.5,,,6.6,6.65,26,188,26.515068493150686
366,Ko Itakura,DF,Japan,25-325,M'Gladbach,1997,3,3,270,3.0,0,1,0,0,0,2,0,0.0,0.33,0.33,0.0,0.33,0.2,0.2,0.1,0.2,0.05,0.03,0.08,0.05,0.08,7.3,6.8,6.9,,,,,,7.0,25,325,25.89041095890411
367,Koke,MF,Spain,30-344,Atlético Madrid,1992,2,0,52,0.6,0,0,0,0,0,0,0,0.0,0.0,0.0,0.0,0.0,0.0,0.0,0.0,0.0,0.0,0.0,0.0,0.0,0.0,6.8,6.5,,,,,,,6.65,30,344,30.942465753424656
368,Kristijan Jakić,FW,Croatia,25-218,Eint Frankfurt,1997,1,0,1,0.0,0,0,0,0,0,0,0,0.0,0.0,0.0,0.0,0.0,0.0,0.0,0.0,0.0,0.0,0.0,0.0,0.0,0.0,,,,,,,,,,25,218,25.5972602739726
369,Krystian Bielik,MF,Poland,24-348,Derby County,1998,4,2,216,2.4,0,0,0,0,0,0,0,0.0,0.0,0.0,0.0,0.0,0.2,0.2,0.0,0.2,0.07,0.0,0.07,0.07,0.07,6.8,7.1,6.2,6.6,,,,,6.68,24,348,24.953424657534246
370,Krzysztof Piątek,FW,Poland,27-170,Salernitana,1995,2,0,28,0.3,0,0,0,0,0,0,0,0.0,0.0,0.0,0.0,0.0,0.0,0.0,0.0,0.0,0.09,0.0,0.09,0.09,0.09,,6.6,6.5,,,,,,6.55,27,170,27.465753424657535
371,Krépin Diatta,FW,Senegal,23-296,Monaco,1999,3,3,181,2.0,0,0,0,0,0,0,0,0.0,0.0,0.0,0.0,0.0,0.1,0.1,0.2,0.3,0.06,0.09,0.16,0.06,0.16,7.0,6.7,,6.3,,,,,6.67,23,296,23.81095890410959
372,Kudus Mohammed,FW,Ghana,22-138,Ajax,2000,3,3,247,2.7,2,0,2,0,0,1,0,0.73,0.0,0.73,0.73,0.73,0.8,0.8,0.0,0.8,0.3,0.0,0.3,0.3,0.3,,,,,,,,,,22,138,22.378082191780823
373,Kwon Chang-hoon,FW,Korea Republic,28-171,Sangju Sangmu,1994,1,1,56,0.6,0,0,0,0,0,0,0,0.0,0.0,0.0,0.0,0.0,0.0,0.0,0.2,0.2,0.0,0.29,0.29,0.0,0.29,,,,,,,,,,28,171,28.46849315068493
374,Kwon Kyung-won,DF,Korea Republic,30-321,Gamba Osaka,1992,2,1,91,1.0,0,0,0,0,0,0,0,0.0,0.0,0.0,0.0,0.0,0.0,0.0,0.0,0.0,0.02,0.0,0.02,0.02,0.02,,,,,,,,,,30,321,30.87945205479452
375,Kye Rowles,DF,Australia,24-177,Hearts,1998,4,4,360,4.0,0,0,0,0,0,0,0,0.0,0.0,0.0,0.0,0.0,0.0,0.0,0.0,0.0,0.0,0.0,0.0,0.0,0.0,6.6,7.2,7.5,6.6,,,,,6.98,24,177,24.484931506849314
376,Kyle Walker,DF,England,32-204,Manchester City,1990,3,3,236,2.6,0,0,0,0,0,0,0,0.0,0.0,0.0,0.0,0.0,0.0,0.0,0.0,0.0,0.0,0.0,0.0,0.0,0.0,,,6.9,7.2,6.7,,,,6.93,32,204,32.558904109589044
377,Kylian Mbappé,FW,France,23-363,Paris S-G,1998,7,6,598,6.6,8,2,6,2,2,0,0,1.2,0.3,1.51,0.9,1.2,5.2,3.6,1.3,5.0,0.82,0.21,1.03,0.57,0.79,8.0,8.5,7.4,9.3,7.1,6.8,,8.8,7.99,23,363,23.994520547945207
378,Lautaro Martínez,FW,Argentina,25-118,Inter,1997,6,2,241,2.7,0,0,0,0,0,0,0,0.0,0.0,0.0,0.0,0.0,1.8,1.8,0.0,1.9,0.86,0.02,0.87,0.86,0.87,6.7,6.6,6.3,6.2,7.0,,,6.0,6.47,25,118,25.323287671232876
379,Lawrence Ati-Zigi,GK,Ghana,26-019,St. Gallen,1996,3,3,270,3.0,0,0,0,0,0,0,0,0.0,0.0,0.0,0.0,0.0,0.0,0.0,0.0,0.0,0.0,0.0,0.0,0.0,0.0,,,,,,,,,,26,19,26.052054794520547
380,Leander Dendoncker,DF,Belgium,27-247,Aston Villa,1995,2,2,161,1.8,0,0,0,0,0,1,0,0.0,0.0,0.0,0.0,0.0,0.1,0.1,0.4,0.4,0.05,0.2,0.25,0.05,0.25,7.6,,7.0,,,,,,7.3,27,247,27.676712328767124
381,Leandro Paredes,MF,Argentina,28-172,Juventus,1994,5,2,225,2.5,0,0,0,0,0,2,0,0.0,0.0,0.0,0.0,0.0,0.0,0.0,0.0,0.1,0.01,0.02,0.03,0.01,0.03,7.3,,7.1,,7.0,7.0,,6.8,7.04,28,172,28.471232876712328
382,Leandro Trossard,FW,Belgium,28-014,Brighton,1994,3,1,103,1.1,0,0,0,0,0,0,0,0.0,0.0,0.0,0.0,0.0,0.0,0.0,0.1,0.1,0.0,0.08,0.08,0.0,0.08,6.6,6.5,6.8,,,,,,6.63,28,14,28.03835616438356
383,Lee Jae-sung,MF,Korea Republic,30-130,Mainz 05,1992,3,3,211,2.3,0,0,0,0,0,0,0,0.0,0.0,0.0,0.0,0.0,0.0,0.0,0.0,0.1,0.01,0.02,0.03,0.01,0.03,,,,,,,,,,30,130,30.356164383561644
384,Lee Kangin,MF,Korea Republic,21-302,Mallorca,2001,4,1,147,1.6,0,1,0,0,0,1,0,0.0,0.61,0.61,0.0,0.61,0.2,0.2,0.3,0.4,0.09,0.17,0.27,0.09,0.27,,,,,,,,,,21,302,21.827397260273973
385,Leon Goretzka,MF,Germany,27-315,Bayern Munich,1995,3,2,159,1.8,0,0,0,0,0,1,0,0.0,0.0,0.0,0.0,0.0,0.5,0.5,0.0,0.5,0.26,0.01,0.27,0.26,0.27,6.3,6.9,6.7,,,,,,6.63,27,315,27.863013698630137
386,Leroy Sané,FW,Germany,26-341,Bayern Munich,1996,2,1,111,1.2,0,1,0,0,0,0,0,0.0,0.81,0.81,0.0,0.81,0.1,0.1,1.8,1.9,0.09,1.44,1.54,0.09,1.54,,7.1,7.4,,,,,,7.25,26,341,26.934246575342467
387,Liam Millar,DF,Canada,23-082,Basel,1999,1,0,10,0.1,0,0,0,0,0,0,0,0.0,0.0,0.0,0.0,0.0,0.0,0.0,0.0,0.0,0.0,0.0,0.0,0.0,0.0,6.5,,,,,,,,6.5,23,82,23.224657534246575
388,Lionel Messi,FW,Argentina,35-177,Paris S-G,1987,7,7,690,7.7,7,3,3,4,5,1,0,0.91,0.39,1.3,0.39,0.78,6.6,2.6,2.5,5.1,0.94,0.36,1.3,0.38,0.74,7.9,8.2,8.7,8.4,9.2,7.9,,9.4,8.53,35,177,35.484931506849314
389,Lisandro Martínez,DF,Argentina,24-334,Manchester Utd,1998,5,2,303,3.4,0,0,0,0,0,1,0,0.0,0.0,0.0,0.0,0.0,0.1,0.1,0.7,0.8,0.04,0.21,0.25,0.04,0.25,6.9,7.0,,6.6,6.7,6.7,,,6.78,24,334,24.915068493150685
390,Lovro Majer,MF,Croatia,24-335,Rennes,1998,7,1,130,1.4,1,0,1,0,0,0,0,0.69,0.0,0.69,0.69,0.69,0.7,0.7,0.1,0.8,0.67,0.07,0.74,0.67,0.74,6.5,7.2,,6.7,7.1,6.6,6.6,,6.78,24,335,24.91780821917808
391,Loïs Openda,FW,Belgium,22-305,Lens,2000,1,0,13,0.1,0,0,0,0,0,0,0,0.0,0.0,0.0,0.0,0.0,0.0,0.0,0.0,0.0,0.0,0.0,0.0,0.0,0.0,6.8,,,,,,,,6.8,22,305,22.835616438356166
392,Lucas Cavallini,FW,Canada,29-355,Vancouver,1992,1,0,19,0.2,0,0,0,0,0,0,0,0.0,0.0,0.0,0.0,0.0,0.0,0.0,0.0,0.0,0.0,0.0,0.0,0.0,0.0,,6.4,,,,,,,6.4,29,355,29.972602739726028
393,Lucas Hernández,DF,France,26-307,Bayern Munich,1996,1,1,12,0.1,0,0,0,0,0,0,0,0.0,0.0,0.0,0.0,0.0,0.0,0.0,0.0,0.0,0.0,0.0,0.0,0.0,0.0,6.3,,,,,,,,6.3,26,307,26.84109589041096
394,Lucas Paquetá,MF,Brazil,25-113,West Ham,1997,4,4,314,3.5,1,1,1,0,0,0,0,0.29,0.29,0.57,0.29,0.57,0.8,0.8,1.5,2.3,0.24,0.43,0.67,0.24,0.67,7.2,6.6,,7.9,7.3,,,,7.25,25,113,25.30958904109589
395,Luis Chávez,MF,Mexico,26-337,Pachuca,1996,3,3,270,3.0,1,0,1,0,0,0,0,0.33,0.0,0.33,0.33,0.33,0.3,0.3,0.5,0.7,0.1,0.15,0.25,0.1,0.25,7.3,6.4,8.3,,,,,,7.33,26,337,26.923287671232877
396,Luis Suárez,FW,Uruguay,35-328,Nacional,1987,3,2,146,1.6,0,1,0,0,0,1,0,0.0,0.62,0.62,0.0,0.62,0.4,0.4,0.1,0.5,0.26,0.04,0.29,0.26,0.29,6.5,6.7,7.1,,,,,,6.77,35,328,35.8986301369863
397,Luka Jović,FW,Serbia,24-360,Fiorentina,1997,1,0,36,0.4,0,0,0,0,0,1,0,0.0,0.0,0.0,0.0,0.0,0.1,0.1,0.2,0.2,0.13,0.4,0.53,0.13,0.53,,,6.8,,,,,,6.8,24,360,24.986301369863014
398,Luka Modrić,MF,Croatia,37-100,Real Madrid,1985,7,7,653,7.3,0,0,0,0,0,1,0,0.0,0.0,0.0,0.0,0.0,0.4,0.4,0.7,1.1,0.06,0.11,0.16,0.06,0.16,7.1,7.4,7.7,6.9,7.7,7.6,7.3,,7.39,37,100,37.273972602739725
399,Lukas Klostermann,DF,Germany,26-198,RB Leipzig,1996,2,0,66,0.7,0,0,0,0,0,0,0,0.0,0.0,0.0,0.0,0.0,0.0,0.0,0.0,0.0,0.0,0.0,0.0,0.0,0.0,,6.6,6.5,,,,,,6.55,26,198,26.542465753424658
400,Luke Shaw,DF,England,27-159,Manchester Utd,1995,5,5,424,4.7,0,1,0,0,0,0,0,0.0,0.21,0.21,0.0,0.21,0.1,0.1,0.8,0.9,0.02,0.17,0.19,0.02,0.19,7.0,7.8,7.0,7.3,6.5,,,,7.12,27,159,27.435616438356163
401,Luuk de Jong,FW,Netherlands,32-113,PSV Eindhoven,1990,1,0,57,0.6,0,0,0,0,0,0,0,0.0,0.0,0.0,0.0,0.0,0.1,0.1,0.0,0.1,0.25,0.0,0.25,0.25,0.25,,,,,6.9,,,,6.9,32,113,32.30958904109589
402,Majid Hosseini,DF,IR Iran,26-181,Kayserispor,1996,3,3,270,3.0,0,0,0,0,0,1,0,0.0,0.0,0.0,0.0,0.0,0.0,0.0,0.0,0.0,0.0,0.0,0.0,0.0,0.0,5.8,6.9,7.1,,,,,,6.6,26,181,26.495890410958904
403,Manuel Akanji,DF,Switzerland,27-152,Manchester City,1995,4,4,360,4.0,1,0,1,0,0,1,0,0.25,0.0,0.25,0.25,0.25,1.1,1.1,0.1,1.2,0.28,0.03,0.3,0.28,0.3,6.9,6.9,7.0,6.9,,,,,6.93,27,152,27.416438356164385
404,Manuel Neuer,GK,Germany,36-266,Bayern Munich,1986,3,3,270,3.0,0,0,0,0,0,0,0,0.0,0.0,0.0,0.0,0.0,0.0,0.0,0.0,0.0,0.0,0.0,0.0,0.0,0.0,6.7,6.5,6.5,,,,,,6.57,36,266,36.728767123287675
405,Marcelo Brozović,MF,Croatia,30-032,Inter,1992,6,6,552,6.1,0,0,0,0,0,1,0,0.0,0.0,0.0,0.0,0.0,0.5,0.5,0.2,0.7,0.09,0.03,0.12,0.09,0.12,7.0,6.7,7.3,7.8,7.7,6.4,,,7.15,30,32,30.087671232876712
406,Marco Asensio,FW,Spain,26-331,Real Madrid,1996,4,3,229,2.5,1,0,1,0,0,0,0,0.39,0.0,0.39,0.39,0.39,1.2,1.2,0.1,1.3,0.48,0.02,0.5,0.48,0.5,7.7,6.6,6.9,6.4,,,,,6.9,26,331,26.90684931506849
407,Marcos Acuña,DF,Argentina,31-051,Sevilla,1991,6,4,373,4.1,0,0,0,0,0,3,0,0.0,0.0,0.0,0.0,0.0,0.1,0.1,0.3,0.4,0.02,0.07,0.1,0.02,0.1,7.1,7.1,7.4,6.7,7.6,,,6.3,7.03,31,51,31.13972602739726
408,Marcos Llorente,DF,Spain,27-322,Atlético Madrid,1995,1,1,120,1.3,0,0,0,0,0,0,0,0.0,0.0,0.0,0.0,0.0,0.0,0.0,0.0,0.0,0.02,0.0,0.02,0.02,0.02,,,,6.9,,,,,6.9,27,322,27.882191780821916
409,Marcus Rashford,FW,England,25-048,Manchester Utd,1997,5,1,140,1.6,3,0,3,0,0,0,0,1.93,0.0,1.93,1.93,1.93,1.6,1.6,0.0,1.6,1.03,0.0,1.03,1.03,1.03,7.2,6.8,8.5,6.6,6.6,,,,7.14,25,48,25.13150684931507
410,Marcus Thuram,FW,France,25-134,M'Gladbach,1997,5,0,151,1.7,0,2,0,0,0,1,0,0.0,1.19,1.19,0.0,1.19,0.2,0.2,0.2,0.4,0.16,0.16,0.32,0.16,0.32,6.3,6.6,,6.9,,6.8,,7.1,6.74,25,134,25.367123287671234
411,Mario Götze,MF,Germany,30-198,Eint Frankfurt,1992,2,0,36,0.4,0,0,0,0,0,0,0,0.0,0.0,0.0,0.0,0.0,0.1,0.1,0.1,0.2,0.21,0.29,0.5,0.21,0.5,6.6,,6.8,,,,,,6.7,30,198,30.542465753424658
412,Mario Pašalić,FW,Croatia,27-312,Atalanta,1995,7,2,271,3.0,0,0,0,0,0,0,0,0.0,0.0,0.0,0.0,0.0,0.3,0.3,0.2,0.5,0.1,0.07,0.17,0.1,0.17,6.6,6.6,6.6,7.3,6.6,6.8,6.5,,6.71,27,312,27.854794520547944
413,Mark-Anthony Kaye,MF,Canada,28-016,Toronto FC,1994,1,1,59,0.7,0,0,0,0,0,0,0,0.0,0.0,0.0,0.0,0.0,0.0,0.0,0.0,0.0,0.06,0.0,0.06,0.06,0.06,,,6.5,,,,,,6.5,28,16,28.043835616438358
414,Marko Grujić,MF,Serbia,26-249,Porto,1996,1,0,13,0.1,0,0,0,0,0,0,0,0.0,0.0,0.0,0.0,0.0,0.0,0.0,0.0,0.0,0.26,0.0,0.26,0.26,0.26,,6.8,,,,,,,6.8,26,249,26.682191780821917
415,Marko Livaja,FW,Croatia,29-114,Hajduk Split,1993,6,3,241,2.7,1,1,1,0,0,0,0,0.37,0.37,0.75,0.37,0.75,0.8,0.8,0.1,0.9,0.31,0.03,0.34,0.31,0.34,6.7,7.0,6.8,6.4,,6.5,7.0,,6.73,29,114,29.312328767123287
416,Marquinhos,DF,Brazil,28-218,Paris S-G,1994,5,4,426,4.7,0,0,0,0,0,1,0,0.0,0.0,0.0,0.0,0.0,0.2,0.2,0.8,0.9,0.04,0.17,0.21,0.04,0.21,7.1,7.8,7.4,6.7,6.6,,,,7.12,28,218,28.5972602739726
417,Marten de Roon,MF,Netherlands,31-264,Atalanta,1991,5,3,184,2.0,0,0,0,0,0,0,0,0.0,0.0,0.0,0.0,0.0,0.0,0.0,0.0,0.0,0.0,0.0,0.0,0.0,0.0,,6.8,7.2,6.6,6.4,,,,6.75,31,264,31.723287671232878
418,Martin Braithwaite,FW,Denmark,31-196,Espanyol,1991,2,1,103,1.1,0,0,0,0,0,0,0,0.0,0.0,0.0,0.0,0.0,0.1,0.1,0.1,0.2,0.06,0.12,0.18,0.06,0.18,,6.7,6.7,,,,,,6.7,31,196,31.536986301369865
419,Martin Hongla,MF,Cameroon,24-277,Hellas Verona,1998,2,2,121,1.3,0,0,0,0,0,0,0,0.0,0.0,0.0,0.0,0.0,0.1,0.1,0.1,0.1,0.04,0.05,0.09,0.04,0.09,7.3,6.5,,,,,,,6.9,24,277,24.75890410958904
420,Martinelli,FW,Brazil,21-183,Arsenal,2001,3,1,113,1.3,0,0,0,0,0,0,0,0.0,0.0,0.0,0.0,0.0,0.5,0.5,0.2,0.7,0.42,0.14,0.56,0.42,0.56,,,,,,,,,,21,183,21.5013698630137
421,Martín Cáceres,DF,Uruguay,35-255,LA Galaxy,1987,1,1,90,1.0,0,0,0,0,0,1,0,0.0,0.0,0.0,0.0,0.0,0.0,0.0,0.0,0.0,0.0,0.0,0.0,0.0,0.0,6.8,,,,,,,,6.8,35,255,35.6986301369863
422,Mason Mount,MF,England,23-342,Chelsea,1999,4,2,186,2.1,0,0,0,0,0,0,0,0.0,0.0,0.0,0.0,0.0,0.2,0.2,0.0,0.2,0.1,0.02,0.12,0.1,0.12,7.4,6.8,,6.6,7.2,,,,7.0,23,342,23.936986301369863
423,Mateo Kovačić,MF,Croatia,28-226,Chelsea,1994,7,7,635,7.1,0,0,0,0,0,2,0,0.0,0.0,0.0,0.0,0.0,0.3,0.3,1.0,1.3,0.05,0.14,0.18,0.05,0.18,6.8,8.4,7.2,7.1,7.2,7.3,7.4,,7.34,28,226,28.61917808219178
424,Matheus Nunes,MF,Portugal,24-113,Wolves,1998,2,1,73,0.8,0,0,0,0,0,0,0,0.0,0.0,0.0,0.0,0.0,0.0,0.0,0.1,0.1,0.03,0.12,0.14,0.03,0.14,,6.7,6.7,,,,,,6.7,24,113,24.30958904109589
425,Mathew Leckie,MF,Australia,31-317,Melb City,1991,4,4,333,3.7,1,1,1,0,0,0,0,0.27,0.27,0.54,0.27,0.54,0.1,0.1,0.3,0.5,0.04,0.08,0.12,0.04,0.12,6.8,6.1,6.9,6.3,,,,,6.52,31,317,31.86849315068493
426,Mathew Ryan,GK,Australia,30-254,FC Copenhagen,1992,4,4,360,4.0,0,0,0,0,0,0,0,0.0,0.0,0.0,0.0,0.0,0.0,0.0,0.0,0.0,0.0,0.0,0.0,0.0,0.0,6.4,7.8,7.7,6.2,,,,,7.02,30,254,30.695890410958903
427,Mathias Jensen,MF,Denmark,26-351,Brentford,1996,2,1,84,0.9,0,0,0,0,0,1,0,0.0,0.0,0.0,0.0,0.0,0.1,0.1,0.4,0.5,0.11,0.38,0.5,0.11,0.5,6.9,,7.2,,,,,,7.05,26,351,26.96164383561644
428,Mathías Olivera,DF,Uruguay,25-048,Napoli,1997,3,3,253,2.8,0,0,0,0,0,1,0,0.0,0.0,0.0,0.0,0.0,0.1,0.1,0.4,0.5,0.03,0.15,0.18,0.03,0.18,7.5,6.9,7.0,,,,,,7.13,25,48,25.13150684931507
429,Matt Turner,GK,United States,28-177,Arsenal,1994,4,4,360,4.0,0,0,0,0,0,0,0,0.0,0.0,0.0,0.0,0.0,0.0,0.0,0.0,0.0,0.0,0.0,0.0,0.0,0.0,7.1,7.7,7.2,6.5,,,,,7.12,28,177,28.484931506849314
430,Matthias Ginter,DF,Germany,28-333,Freiburg,1994,1,0,1,0.0,0,0,0,0,0,0,0,0.0,0.0,0.0,0.0,0.0,0.0,0.0,0.0,0.0,0.0,0.0,0.0,0.0,0.0,,,6.4,,,,,,6.4,28,333,28.912328767123288
431,Matthijs de Ligt,DF,Netherlands,23-128,Bayern Munich,1999,2,1,91,1.0,0,0,0,0,0,1,0,0.0,0.0,0.0,0.0,0.0,0.0,0.0,0.0,0.0,0.0,0.0,0.0,0.0,0.0,7.1,,,,,,,,7.1,23,128,23.350684931506848
432,Matty Cash,DF,Poland,25-133,Aston Villa,1997,4,4,360,4.0,0,0,0,0,0,2,0,0.0,0.0,0.0,0.0,0.0,0.0,0.0,0.2,0.2,0.01,0.04,0.05,0.01,0.05,6.7,6.7,6.6,6.5,,,,,6.62,25,133,25.364383561643837
433,Mattéo Guendouzi,FW,France,23-248,Marseille,1999,1,1,78,0.9,0,0,0,0,0,0,0,0.0,0.0,0.0,0.0,0.0,0.0,0.0,0.0,0.0,0.0,0.0,0.0,0.0,0.0,,,6.6,,,,,,6.6,23,248,23.67945205479452
434,Matías Vecino,MF,Uruguay,31-116,Lazio,1991,3,2,195,2.2,0,0,0,0,0,0,0,0.0,0.0,0.0,0.0,0.0,0.1,0.1,0.0,0.1,0.05,0.0,0.05,0.05,0.05,7.2,6.6,6.7,,,,,,6.83,31,116,31.317808219178083
435,Matías Viña,DF,Uruguay,25-039,Roma,1997,2,0,17,0.2,0,0,0,0,0,0,0,0.0,0.0,0.0,0.0,0.0,0.0,0.0,0.0,0.0,0.0,0.0,0.0,0.0,0.0,6.7,6.5,,,,,,,6.6,25,39,25.106849315068494
436,Maxi Gómez,FW,Uruguay,26-126,Trabzonspor,1996,2,0,30,0.3,0,0,0,0,0,0,0,0.0,0.0,0.0,0.0,0.0,0.1,0.1,0.0,0.1,0.26,0.0,0.26,0.26,0.26,,,,,,,,,,26,126,26.345205479452055
437,Maya Yoshida,DF,Japan,34-116,Schalke 04,1988,4,4,390,4.3,0,1,0,0,0,1,0,0.0,0.23,0.23,0.0,0.23,0.0,0.0,0.4,0.4,0.0,0.09,0.09,0.0,0.09,6.9,7.0,7.0,6.9,,,,,6.95,34,116,34.31780821917808
438,Mehdi Taremi,FW,IR Iran,30-153,Porto,1992,3,3,270,3.0,2,1,1,1,1,0,0,0.67,0.33,1.0,0.33,0.67,1.3,0.6,0.7,1.2,0.45,0.22,0.67,0.18,0.4,8.1,8.1,6.6,,,,,,7.6,30,153,30.41917808219178
439,Mehdi Torabi,MF,IR Iran,28-099,Persepolis,1994,3,0,62,0.7,0,0,0,0,0,0,0,0.0,0.0,0.0,0.0,0.0,0.1,0.1,0.6,0.7,0.18,0.82,1.0,0.18,1.0,,,,,,,,,,28,99,28.27123287671233
440,Memphis,FW,Netherlands,28-308,Barcelona,1994,5,3,297,3.3,1,0,1,0,0,1,0,0.3,0.0,0.3,0.3,0.3,1.5,1.5,0.5,2.0,0.44,0.16,0.61,0.44,0.61,,,,,,,,,,28,308,28.843835616438355
441,Meshaal Barsham,GK,Qatar,24-307,Al Sadd SC,1998,2,2,180,2.0,0,0,0,0,0,0,0,0.0,0.0,0.0,0.0,0.0,0.0,0.0,0.0,0.0,0.0,0.0,0.0,0.0,0.0,,6.2,6.3,,,,,,6.25,24,307,24.84109589041096
442,Michael Estrada,FW,Ecuador,26-255,Cruz Azul,1996,3,3,225,2.5,0,0,0,0,0,0,0,0.0,0.0,0.0,0.0,0.0,0.3,0.3,0.0,0.3,0.13,0.01,0.13,0.13,0.13,7.2,7.0,6.6,,,,,,6.93,26,255,26.698630136986303
443,Michał Skóraś,MF,Poland,22-306,Lech Poznań,2000,1,0,45,0.5,0,0,0,0,0,0,0,0.0,0.0,0.0,0.0,0.0,0.0,0.0,0.0,0.0,0.04,0.0,0.04,0.04,0.04,,,6.6,,,,,,6.6,22,306,22.838356164383562
444,Michel Aebischer,MF,Switzerland,25-346,Bologna,1997,1,0,16,0.2,0,0,0,0,0,0,0,0.0,0.0,0.0,0.0,0.0,0.0,0.0,0.0,0.0,0.0,0.0,0.0,0.0,0.0,,6.3,,,,,,,6.3,25,346,25.947945205479453
445,Michy Batshuayi,FW,Belgium,29-077,Fenerbahçe,1993,2,2,151,1.7,1,0,1,0,0,0,0,0.6,0.0,0.6,0.6,0.6,0.8,0.8,0.1,0.8,0.45,0.03,0.48,0.45,0.48,7.4,6.1,,,,,,,6.75,29,77,29.21095890410959
446,Miki Yamane,DF,Japan,28-361,Kawa Frontale,1993,1,1,61,0.7,0,0,0,0,0,1,0,0.0,0.0,0.0,0.0,0.0,0.0,0.0,0.1,0.1,0.0,0.11,0.11,0.0,0.11,,6.9,,,,,,,6.9,28,361,28.98904109589041
447,Mikkel Damsgaard,MF,Denmark,22-168,Brentford,2000,3,1,150,1.7,0,0,0,0,0,0,0,0.0,0.0,0.0,0.0,0.0,0.0,0.0,0.3,0.3,0.0,0.2,0.2,0.0,0.2,6.8,6.6,6.5,,,,,,6.63,22,168,22.46027397260274
448,Milad Mohammadi,DF,IR Iran,29-080,AEK Athens,1993,3,3,196,2.2,0,0,0,0,0,0,0,0.0,0.0,0.0,0.0,0.0,0.0,0.0,0.0,0.0,0.0,0.0,0.0,0.0,0.0,5.8,7.0,6.7,,,,,,6.5,29,80,29.21917808219178
449,Milan Borjan,GK,Canada,35-056,Red Star,1987,3,3,270,3.0,0,0,0,0,0,0,0,0.0,0.0,0.0,0.0,0.0,0.0,0.0,0.0,0.0,0.0,0.0,0.0,0.0,0.0,6.8,7.1,5.7,,,,,,6.53,35,56,35.153424657534245
450,Miloš Degenek,DF,Australia,28-234,Columbus Crew,1994,4,2,183,2.0,0,0,0,0,0,2,0,0.0,0.0,0.0,0.0,0.0,0.0,0.0,0.0,0.0,0.0,0.0,0.0,0.0,0.0,6.6,6.8,7.5,6.2,,,,,6.78,28,234,28.64109589041096
451,Miloš Veljković,DF,Serbia,27-083,Werder Bremen,1995,3,3,221,2.5,0,0,0,0,0,0,0,0.0,0.0,0.0,0.0,0.0,0.0,0.0,0.0,0.0,0.0,0.0,0.0,0.0,0.0,6.7,6.3,6.1,,,,,,6.37,27,83,27.22739726027397
452,Mislav Oršić,FW,Croatia,29-354,Dinamo Zagreb,1992,6,1,162,1.8,1,2,1,0,0,0,0,0.56,1.11,1.67,0.56,1.67,0.4,0.4,1.1,1.4,0.23,0.68,0.9,0.23,0.9,,7.4,,6.8,7.2,6.5,7.8,,7.14,29,354,29.96986301369863
453,Mitchell Duke,FW,Australia,31-334,Fagi Okayama,1991,4,4,270,3.0,1,0,1,0,0,1,0,0.33,0.0,0.33,0.33,0.33,0.4,0.4,0.0,0.4,0.12,0.01,0.13,0.12,0.13,6.4,7.8,7.1,6.3,,,,,6.9,31,334,31.915068493150685
454,Mohamed Ali Ben Romdhane,MF,Tunisia,23-103,Espérance de Tunis,1999,1,1,73,0.8,0,0,0,0,0,0,0,0.0,0.0,0.0,0.0,0.0,0.0,0.0,0.0,0.0,0.0,0.0,0.0,0.0,0.0,,,7.0,,,,,,7.0,23,103,23.28219178082192
455,Mohamed Dräger,DF,Tunisia,26-176,Luzern,1996,2,2,132,1.5,0,0,0,0,0,0,0,0.0,0.0,0.0,0.0,0.0,0.2,0.2,0.0,0.2,0.14,0.01,0.15,0.14,0.15,6.7,6.9,,,,,,,6.8,26,176,26.482191780821918
456,Mohamed Kanno,MF,Saudi Arabia,28-087,Al-Hilal,1994,3,3,270,3.0,0,0,0,0,0,0,0,0.0,0.0,0.0,0.0,0.0,0.3,0.3,0.0,0.3,0.1,0.0,0.1,0.1,0.1,7.0,7.6,6.9,,,,,,7.17,28,87,28.23835616438356
457,Mohammed Al-Breik,DF,Saudi Arabia,30-094,Al-Hilal,1992,2,1,65,0.7,0,0,0,0,0,0,0,0.0,0.0,0.0,0.0,0.0,0.4,0.0,0.0,0.1,0.51,0.07,0.58,0.03,0.1,,,,,,,,,,30,94,30.257534246575343
458,Mohammed Al-Owais,GK,Saudi Arabia,31-069,Al-Hilal,1991,3,3,270,3.0,0,0,0,0,0,1,0,0.0,0.0,0.0,0.0,0.0,0.0,0.0,0.0,0.0,0.0,0.0,0.0,0.0,0.0,8.2,6.6,8.2,,,,,,7.67,31,69,31.18904109589041
459,Mohammed Muntari,FW,Qatar,28-363,Al Duhail SC,1993,3,0,63,0.7,1,0,1,0,0,0,0,1.43,0.0,1.43,1.43,1.43,0.2,0.2,0.0,0.2,0.3,0.03,0.33,0.3,0.33,6.9,7.4,6.7,,,,,,7.0,28,363,28.994520547945207
460,Mohammed Salisu,DF,Ghana,23-245,Southampton,1999,3,3,270,3.0,1,0,1,0,0,0,0,0.33,0.0,0.33,0.33,0.33,0.8,0.8,0.2,1.0,0.26,0.08,0.34,0.26,0.34,6.1,8.0,7.0,,,,,,7.03,23,245,23.671232876712327
461,Mohammed Waad,MF,Qatar,23-091,Al Sadd SC,1999,2,0,28,0.3,0,0,0,0,0,0,0,0.0,0.0,0.0,0.0,0.0,0.0,0.0,0.0,0.0,0.0,0.0,0.0,0.0,0.0,6.6,6.5,,,,,,,6.55,23,91,23.24931506849315
462,Moisés Caicedo,MF,Ecuador,21-046,Brighton,2001,3,3,269,3.0,1,0,1,0,0,1,0,0.33,0.0,0.33,0.33,0.33,0.5,0.5,0.0,0.5,0.17,0.0,0.17,0.17,0.17,6.8,6.4,7.2,,,,,,6.8,21,46,21.126027397260273
463,Montassar Talbi,DF,Tunisia,24-206,Lorient,1998,3,3,270,3.0,0,0,0,0,0,0,0,0.0,0.0,0.0,0.0,0.0,0.0,0.0,0.0,0.0,0.0,0.0,0.0,0.0,0.0,7.2,7.3,7.1,,,,,,7.2,24,206,24.564383561643837
464,Morteza Pouraliganji,DF,IR Iran,30-243,Persepolis,1992,3,3,270,3.0,0,0,0,0,0,1,0,0.0,0.0,0.0,0.0,0.0,0.1,0.1,0.2,0.3,0.03,0.07,0.09,0.03,0.09,6.2,7.2,7.4,,,,,,6.93,30,243,30.665753424657535
465,Moumi Ngamaleu,FW,Cameroon,28-162,Dynamo Mosc,1994,2,1,95,1.1,0,0,0,0,0,0,0,0.0,0.0,0.0,0.0,0.0,0.0,0.0,0.2,0.2,0.0,0.15,0.15,0.0,0.15,,,,,,,,,,28,162,28.443835616438356
466,Munir,GK,Morocco,33-222,Al-Wehda,1989,1,1,90,1.0,0,0,0,0,0,0,0,0.0,0.0,0.0,0.0,0.0,0.0,0.0,0.0,0.0,0.0,0.0,0.0,0.0,0.0,,,,,,,,,,33,222,33.608219178082194
467,Musab Kheder,DF,Qatar,29-083,Al Sadd SC,1993,1,0,6,0.1,0,0,0,0,0,0,0,0.0,0.0,0.0,0.0,0.0,0.0,0.0,0.0,0.0,0.0,0.0,0.0,0.0,0.0,,,,,,,,,,29,83,29.22739726027397
468,Na Sang-ho,FW,Korea Republic,26-128,FC Seoul,1996,2,1,119,1.3,0,0,0,0,0,0,0,0.0,0.0,0.0,0.0,0.0,0.0,0.0,0.1,0.2,0.03,0.09,0.12,0.03,0.12,,,,,,,,,,26,128,26.350684931506848
469,Nader Ghandri,DF,Tunisia,27-303,Club Africain,1995,1,1,90,1.0,0,0,0,0,0,0,0,0.0,0.0,0.0,0.0,0.0,0.0,0.0,0.0,0.0,0.0,0.0,0.0,0.0,0.0,,,7.7,,,,,,7.7,27,303,27.83013698630137
470,Nahuel Molina,DF,Argentina,24-256,Atlético Madrid,1998,7,6,567,6.3,1,1,1,0,0,0,0,0.16,0.16,0.32,0.16,0.32,0.5,0.5,0.3,0.8,0.07,0.05,0.12,0.07,0.12,6.6,6.5,7.8,6.4,7.1,6.8,,6.2,6.77,24,256,24.7013698630137
471,Nampalys Mendy,MF,Senegal,30-178,Leicester City,1992,4,3,272,3.0,0,0,0,0,0,1,0,0.0,0.0,0.0,0.0,0.0,0.1,0.1,0.0,0.1,0.02,0.01,0.03,0.02,0.03,7.0,7.1,6.8,6.6,,,,,6.88,30,178,30.487671232876714
472,Nasser Al-Dawsari,FW,Saudi Arabia,23-364,Al-Hilal,1998,1,0,5,0.1,0,0,0,0,0,0,0,0.0,0.0,0.0,0.0,0.0,0.0,0.0,0.1,0.1,0.0,1.27,1.27,0.0,1.27,,6.7,,,,,,,6.7,23,364,23.997260273972604
473,Nathan Aké,DF,Netherlands,27-303,Manchester City,1995,5,5,479,5.3,0,0,0,0,0,1,0,0.0,0.0,0.0,0.0,0.0,0.0,0.0,0.0,0.0,0.0,0.0,0.0,0.0,0.0,7.1,7.2,7.1,7.0,7.0,,,,7.08,27,303,27.83013698630137
474,Nathaniel Atkinson,DF,Australia,23-188,Hearts,1999,1,1,84,0.9,0,0,0,0,0,0,0,0.0,0.0,0.0,0.0,0.0,0.0,0.0,0.0,0.0,0.0,0.0,0.0,0.0,0.0,5.3,,,,,,,,5.3,23,188,23.515068493150686
475,Nawaf Al Abed,MF,Saudi Arabia,32-326,Al-Shabab,1990,2,0,88,1.0,0,0,0,0,0,1,0,0.0,0.0,0.0,0.0,0.0,0.1,0.1,0.1,0.2,0.13,0.06,0.2,0.13,0.2,,,,,,,,,,32,326,32.893150684931506
476,Nayef Aguerd,DF,Morocco,26-263,West Ham,1996,4,4,353,3.9,0,0,0,0,0,0,0,0.0,0.0,0.0,0.0,0.0,0.2,0.2,0.0,0.2,0.04,0.01,0.05,0.04,0.05,7.2,7.3,6.5,6.9,,,,,6.98,26,263,26.720547945205478
477,Naïm Sliti,MF,Tunisia,30-144,Al-Ettifaq,1992,2,1,114,1.3,0,0,0,0,0,0,0,0.0,0.0,0.0,0.0,0.0,0.1,0.1,0.1,0.3,0.11,0.1,0.21,0.11,0.21,6.8,7.1,,,,,,,6.95,30,144,30.394520547945206
478,Neco Williams,DF,Wales,21-249,Nott'ham Forest,2001,3,3,204,2.3,0,0,0,0,0,0,0,0.0,0.0,0.0,0.0,0.0,0.1,0.1,0.1,0.2,0.04,0.03,0.07,0.04,0.07,6.9,6.8,6.8,,,,,,6.83,21,249,21.682191780821917
479,Nemanja Gudelj,MF,Serbia,31-032,Sevilla,1991,2,1,92,1.0,0,0,0,0,0,2,0,0.0,0.0,0.0,0.0,0.0,0.0,0.0,0.0,0.0,0.0,0.0,0.0,0.0,0.0,6.5,,6.5,,,,,,6.5,31,32,31.087671232876712
480,Nemanja Maksimović,MF,Serbia,27-326,Getafe,1995,3,1,122,1.4,0,0,0,0,0,0,0,0.0,0.0,0.0,0.0,0.0,0.0,0.0,0.1,0.1,0.0,0.07,0.07,0.0,0.07,6.5,6.9,6.8,,,,,,6.73,27,326,27.893150684931506
481,Nemanja Radonjić,DF,Serbia,26-306,Torino,1996,3,0,60,0.7,0,0,0,0,0,0,0,0.0,0.0,0.0,0.0,0.0,0.1,0.1,0.0,0.1,0.15,0.05,0.19,0.15,0.19,6.1,6.4,6.8,,,,,,6.43,26,306,26.838356164383562
482,Neymar,MF,Brazil,30-316,Paris S-G,1992,3,3,279,3.1,2,0,1,1,1,0,0,0.65,0.0,0.65,0.32,0.32,2.7,1.9,0.8,2.7,0.98,0.29,1.27,0.7,0.98,7.0,,,7.8,7.3,,,,7.37,30,316,30.865753424657534
483,Niclas Füllkrug,FW,Germany,29-312,Werder Bremen,1993,3,0,69,0.8,2,1,2,0,0,0,0,2.61,1.3,3.91,2.61,3.91,2.2,2.2,0.6,2.8,2.86,0.76,3.62,2.86,3.62,6.8,7.8,7.3,,,,,,7.3,29,312,29.854794520547944
484,Nico Elvedi,DF,Switzerland,26-079,M'Gladbach,1996,2,2,180,2.0,0,0,0,0,0,1,0,0.0,0.0,0.0,0.0,0.0,0.1,0.1,0.0,0.1,0.04,0.0,0.04,0.04,0.04,7.3,7.0,,,,,,,7.15,26,79,26.216438356164385
485,Nico Schlotterbeck,DF,Germany,23-017,Dortmund,1999,2,1,94,1.0,0,0,0,0,0,0,0,0.0,0.0,0.0,0.0,0.0,0.0,0.0,0.1,0.1,0.0,0.07,0.07,0.0,0.07,6.9,6.9,,,,,,,6.9,23,17,23.046575342465754
486,Nico Williams,FW,Spain,20-159,Athletic Club,2002,4,1,146,1.6,0,0,0,0,0,0,0,0.0,0.0,0.0,0.0,0.0,0.1,0.1,0.0,0.1,0.07,0.0,0.07,0.07,0.07,7.0,6.6,6.7,6.4,,,,,6.68,20,159,20.435616438356163
487,Nicola Zalewski,MF,Poland,20-329,Roma,2002,2,1,65,0.7,0,0,0,0,0,0,0,0.0,0.0,0.0,0.0,0.0,0.0,0.0,0.0,0.0,0.0,0.0,0.0,0.0,0.0,6.4,,,6.1,,,,,6.25,20,329,20.9013698630137
488,Nicolas Jackson,FW,Senegal,21-181,Villarreal,2001,1,0,17,0.2,0,0,0,0,0,0,0,0.0,0.0,0.0,0.0,0.0,0.0,0.0,0.0,0.0,0.0,0.0,0.0,0.0,0.0,6.5,,,,,,,,6.5,21,181,21.495890410958904
489,Nicolas Nkoulou,DF,Cameroon,32-266,Aris,1990,2,2,180,2.0,0,1,0,0,0,1,0,0.0,0.5,0.5,0.0,0.5,0.3,0.3,0.0,0.3,0.14,0.0,0.14,0.14,0.14,,,,,,,,,,32,266,32.728767123287675
490,Nicolás De La Cruz,MF,Uruguay,25-200,River Plate,1997,2,0,38,0.4,0,0,0,0,0,0,0,0.0,0.0,0.0,0.0,0.0,0.0,0.0,0.0,0.0,0.09,0.0,0.09,0.09,0.09,,,,,,,,,,25,200,25.54794520547945
491,Nicolás Otamendi,DF,Argentina,34-309,Benfica,1988,7,7,690,7.7,0,1,0,0,0,2,0,0.0,0.13,0.13,0.0,0.13,0.0,0.0,0.2,0.2,0.0,0.02,0.03,0.0,0.03,7.2,7.4,7.3,7.1,6.5,7.1,,6.0,6.94,34,309,34.846575342465755
492,Nicolás Tagliafico,DF,Argentina,30-109,Lyon,1992,6,3,373,4.1,0,0,0,0,0,0,0,0.0,0.0,0.0,0.0,0.0,1.0,1.0,0.2,1.2,0.26,0.05,0.31,0.26,0.31,6.5,,6.8,6.4,6.5,7.3,,7.1,6.77,30,109,30.2986301369863
493,Niklas Süle,DF,Germany,27-106,Dortmund,1995,3,3,269,3.0,0,0,0,0,0,0,0,0.0,0.0,0.0,0.0,0.0,0.1,0.1,0.0,0.1,0.04,0.0,0.04,0.04,0.04,6.8,7.3,7.0,,,,,,7.03,27,106,27.29041095890411
494,Nikola Milenković,DF,Serbia,25-067,Fiorentina,1997,3,3,270,3.0,0,0,0,0,0,2,0,0.0,0.0,0.0,0.0,0.0,0.2,0.2,0.0,0.2,0.06,0.0,0.06,0.06,0.06,7.4,6.3,6.9,,,,,,6.87,25,67,25.183561643835617
495,Nikola Vlašić,FW,Croatia,25-075,Torino,1997,6,1,209,2.3,0,0,0,0,0,0,0,0.0,0.0,0.0,0.0,0.0,0.4,0.4,0.0,0.4,0.25,0.0,0.25,0.25,0.25,6.1,6.4,,6.8,6.8,6.8,6.7,,6.6,25,75,25.205479452054796
496,Noa Lang,MF,Netherlands,23-184,Club Brugge,1999,1,0,8,0.1,0,0,0,0,0,1,0,0.0,0.0,0.0,0.0,0.0,0.0,0.0,0.0,0.0,,,,,,,,,,6.9,,,,6.9,23,184,23.504109589041096
497,Noah Okafor,FW,Switzerland,22-208,RB Salzburg,2000,3,0,45,0.5,0,0,0,0,0,0,0,0.0,0.0,0.0,0.0,0.0,0.0,0.0,0.0,0.1,0.05,0.09,0.14,0.05,0.14,6.6,,,6.4,,,,,6.5,22,208,22.56986301369863
498,Nouhou Tolo,DF,Cameroon,25-178,Seattle,1997,3,3,270,3.0,0,0,0,0,0,1,0,0.0,0.0,0.0,0.0,0.0,0.0,0.0,0.0,0.0,0.0,0.0,0.0,0.0,0.0,6.9,6.6,7.0,,,,,,6.83,25,178,25.487671232876714
499,Noussair Mazraoui,DF,Morocco,25-034,Bayern Munich,1997,5,5,365,4.1,0,0,0,0,0,0,0,0.0,0.0,0.0,0.0,0.0,0.2,0.2,0.0,0.2,0.04,0.01,0.04,0.04,0.04,7.1,7.1,6.7,7.2,,6.3,,,6.88,25,34,25.09315068493151
500,Nuno Mendes,DF,Portugal,20-182,Paris S-G,2002,1,1,41,0.5,0,0,0,0,0,0,0,0.0,0.0,0.0,0.0,0.0,0.0,0.0,0.0,0.0,0.0,0.04,0.04,0.0,0.04,,7.2,,,,,,,7.2,20,182,20.4986301369863
501,Néstor Araujo,DF,Mexico,31-111,América,1991,1,1,90,1.0,0,0,0,0,0,1,0,0.0,0.0,0.0,0.0,0.0,0.0,0.0,0.0,0.0,0.0,0.0,0.0,0.0,0.0,,6.2,,,,,,,6.2,31,111,31.304109589041097
502,Olivier Giroud,FW,France,36-079,Milan,1986,6,6,419,4.7,4,0,4,0,0,1,0,0.86,0.0,0.86,0.86,0.86,3.4,3.4,0.1,3.5,0.72,0.03,0.76,0.72,0.76,8.5,6.9,,7.4,7.2,7.1,,6.7,7.3,36,79,36.21643835616438
503,Olivier Ntcham,MF,Cameroon,26-312,Swansea City,1996,1,0,25,0.3,0,0,0,0,0,0,0,0.0,0.0,0.0,0.0,0.0,0.0,0.0,0.0,0.1,0.16,0.09,0.25,0.16,0.25,,,7.1,,,,,,7.1,26,312,26.854794520547944
504,Orbelín Pineda,MF,Mexico,26-269,AEK Athens,1996,1,1,76,0.8,0,0,0,0,0,0,0,0.0,0.0,0.0,0.0,0.0,0.3,0.3,0.1,0.4,0.38,0.07,0.45,0.38,0.45,,,6.9,,,,,,6.9,26,269,26.736986301369864
505,Osman Bukari,MF,Ghana,24-005,Red Star,1998,2,0,59,0.7,1,0,1,0,0,0,0,1.53,0.0,1.53,1.53,1.53,0.5,0.5,0.1,0.6,0.76,0.09,0.85,0.76,0.85,7.0,,6.7,,,,,,6.85,24,5,24.013698630136986
506,Otávio,MF,Portugal,27-312,Porto,1995,3,3,196,2.2,0,0,0,0,0,0,0,0.0,0.0,0.0,0.0,0.0,0.1,0.1,0.4,0.5,0.05,0.17,0.23,0.05,0.23,7.6,,,6.7,7.6,,,,7.3,27,312,27.854794520547944
507,Ousmane Dembélé,FW,France,25-217,Barcelona,1997,7,6,433,4.8,0,2,0,0,0,1,0,0.0,0.42,0.42,0.0,0.42,0.5,0.5,1.6,2.1,0.1,0.34,0.44,0.1,0.44,7.7,6.9,6.9,7.7,6.9,6.7,,5.7,6.93,25,217,25.594520547945205
508,Pablo Sarabia,FW,Spain,30-221,Paris S-G,1992,1,0,3,0.0,0,0,0,0,0,0,0,0.0,0.0,0.0,0.0,0.0,0.1,0.1,0.2,0.3,,,,,,,,,,,,,,,30,221,30.605479452054794
509,Paik Seung-ho,MF,Korea Republic,25-276,Jeonbuk,1997,1,0,26,0.3,1,0,1,0,0,0,0,3.46,0.0,3.46,3.46,3.46,0.0,0.0,0.0,0.0,0.15,0.0,0.15,0.15,0.15,,,,,,,,,,25,276,25.756164383561643
510,Pape Abou Cissé,DF,Senegal,27-095,Olympiacos,1995,3,1,105,1.2,0,0,0,0,0,0,0,0.0,0.0,0.0,0.0,0.0,0.0,0.0,0.0,0.0,0.0,0.0,0.0,0.0,0.0,6.8,6.5,,,,,,,6.65,27,95,27.26027397260274
511,Pape Gueye,MF,Senegal,23-328,Marseille,1999,3,1,153,1.7,0,0,0,0,0,0,0,0.0,0.0,0.0,0.0,0.0,0.1,0.1,0.2,0.3,0.07,0.11,0.18,0.07,0.18,6.7,,7.3,6.1,,,,,6.7,23,328,23.898630136986302
512,Pape Matar Sarr,MF,Senegal,20-095,Tottenham,2002,2,0,59,0.7,0,0,0,0,0,0,0,0.0,0.0,0.0,0.0,0.0,0.1,0.1,0.0,0.2,0.18,0.05,0.23,0.18,0.23,,6.9,,6.8,,,,,6.85,20,95,20.26027397260274
513,Papu Gómez,MF,Argentina,34-306,Sevilla,1988,2,2,107,1.2,0,0,0,0,0,0,0,0.0,0.0,0.0,0.0,0.0,0.0,0.0,0.0,0.0,0.03,0.0,0.03,0.03,0.03,6.8,,,7.0,,,,,6.9,34,306,34.83835616438356
514,Pathé Ciss,MF,Senegal,28-277,Rayo Vallecano,1994,3,2,146,1.6,0,0,0,0,0,1,0,0.0,0.0,0.0,0.0,0.0,0.0,0.0,0.0,0.0,0.02,0.0,0.02,0.02,0.02,,,,,,,,,,28,277,28.75890410958904
515,Pau Torres,DF,Spain,25-336,Villarreal,1997,1,1,90,1.0,0,0,0,0,0,0,0,0.0,0.0,0.0,0.0,0.0,0.0,0.0,0.0,0.0,0.0,0.0,0.0,0.0,0.0,,,7.0,,,,,,7.0,25,336,25.92054794520548
516,Paulo Dybala,FW,Argentina,29-033,Roma,1993,2,0,18,0.2,0,0,0,0,0,0,0,0.0,0.0,0.0,0.0,0.0,0.0,0.0,0.2,0.2,0.0,1.03,1.03,0.0,1.03,,,,,,7.0,,,7.0,29,33,29.09041095890411
517,Pedri,MF,Spain,20-023,Barcelona,2002,4,4,356,4.0,0,0,0,0,0,0,0,0.0,0.0,0.0,0.0,0.0,0.0,0.0,0.8,0.8,0.0,0.22,0.22,0.0,0.22,7.9,7.0,7.5,7.7,,,,,7.52,20,23,20.063013698630137
518,Pedro,FW,Brazil,25-181,Flamengo,1997,2,0,64,0.7,0,0,0,0,0,0,0,0.0,0.0,0.0,0.0,0.0,0.5,0.5,0.0,0.5,1.39,0.0,1.39,1.39,1.39,,,,,,,,,,25,181,25.495890410958904
519,Pepe,DF,Portugal,39-295,Porto,1983,4,4,360,4.0,1,0,1,0,0,0,0,0.25,0.0,0.25,0.25,0.25,0.4,0.4,0.0,0.4,0.11,0.0,0.11,0.11,0.11,,7.2,7.1,7.6,6.7,,,,7.15,39,295,39.80821917808219
520,Pervis Estupiñán,DF,Ecuador,24-331,Brighton,1998,3,3,270,3.0,0,0,0,0,0,0,0,0.0,0.0,0.0,0.0,0.0,0.1,0.1,0.3,0.3,0.02,0.09,0.11,0.02,0.11,7.1,6.8,6.7,,,,,,6.87,24,331,24.90684931506849
521,Phil Foden,FW,England,22-204,Manchester City,2000,4,3,258,2.9,1,2,1,0,0,0,0,0.35,0.7,1.05,0.35,1.05,1.1,1.1,0.6,1.6,0.38,0.2,0.57,0.38,0.57,6.7,,7.4,8.1,7.0,,,,7.3,22,204,22.55890410958904
522,Piero Hincapié,DF,Ecuador,20-343,Leverkusen,2002,3,3,270,3.0,0,0,0,0,0,0,0,0.0,0.0,0.0,0.0,0.0,0.0,0.0,0.0,0.0,0.0,0.0,0.0,0.0,0.0,7.0,6.7,6.4,,,,,,6.7,20,343,20.93972602739726
523,Pierre Højbjerg,MF,Denmark,27-135,Tottenham,1995,3,3,270,3.0,0,0,0,0,0,0,0,0.0,0.0,0.0,0.0,0.0,0.0,0.0,0.0,0.1,0.01,0.01,0.02,0.01,0.02,,,,,,,,,,27,135,27.36986301369863
524,Pierre Kunde,MF,Cameroon,27-145,Olympiacos,1995,2,2,131,1.5,0,0,0,0,0,1,0,0.0,0.0,0.0,0.0,0.0,0.2,0.2,0.1,0.3,0.15,0.05,0.2,0.15,0.2,,6.8,6.9,,,,,,6.85,27,145,27.397260273972602
525,Piotr Zieliński,MF,Poland,28-212,Napoli,1994,4,4,328,3.6,1,0,1,0,0,0,0,0.27,0.0,0.27,0.27,0.27,0.6,0.6,0.4,1.0,0.16,0.11,0.26,0.16,0.26,7.2,7.0,7.0,7.0,,,,,7.05,28,212,28.58082191780822
526,Przemysław Frankowski,MF,Poland,27-250,Lens,1995,4,3,240,2.7,0,0,0,0,0,1,0,0.0,0.0,0.0,0.0,0.0,0.0,0.0,0.2,0.3,0.01,0.09,0.11,0.01,0.11,6.8,7.2,6.6,6.7,,,,,6.82,27,250,27.684931506849313
527,Rafael Leão,FW,Portugal,23-191,Milan,1999,5,0,88,1.0,2,0,2,0,0,0,0,2.05,0.0,2.05,2.05,2.05,0.4,0.4,0.2,0.6,0.42,0.16,0.57,0.42,0.57,7.2,6.8,6.6,7.4,7.1,,,,7.02,23,191,23.523287671232875
528,Raheem Sterling,FW,England,28-010,Chelsea,1994,3,2,149,1.7,1,1,1,0,0,0,0,0.6,0.6,1.21,0.6,1.21,0.4,0.4,0.1,0.5,0.22,0.09,0.31,0.22,0.31,7.7,6.7,,,6.7,,,,7.03,28,10,28.027397260273972
529,Ramin Rezaeian,DF,IR Iran,32-272,Sepahan,1990,2,2,180,2.0,1,0,1,0,0,1,0,0.5,0.0,0.5,0.5,0.5,0.3,0.3,0.3,0.5,0.13,0.14,0.27,0.13,0.27,,7.7,6.9,,,,,,7.3,32,272,32.74520547945205
530,Randal Kolo Muani,FW,France,24-013,Eint Frankfurt,1998,3,1,182,2.0,1,0,1,0,0,0,0,0.49,0.0,0.49,0.49,0.49,1.1,1.1,0.0,1.1,0.65,0.0,0.65,0.65,0.65,,,6.8,,,7.4,,7.4,7.2,24,13,24.035616438356165
531,Raphaël Guerreiro,DF,Portugal,28-361,Dortmund,1993,4,3,279,3.1,1,2,1,0,0,0,0,0.32,0.65,0.97,0.32,0.97,0.4,0.4,0.6,1.0,0.12,0.19,0.31,0.12,0.31,7.2,7.1,,8.4,6.6,,,,7.33,28,361,28.98904109589041
532,Raphaël Varane,DF,France,29-237,Manchester Utd,1993,6,6,518,5.8,0,0,0,0,0,0,0,0.0,0.0,0.0,0.0,0.0,0.3,0.3,0.0,0.3,0.06,0.0,0.06,0.06,0.06,,6.5,6.6,7.5,6.8,6.9,,6.5,6.8,29,237,29.649315068493152
533,Raphinha,FW,Brazil,26-004,Barcelona,1996,5,4,315,3.5,0,1,0,0,0,0,0,0.0,0.29,0.29,0.0,0.29,1.2,1.2,1.3,2.5,0.35,0.38,0.72,0.35,0.72,7.0,7.4,6.7,8.0,6.8,,,,7.18,26,4,26.01095890410959
534,Rasmus Nissen,DF,Denmark,25-160,Leeds United,1997,3,3,224,2.5,0,0,0,0,0,1,0,0.0,0.0,0.0,0.0,0.0,0.0,0.0,0.0,0.0,0.0,0.01,0.01,0.0,0.01,,,,,,,,,,25,160,25.438356164383563
535,Raúl Jiménez,FW,Mexico,31-227,Wolves,1991,3,0,59,0.7,0,0,0,0,0,0,0,0.0,0.0,0.0,0.0,0.0,0.0,0.0,0.0,0.0,0.0,0.0,0.0,0.0,0.0,6.6,6.8,6.6,,,,,,6.67,31,227,31.621917808219177
536,Remo Freuler,MF,Switzerland,30-247,Nott'ham Forest,1992,4,4,323,3.6,1,0,1,0,0,0,0,0.28,0.0,0.28,0.28,0.28,0.5,0.5,0.0,0.5,0.14,0.0,0.14,0.14,0.14,6.9,6.6,6.8,6.0,,,,,6.58,30,247,30.676712328767124
537,Renato Steffen,FW,Switzerland,31-045,Lugano,1991,1,0,32,0.4,0,0,0,0,0,0,0,0.0,0.0,0.0,0.0,0.0,0.0,0.0,0.0,0.0,0.0,0.0,0.0,0.0,0.0,,6.3,,,,,,,6.3,31,45,31.123287671232877
538,Ricardo Horta,FW,Portugal,28-094,Braga,1994,3,1,119,1.3,1,0,1,0,0,0,0,0.76,0.0,0.76,0.76,0.76,0.8,0.8,0.1,0.8,0.58,0.05,0.63,0.58,0.63,,,7.8,6.6,6.6,,,,7.0,28,94,28.257534246575343
539,Ricardo Rodríguez,DF,Switzerland,30-115,Torino,1992,4,4,359,4.0,0,0,0,0,0,0,0,0.0,0.0,0.0,0.0,0.0,0.0,0.0,0.2,0.2,0.0,0.04,0.04,0.0,0.04,6.8,6.6,6.8,5.7,,,,,6.48,30,115,30.315068493150687
540,Richarlison,FW,Brazil,25-222,Tottenham,1997,4,4,323,3.6,3,0,3,0,0,0,0,0.84,0.0,0.84,0.84,0.84,2.1,2.1,1.0,3.1,0.59,0.27,0.86,0.59,0.86,8.5,6.6,,7.5,7.6,,,,7.55,25,222,25.60821917808219
541,Richie Laryea,DF,Canada,27-345,Toronto FC,1995,3,2,160,1.8,0,0,0,0,0,0,0,0.0,0.0,0.0,0.0,0.0,0.1,0.1,0.5,0.6,0.04,0.3,0.34,0.04,0.34,7.3,6.6,6.4,,,,,,6.77,27,345,27.945205479452056
542,Riley McGree,FW,Australia,24-046,Middlesbrough,1998,4,4,265,2.9,0,1,0,0,0,0,0,0.0,0.34,0.34,0.0,0.34,0.1,0.1,0.6,0.8,0.05,0.22,0.27,0.05,0.27,6.2,6.7,7.2,6.6,,,,,6.68,24,46,24.126027397260273
543,Ritsu Doan,FW,Japan,24-185,Freiburg,1998,4,2,217,2.4,2,0,2,0,0,0,0,0.83,0.0,0.83,0.83,0.83,0.5,0.5,0.2,0.7,0.21,0.07,0.28,0.21,0.28,7.7,6.9,7.5,7.2,,,,,7.32,24,185,24.506849315068493
544,Riyadh Sharahili,MF,Saudi Arabia,29-234,Abha,1993,1,0,54,0.6,0,0,0,0,0,0,0,0.0,0.0,0.0,0.0,0.0,0.0,0.0,0.0,0.0,0.0,0.05,0.05,0.0,0.05,,,6.5,,,,,,6.5,29,234,29.64109589041096
545,Roan Wilson,MF,Costa Rica,20-231,Municipal Grecia,2002,1,0,1,0.0,0,0,0,0,0,0,0,0.0,0.0,0.0,0.0,0.0,0.0,0.0,0.0,0.0,0.0,0.0,0.0,0.0,0.0,,,6.6,,,,,,6.6,20,231,20.632876712328766
546,Robert Lewandowski,FW,Poland,34-119,Barcelona,1988,4,4,360,4.0,2,1,1,1,2,0,0,0.5,0.25,0.75,0.25,0.5,2.9,1.4,0.4,1.8,0.73,0.1,0.83,0.34,0.44,7.0,8.1,6.3,7.4,,,,,7.2,34,119,34.326027397260276
547,Robert Skov,DF,Denmark,26-212,Hoffenheim,1996,1,0,22,0.2,0,0,0,0,0,1,0,0.0,0.0,0.0,0.0,0.0,0.0,0.0,0.0,0.0,0.0,0.0,0.0,0.0,0.0,,,6.5,,,,,,6.5,26,212,26.58082191780822
548,Roberto Alvarado,FW,Mexico,24-102,Guadalajara,1998,1,0,18,0.2,0,0,0,0,0,1,0,0.0,0.0,0.0,0.0,0.0,0.0,0.0,0.0,0.0,0.0,0.0,0.0,0.0,0.0,,6.3,,,,,,,6.3,24,102,24.279452054794522
549,Rodri,DF,Spain,26-179,Manchester City,1996,4,4,390,4.3,0,0,0,0,0,0,0,0.0,0.0,0.0,0.0,0.0,0.0,0.0,0.2,0.2,0.01,0.04,0.05,0.01,0.05,7.3,7.5,7.5,8.5,,,,,7.7,26,179,26.49041095890411
550,Rodrigo Bentancur,MF,Uruguay,25-176,Tottenham,1997,3,3,213,2.4,0,0,0,0,0,1,0,0.0,0.0,0.0,0.0,0.0,0.6,0.6,0.1,0.8,0.26,0.06,0.32,0.26,0.32,7.3,7.3,6.9,,,,,,7.17,25,176,25.482191780821918
551,Rodrigo De Paul,MF,Argentina,28-208,Atlético Madrid,1994,7,7,599,6.7,0,0,0,0,0,0,0,0.0,0.0,0.0,0.0,0.0,0.9,0.9,0.3,1.2,0.13,0.05,0.18,0.13,0.18,6.8,6.8,7.6,7.5,7.1,6.7,,6.7,7.03,28,208,28.56986301369863
552,Rodrygo,MF,Brazil,21-343,Real Madrid,2001,5,1,181,2.0,0,1,0,0,0,0,0,0.0,0.5,0.5,0.0,0.5,0.4,0.4,0.4,0.9,0.26,0.25,0.52,0.26,0.52,6.6,6.8,7.2,6.9,6.6,,,,6.82,21,343,21.93972602739726
553,Rogelio Funes Mori,FW,Mexico,31-288,Monterrey,1991,1,0,5,0.1,0,0,0,0,0,0,0,0.0,0.0,0.0,0.0,0.0,0.1,0.1,0.0,0.1,1.23,0.0,1.23,1.23,1.23,,,6.6,,,,,,6.6,31,288,31.78904109589041
554,Romain Saïss,DF,Morocco,32-267,Beşiktaş,1990,6,6,466,5.2,1,0,1,0,0,1,0,0.19,0.0,0.19,0.19,0.19,0.8,0.8,0.0,0.8,0.16,0.0,0.16,0.16,0.16,7.0,8.0,6.6,7.1,6.5,6.1,,,6.88,32,267,32.73150684931507
555,Romario Ibarra,MF,Ecuador,28-085,Pachuca,1994,2,1,68,0.8,0,0,0,0,0,0,0,0.0,0.0,0.0,0.0,0.0,0.1,0.1,0.0,0.1,0.19,0.0,0.19,0.19,0.19,7.0,,,,,,,,7.0,28,85,28.232876712328768
556,Romelu Lukaku,FW,Belgium,29-219,Inter,1993,2,0,55,0.6,0,0,0,0,0,0,0,0.0,0.0,0.0,0.0,0.0,1.7,1.7,0.0,1.8,2.84,0.06,2.9,2.84,2.9,,6.3,5.7,,,,,,6.0,29,219,29.6
557,Roozbeh Cheshmi,DF,IR Iran,29-147,Esteghlal,1993,2,1,58,0.6,1,0,1,0,0,0,0,1.55,0.0,1.55,1.55,1.55,0.1,0.1,0.0,0.1,0.08,0.0,0.08,0.08,0.08,6.1,7.5,,,,,,,6.8,29,147,29.4027397260274
558,Ruben Vargas,FW,Switzerland,24-135,Augsburg,1998,4,4,285,3.2,0,1,0,0,0,1,0,0.0,0.32,0.32,0.0,0.32,0.3,0.3,0.6,0.9,0.11,0.19,0.3,0.11,0.3,,,,,,,,,,24,135,24.36986301369863
559,Rubin Colwill,MF,Wales,20-235,Cardiff City,2002,1,0,10,0.1,0,0,0,0,0,0,0,0.0,0.0,0.0,0.0,0.0,0.0,0.0,0.0,0.0,0.21,0.0,0.21,0.21,0.21,,,6.4,,,,,,6.4,20,235,20.643835616438356
560,Ró-Ró,DF,Qatar,32-134,Al Sadd SC,1990,3,3,262,2.9,0,0,0,0,0,0,0,0.0,0.0,0.0,0.0,0.0,0.1,0.1,0.0,0.1,0.02,0.0,0.02,0.02,0.02,,,,,,,,,,32,134,32.367123287671234
561,Rónald Matarrita,DF,Costa Rica,28-162,FC Cincinnati,1994,2,0,26,0.3,0,0,0,0,0,0,0,0.0,0.0,0.0,0.0,0.0,0.0,0.0,0.0,0.0,0.0,0.0,0.0,0.0,0.0,,,,,,,,,,28,162,28.443835616438356
562,Rúben Dias,DF,Portugal,25-218,Manchester City,1997,4,4,360,4.0,0,0,0,0,0,1,0,0.0,0.0,0.0,0.0,0.0,0.0,0.0,0.0,0.0,0.01,0.0,0.01,0.01,0.01,6.7,6.9,,6.4,6.9,,,,6.72,25,218,25.5972602739726
563,Rúben Neves,MF,Portugal,25-280,Wolves,1997,5,4,268,3.0,0,0,0,0,0,1,0,0.0,0.0,0.0,0.0,0.0,0.1,0.1,0.0,0.1,0.03,0.01,0.04,0.03,0.04,6.7,6.6,7.1,6.7,6.6,,,,6.74,25,280,25.767123287671232
564,Saad Al Sheeb,GK,Qatar,32-302,Al Sadd SC,1990,1,1,90,1.0,0,0,0,0,0,1,0,0.0,0.0,0.0,0.0,0.0,0.0,0.0,0.0,0.0,0.0,0.0,0.0,0.0,0.0,6.4,,,,,,,,6.4,32,302,32.827397260273976
565,Sadegh Moharrami,DF,IR Iran,26-292,Dinamo Zagreb,1996,1,1,90,1.0,0,0,0,0,0,0,0,0.0,0.0,0.0,0.0,0.0,0.0,0.0,0.0,0.0,0.0,0.0,0.0,0.0,0.0,5.5,,,,,,,,5.5,26,292,26.8
566,Saeid Ezatolahi,MF,IR Iran,26-078,Vejle BK,1996,3,2,217,2.4,0,0,0,0,0,0,0,0.0,0.0,0.0,0.0,0.0,0.1,0.1,0.2,0.3,0.04,0.08,0.12,0.04,0.12,6.5,7.1,7.0,,,,,,6.87,26,78,26.213698630136985
567,Saleh Al-Shehri,FW,Saudi Arabia,29-047,Al-Hilal,1993,3,3,223,2.5,1,0,1,0,0,1,0,0.4,0.0,0.4,0.4,0.4,0.1,0.1,0.1,0.2,0.03,0.05,0.09,0.03,0.09,7.2,7.2,6.8,,,,,,7.07,29,47,29.12876712328767
568,Salem Al-Dawsari,MF,Saudi Arabia,31-121,Al-Hilal,1991,3,3,270,3.0,2,0,2,0,1,1,0,0.67,0.0,0.67,0.67,0.67,1.8,1.0,0.2,1.2,0.59,0.08,0.67,0.32,0.4,6.6,7.3,7.4,,,,,,7.1,31,121,31.33150684931507
569,Salis Abdul Samed,MF,Ghana,22-267,Lens,2000,3,3,250,2.8,0,0,0,0,0,0,0,0.0,0.0,0.0,0.0,0.0,0.0,0.0,0.0,0.1,0.01,0.01,0.02,0.01,0.02,6.4,6.8,7.1,,,,,,6.77,22,267,22.731506849315068
570,Salman Al-Faraj,MF,Saudi Arabia,33-139,Al-Hilal,1989,1,1,44,0.5,0,0,0,0,0,0,0,0.0,0.0,0.0,0.0,0.0,0.0,0.0,0.0,0.0,0.0,0.0,0.0,0.0,0.0,,,,,,,,,,33,139,33.38082191780822
571,Sam Adekugbe,DF,Canada,27-336,Hatayspor,1995,3,1,95,1.1,0,0,0,0,0,1,0,0.0,0.0,0.0,0.0,0.0,0.0,0.0,0.1,0.1,0.0,0.09,0.09,0.0,0.09,6.7,6.4,6.7,,,,,,6.6,27,336,27.92054794520548
572,Saman Ghoddos,MF,IR Iran,29-103,Brentford,1993,1,0,45,0.5,0,0,0,0,0,0,0,0.0,0.0,0.0,0.0,0.0,0.2,0.2,0.0,0.2,0.36,0.05,0.41,0.36,0.41,,,6.7,,,,,,6.7,29,103,29.28219178082192
573,Sami Al-Najei,MF,Saudi Arabia,25-314,Al-Nassr,1997,1,1,45,0.5,0,0,0,0,0,0,0,0.0,0.0,0.0,0.0,0.0,0.0,0.0,0.0,0.0,0.0,0.0,0.0,0.0,0.0,,,,,,,,,,25,314,25.86027397260274
574,Samuel Oum Gouet,MF,Cameroon,25-005,Mechelen,1997,2,1,100,1.1,0,0,0,0,0,0,0,0.0,0.0,0.0,0.0,0.0,0.0,0.0,0.0,0.0,0.0,0.0,0.0,0.0,0.0,6.8,6.5,,,,,,,6.65,25,5,25.013698630136986
575,Sardar Azmoun,FW,IR Iran,27-351,Leverkusen,1995,3,2,126,1.4,0,0,0,0,0,0,0,0.0,0.0,0.0,0.0,0.0,0.9,0.9,0.1,1.0,0.67,0.05,0.71,0.67,0.71,6.4,6.9,6.5,,,,,,6.6,27,351,27.96164383561644
576,Saud Abdulhamid,DF,Saudi Arabia,23-153,Al-Hilal,1999,3,3,270,3.0,0,0,0,0,0,1,0,0.0,0.0,0.0,0.0,0.0,0.0,0.0,0.0,0.1,0.01,0.02,0.02,0.01,0.02,6.4,7.2,6.5,,,,,,6.7,23,153,23.41917808219178
577,Saša Lukić,MF,Serbia,26-127,Torino,1996,3,3,245,2.7,0,0,0,0,0,2,0,0.0,0.0,0.0,0.0,0.0,0.1,0.1,0.0,0.1,0.02,0.0,0.02,0.02,0.02,6.4,6.6,6.3,,,,,,6.43,26,127,26.34794520547945
578,Sebastian Szymański,MF,Poland,23-222,Feyenoord,1999,2,2,134,1.5,0,0,0,0,0,0,0,0.0,0.0,0.0,0.0,0.0,0.0,0.0,0.0,0.0,0.0,0.0,0.0,0.0,0.0,6.9,,,6.7,,,,,6.8,23,222,23.60821917808219
579,Sebastián Coates,DF,Uruguay,32-072,Sporting CP,1990,2,2,180,2.0,0,0,0,0,0,1,0,0.0,0.0,0.0,0.0,0.0,0.1,0.1,0.0,0.1,0.05,0.0,0.05,0.05,0.05,,6.5,7.1,,,,,,6.8,32,72,32.1972602739726
580,Selim Amallah,MF,Morocco,26-033,Standard Liège,1996,7,4,409,4.5,0,0,0,0,0,1,0,0.0,0.0,0.0,0.0,0.0,0.2,0.2,0.1,0.3,0.05,0.02,0.07,0.05,0.07,6.9,6.7,6.4,6.5,6.8,6.9,6.9,,6.73,26,33,26.09041095890411
581,Serge Gnabry,FW,Germany,27-157,Bayern Munich,1995,3,3,263,2.9,1,1,1,0,0,0,0,0.34,0.34,0.68,0.34,0.68,1.1,1.1,1.5,2.6,0.37,0.51,0.88,0.37,0.88,7.1,6.7,8.8,,,,,,7.53,27,157,27.43013698630137
582,Sergej Milinković-Savić,MF,Serbia,27-294,Lazio,1995,3,3,233,2.6,1,0,1,0,0,1,0,0.39,0.0,0.39,0.39,0.39,0.2,0.2,0.0,0.2,0.07,0.0,0.07,0.07,0.07,6.7,7.9,6.4,,,,,,7.0,27,294,27.805479452054794
583,Sergio Busquets,MF,Spain,34-155,Barcelona,1988,4,4,363,4.0,0,0,0,0,0,1,0,0.0,0.0,0.0,0.0,0.0,0.1,0.1,0.1,0.2,0.04,0.02,0.06,0.04,0.06,7.5,6.8,7.0,6.7,,,,,7.0,34,155,34.42465753424658
584,Sergio Rochet,GK,Uruguay,29-270,Nacional,1993,3,3,270,3.0,0,0,0,0,0,0,0,0.0,0.0,0.0,0.0,0.0,0.0,0.0,0.0,0.0,0.0,0.0,0.0,0.0,0.0,6.7,6.1,7.8,,,,,,6.87,29,270,29.73972602739726
585,Sergiño Dest,DF,United States,22-045,Milan,2000,4,4,305,3.4,0,1,0,0,0,1,0,0.0,0.3,0.3,0.0,0.3,0.2,0.2,0.5,0.7,0.07,0.15,0.22,0.07,0.22,6.8,6.8,7.2,5.9,,,,,6.68,22,45,22.123287671232877
586,Shaquell Moore,DF,United States,26-046,Nashville,1996,2,0,22,0.2,0,0,0,0,0,0,0,0.0,0.0,0.0,0.0,0.0,0.0,0.0,0.0,0.0,0.0,0.0,0.0,0.0,0.0,,,,,,,,,,26,46,26.126027397260273
587,Shogo Taniguchi,DF,Japan,31-156,Kawa Frontale,1991,2,2,210,2.3,0,0,0,0,0,1,0,0.0,0.0,0.0,0.0,0.0,0.2,0.2,0.0,0.2,0.12,0.0,0.12,0.12,0.12,,,6.8,6.9,,,,,6.85,31,156,31.427397260273974
588,Shūichi Gonda,GK,Japan,33-290,S-Pulse,1989,4,4,390,4.3,0,0,0,0,0,0,0,0.0,0.0,0.0,0.0,0.0,0.0,0.0,0.0,0.0,0.0,0.0,0.0,0.0,0.0,,,,,,,,,,33,290,33.794520547945204
589,Silvan Widmer,DF,Switzerland,29-288,Mainz 05,1993,3,3,265,2.9,0,1,0,0,0,1,0,0.0,0.34,0.34,0.0,0.34,0.0,0.0,0.8,0.9,0.01,0.29,0.3,0.01,0.3,7.6,6.8,6.8,,,,,,7.07,29,288,29.78904109589041
590,Simon Kjær,DF,Denmark,33-267,Milan,1989,1,1,64,0.7,0,0,0,0,0,0,0,0.0,0.0,0.0,0.0,0.0,0.0,0.0,0.0,0.0,0.0,0.0,0.0,0.0,0.0,7.3,,,,,,,,7.3,33,267,33.73150684931507
591,Sofiane Boufal,FW,Morocco,29-092,Angers,1993,7,7,475,5.3,0,0,0,0,0,1,0,0.0,0.0,0.0,0.0,0.0,0.3,0.3,0.3,0.6,0.05,0.06,0.11,0.05,0.11,6.2,7.0,7.3,7.2,7.0,6.8,6.8,,6.9,29,92,29.252054794520546
592,Sofyan Amrabat,MF,Morocco,26-119,Fiorentina,1996,7,7,660,7.3,0,0,0,0,0,1,0,0.0,0.0,0.0,0.0,0.0,0.0,0.0,0.1,0.1,0.0,0.01,0.01,0.0,0.01,7.2,6.6,6.9,7.3,6.5,6.9,6.4,,6.83,26,119,26.326027397260273
593,Son Heung-min,FW,Korea Republic,30-163,Tottenham,1992,4,4,360,4.0,0,1,0,0,0,0,0,0.0,0.25,0.25,0.0,0.25,0.4,0.4,1.0,1.4,0.11,0.24,0.35,0.11,0.35,6.9,6.6,7.6,6.0,,,,,6.78,30,163,30.446575342465753
594,Son Jun-ho,MF,Korea Republic,30-220,Shandong Lunen,1992,3,0,72,0.8,0,0,0,0,0,0,0,0.0,0.0,0.0,0.0,0.0,0.0,0.0,0.0,0.0,0.0,0.0,0.0,0.0,0.0,,,,,,,,,,30,220,30.602739726027398
595,Sorba Thomas,MF,Wales,23-118,Huddersfield,1999,1,0,1,0.0,0,0,0,0,0,0,0,0.0,0.0,0.0,0.0,0.0,0.0,0.0,0.0,0.0,0.0,0.0,0.0,0.0,0.0,6.4,,,,,,,,6.4,23,118,23.323287671232876
596,Srđan Babić,DF,Serbia,26-240,Almería,1996,1,0,13,0.1,0,0,0,0,0,0,0,0.0,0.0,0.0,0.0,0.0,0.0,0.0,0.0,0.0,0.0,0.0,0.0,0.0,0.0,,6.3,,,,,,,6.3,26,240,26.65753424657534
597,Stefan Mitrović,DF,Serbia,32-210,Getafe,1990,1,0,35,0.4,0,0,0,0,0,0,0,0.0,0.0,0.0,0.0,0.0,0.0,0.0,0.0,0.0,0.0,0.0,0.0,0.0,0.0,,6.0,,,,,,,6.0,32,210,32.57534246575342
598,Stephen Eustáquio,MF,Canada,25-362,Porto,1996,2,2,125,1.4,0,0,0,0,0,0,0,0.0,0.0,0.0,0.0,0.0,0.2,0.2,0.2,0.3,0.13,0.11,0.24,0.13,0.24,,,,,,,,,,25,362,25.991780821917807
599,Steve Mandanda,GK,France,37-265,Rennes,1985,1,1,90,1.0,0,0,0,0,0,0,0,0.0,0.0,0.0,0.0,0.0,0.0,0.0,0.0,0.0,0.0,0.0,0.0,0.0,0.0,,,6.7,,,,,,6.7,37,265,37.726027397260275
600,Steven Berghuis,MF,Netherlands,30-364,Ajax,1991,4,1,200,2.2,0,1,0,0,0,1,0,0.0,0.45,0.45,0.0,0.45,0.3,0.3,0.1,0.3,0.13,0.04,0.17,0.13,0.17,6.7,6.6,7.0,,6.6,,,,6.72,30,364,30.997260273972604
601,Steven Bergwijn,FW,Netherlands,25-071,Ajax,1997,4,3,213,2.4,0,0,0,0,0,1,0,0.0,0.0,0.0,0.0,0.0,0.5,0.5,0.0,0.5,0.21,0.0,0.21,0.21,0.21,6.8,6.7,,6.1,6.7,,,,6.58,25,71,25.194520547945206
602,Steven Vitória,DF,Canada,35-341,Chaves,1987,3,3,270,3.0,0,0,0,0,0,1,0,0.0,0.0,0.0,0.0,0.0,0.0,0.0,0.0,0.0,0.0,0.0,0.0,0.0,0.0,6.9,6.2,6.4,,,,,,6.5,35,341,35.93424657534246
603,Strahinja Pavlović,DF,Serbia,21-208,RB Salzburg,2001,3,3,235,2.6,1,0,1,0,0,2,0,0.38,0.0,0.38,0.38,0.38,0.2,0.2,0.0,0.2,0.07,0.0,0.07,0.07,0.07,6.5,7.5,6.5,,,,,,6.83,21,208,21.56986301369863
604,Sultan Al-Ghanam,DF,Saudi Arabia,28-226,Al-Nassr,1994,3,1,126,1.4,0,0,0,0,0,0,0,0.0,0.0,0.0,0.0,0.0,0.2,0.2,0.1,0.2,0.12,0.05,0.17,0.12,0.17,,,,,,,,,,28,226,28.61917808219178
605,Taha Yassine Khenissi,FW,Tunisia,30-346,Kuwait SC,1992,2,0,29,0.3,0,0,0,0,0,1,0,0.0,0.0,0.0,0.0,0.0,0.0,0.0,0.1,0.2,0.06,0.45,0.51,0.06,0.51,6.5,6.4,,,,,,,6.45,30,346,30.947945205479453
606,Tajon Buchanan,MF,Canada,23-313,Club Brugge,1999,3,3,260,2.9,0,1,0,0,0,1,0,0.0,0.35,0.35,0.0,0.35,0.9,0.9,0.5,1.4,0.33,0.17,0.5,0.33,0.5,6.5,6.4,6.1,,,,,,6.33,23,313,23.85753424657534
607,Takefusa Kubo,FW,Japan,21-197,Real Sociedad,2001,2,2,90,1.0,0,0,0,0,0,0,0,0.0,0.0,0.0,0.0,0.0,0.0,0.0,0.0,0.0,0.0,0.0,0.0,0.0,0.0,6.5,,6.6,,,,,,6.55,21,197,21.53972602739726
608,Takehiro Tomiyasu,DF,Japan,24-043,Arsenal,1998,3,1,187,2.1,0,0,0,0,0,0,0,0.0,0.0,0.0,0.0,0.0,0.0,0.0,0.2,0.2,0.0,0.11,0.11,0.0,0.11,6.7,,6.6,6.7,,,,,6.67,24,43,24.117808219178084
609,Takuma Asano,FW,Japan,28-038,Bochum,1994,4,0,165,1.8,1,0,1,0,0,0,0,0.55,0.0,0.55,0.55,0.55,0.7,0.7,0.2,0.9,0.44,0.17,0.6,0.44,0.6,7.4,6.8,6.6,6.6,,,,,6.85,28,38,28.104109589041094
610,Takumi Minamino,FW,Japan,27-336,Monaco,1995,3,0,60,0.7,0,0,0,0,0,0,0,0.0,0.0,0.0,0.0,0.0,0.1,0.1,0.0,0.1,0.36,0.0,0.36,0.36,0.36,6.8,6.6,,6.1,,,,,6.5,27,336,27.92054794520548
611,Tarek Salman,DF,Qatar,25-013,Al Sadd SC,1997,1,0,8,0.1,0,0,0,0,0,0,0,0.0,0.0,0.0,0.0,0.0,0.0,0.0,0.0,0.0,0.0,0.0,0.0,0.0,0.0,,6.4,,,,,,,6.4,25,13,25.035616438356165
612,Tariq Lamptey,DF,Ghana,22-079,Brighton,2000,2,1,102,1.1,0,0,0,0,0,1,0,0.0,0.0,0.0,0.0,0.0,0.1,0.1,0.0,0.1,0.06,0.0,0.06,0.06,0.06,6.1,6.4,,,,,,,6.25,22,79,22.216438356164385
613,Teun Koopmeiners,MF,Netherlands,24-293,Atalanta,1998,5,1,219,2.4,0,1,0,0,0,1,0,0.0,0.41,0.41,0.0,0.41,0.1,0.1,0.2,0.3,0.04,0.09,0.13,0.04,0.13,6.7,7.0,6.4,6.6,7.2,,,,6.78,24,293,24.802739726027397
614,Theo Hernández,DF,France,25-073,Milan,1997,6,5,508,5.6,1,2,1,0,0,1,0,0.18,0.35,0.53,0.18,0.53,0.4,0.4,1.2,1.6,0.07,0.22,0.29,0.07,0.29,8.3,8.0,,7.1,6.4,8.2,,6.8,7.47,25,73,25.2
615,Thiago Almada,MF,Argentina,21-236,Atlanta Utd,2001,1,0,7,0.1,0,0,0,0,0,0,0,0.0,0.0,0.0,0.0,0.0,0.0,0.0,0.2,0.2,0.0,3.16,3.16,0.0,3.16,,,6.9,,,,,,6.9,21,236,21.646575342465752
616,Thiago Silva,DF,Brazil,38-087,Chelsea,1984,4,4,390,4.3,0,1,0,0,0,0,0,0.0,0.23,0.23,0.0,0.23,0.2,0.2,0.9,1.1,0.04,0.23,0.27,0.04,0.27,7.2,7.4,,7.5,7.2,,,,7.32,38,87,38.23835616438356
617,Thibaut Courtois,GK,Belgium,30-221,Real Madrid,1992,3,3,270,3.0,0,0,0,0,0,0,0,0.0,0.0,0.0,0.0,0.0,0.0,0.0,0.0,0.0,0.0,0.0,0.0,0.0,0.0,8.1,5.9,8.2,,,,,,7.4,30,221,30.605479452054794
618,Thilo Kehrer,DF,Germany,26-088,West Ham,1996,1,1,69,0.8,0,0,0,0,0,1,0,0.0,0.0,0.0,0.0,0.0,0.0,0.0,0.0,0.0,0.0,0.0,0.0,0.0,0.0,,6.9,,,,,,,6.9,26,88,26.24109589041096
619,Thomas Delaney,MF,Denmark,31-106,Sevilla,1991,1,1,44,0.5,0,0,0,0,0,0,0,0.0,0.0,0.0,0.0,0.0,0.0,0.0,0.0,0.0,0.0,0.0,0.0,0.0,0.0,6.8,,,,,,,,6.8,31,106,31.29041095890411
620,Thomas Meunier,DF,Belgium,31-097,Dortmund,1991,3,2,211,2.3,0,0,0,0,0,1,0,0.0,0.0,0.0,0.0,0.0,0.2,0.2,0.5,0.7,0.09,0.21,0.3,0.09,0.3,6.7,6.8,7.7,,,,,,7.07,31,97,31.265753424657536
621,Thomas Müller,FW,Germany,33-096,Bayern Munich,1989,3,3,201,2.2,0,0,0,0,0,0,0,0.0,0.0,0.0,0.0,0.0,0.3,0.3,0.6,0.9,0.14,0.28,0.42,0.14,0.42,7.2,6.3,7.2,,,,,,6.9,33,96,33.26301369863014
622,Thomas Partey,MF,Ghana,29-188,Arsenal,1993,3,3,270,3.0,0,0,0,0,0,0,0,0.0,0.0,0.0,0.0,0.0,0.2,0.2,0.1,0.3,0.07,0.02,0.09,0.07,0.09,6.8,7.4,7.0,,,,,,7.07,29,188,29.515068493150686
623,Thorgan Hazard,FW,Belgium,29-264,Dortmund,1993,2,1,106,1.2,0,0,0,0,0,0,0,0.0,0.0,0.0,0.0,0.0,0.0,0.0,1.3,1.3,0.0,1.07,1.07,0.0,1.07,,7.4,7.0,,,,,,7.2,29,264,29.723287671232878
624,Tim Ream,DF,United States,35-074,Fulham,1987,4,4,360,4.0,0,0,0,0,0,1,0,0.0,0.0,0.0,0.0,0.0,0.3,0.3,0.0,0.3,0.07,0.0,0.07,0.07,0.07,7.2,7.0,7.2,6.6,,,,,7.0,35,74,35.202739726027396
625,Timothy Castagne,DF,Belgium,27-013,Leicester City,1995,3,3,270,3.0,0,0,0,0,0,0,0,0.0,0.0,0.0,0.0,0.0,0.0,0.0,0.0,0.0,0.0,0.0,0.0,0.0,0.0,6.6,6.4,7.5,,,,,,6.83,27,13,27.035616438356165
626,Timothy Weah,FW,United States,22-299,Lille,2000,4,4,316,3.5,1,0,1,0,0,0,0,0.28,0.0,0.28,0.28,0.28,0.6,0.6,0.4,1.1,0.18,0.12,0.31,0.18,0.31,7.3,6.9,6.7,6.9,,,,,6.95,22,299,22.81917808219178
627,Toby Alderweireld,DF,Belgium,33-291,Antwerp,1989,3,3,270,3.0,0,1,0,0,0,0,0,0.0,0.33,0.33,0.0,0.33,0.0,0.0,0.3,0.3,0.0,0.11,0.11,0.0,0.11,8.0,6.5,7.2,,,,,,7.23,33,291,33.797260273972604
628,Trent Alexander-Arnold,DF,England,24-072,Liverpool,1998,1,0,34,0.4,0,0,0,0,0,0,0,0.0,0.0,0.0,0.0,0.0,0.0,0.0,0.0,0.0,0.0,0.0,0.0,0.0,0.0,,,6.6,,,,,,6.6,24,72,24.197260273972603
629,Tyler Adams,MF,United States,23-307,Leeds United,1999,4,4,360,4.0,0,0,0,0,0,1,0,0.0,0.0,0.0,0.0,0.0,0.0,0.0,0.4,0.5,0.01,0.11,0.12,0.01,0.12,7.5,6.9,7.4,7.4,,,,,7.3,23,307,23.84109589041096
630,Unai Simón,GK,Spain,25-190,Athletic Club,1997,4,4,390,4.3,0,0,0,0,0,0,0,0.0,0.0,0.0,0.0,0.0,0.0,0.0,0.0,0.0,0.0,0.0,0.0,0.0,0.0,6.9,6.9,5.7,7.7,,,,,6.8,25,190,25.52054794520548
631,Uriel Antuna,FW,Mexico,25-119,Cruz Azul,1997,3,0,77,0.9,0,0,0,0,0,0,0,0.0,0.0,0.0,0.0,0.0,0.2,0.2,0.0,0.2,0.18,0.02,0.2,0.18,0.2,6.7,6.8,6.8,,,,,,6.77,25,119,25.326027397260273
632,Vanja Milinković-Savić,GK,Serbia,25-301,Torino,1997,3,3,270,3.0,0,0,0,0,0,0,0,0.0,0.0,0.0,0.0,0.0,0.0,0.0,0.0,0.0,0.0,0.0,0.0,0.0,0.0,8.0,6.9,6.8,,,,,,7.23,25,301,25.824657534246576
633,Victor Nelsson,DF,Denmark,24-065,Galatasaray,1998,1,1,90,1.0,0,0,0,0,0,0,0,0.0,0.0,0.0,0.0,0.0,0.0,0.0,0.0,0.0,0.0,0.0,0.0,0.0,0.0,,7.0,,,,,,,7.0,24,65,24.17808219178082
634,Vincent Aboubakar,FW,Cameroon,30-330,Al-Nassr,1992,3,1,142,1.6,2,1,2,0,0,2,1,1.27,0.63,1.9,1.27,1.9,0.6,0.6,0.6,1.2,0.37,0.39,0.76,0.37,0.76,6.7,8.6,7.1,,,,,,7.47,30,330,30.904109589041095
635,Vincent Janssen,FW,Netherlands,28-186,Antwerp,1994,2,1,86,1.0,0,0,0,0,0,0,0,0.0,0.0,0.0,0.0,0.0,0.1,0.1,0.0,0.1,0.09,0.04,0.13,0.09,0.13,7.0,,6.5,,,,,,6.75,28,186,28.50958904109589
636,Vinicius Júnior,FW,Brazil,22-159,Real Madrid,2000,4,4,299,3.3,1,2,1,0,0,0,0,0.3,0.6,0.9,0.3,0.9,1.0,1.0,0.7,1.7,0.3,0.2,0.5,0.3,0.5,,,,,,,,,,22,159,22.435616438356163
637,Virgil van Dijk,DF,Netherlands,31-163,Liverpool,1991,5,5,480,5.3,0,0,0,0,0,0,0,0.0,0.0,0.0,0.0,0.0,0.2,0.2,0.1,0.3,0.04,0.03,0.07,0.04,0.07,7.1,7.1,7.6,7.4,6.4,,,,7.12,31,163,31.446575342465753
638,Vitinha,MF,Portugal,22-308,Paris S-G,2000,3,1,120,1.3,0,0,0,0,0,1,0,0.0,0.0,0.0,0.0,0.0,0.1,0.1,0.0,0.1,0.05,0.03,0.08,0.05,0.08,,,7.2,6.9,6.7,,,,6.93,22,308,22.843835616438355
639,Wahbi Khazri,FW,Tunisia,31-313,Montpellier,1991,2,1,83,0.9,1,0,1,0,0,0,0,1.08,0.0,1.08,1.08,1.08,0.4,0.4,0.0,0.4,0.47,0.0,0.47,0.47,0.47,,6.8,7.2,,,,,,7.0,31,313,31.85753424657534
640,Wajdi Kechrida,DF,Tunisia,27-043,Atromitos,1995,3,1,111,1.2,0,0,0,0,0,1,0,0.0,0.0,0.0,0.0,0.0,0.0,0.0,0.1,0.1,0.0,0.08,0.08,0.0,0.08,6.9,6.7,6.0,,,,,,6.53,27,43,27.117808219178084
641,Walid Cheddira,FW,Morocco,24-330,Bari,1998,2,0,64,0.7,0,0,0,0,0,2,1,0.0,0.0,0.0,0.0,0.0,0.5,0.5,0.0,0.5,1.24,0.0,1.24,1.24,1.24,,,,6.5,6.0,,,,6.25,24,330,24.904109589041095
642,Walker Zimmerman,DF,United States,29-213,Nashville,1993,4,3,279,3.1,0,0,0,0,0,0,0,0.0,0.0,0.0,0.0,0.0,0.1,0.1,0.0,0.1,0.02,0.0,0.02,0.02,0.02,6.5,6.8,7.4,7.2,,,,,6.98,29,213,29.583561643835615
643,Wataru Endo,MF,Japan,29-312,Stuttgart,1993,4,3,304,3.4,0,0,0,0,0,1,0,0.0,0.0,0.0,0.0,0.0,0.2,0.2,0.5,0.6,0.06,0.15,0.21,0.06,0.21,7.3,6.2,6.4,8.2,,,,,7.02,29,312,29.854794520547944
644,Wayne Hennessey,GK,Wales,35-328,Nott'ham Forest,1987,2,2,175,1.9,0,0,0,0,0,0,1,0.0,0.0,0.0,0.0,0.0,0.0,0.0,0.0,0.0,0.0,0.0,0.0,0.0,0.0,6.7,7.5,,,,,,,7.1,35,328,35.8986301369863
645,Weston McKennie,MF,United States,24-112,Juventus,1998,4,4,271,3.0,0,0,0,0,0,1,0,0.0,0.0,0.0,0.0,0.0,0.4,0.4,0.4,0.8,0.13,0.13,0.27,0.13,0.27,6.5,7.0,6.7,7.2,,,,,6.85,24,112,24.306849315068494
646,William Carvalho,MF,Portugal,30-255,Betis,1992,4,2,215,2.4,0,0,0,0,0,0,0,0.0,0.0,0.0,0.0,0.0,0.1,0.1,0.0,0.1,0.03,0.0,0.03,0.03,0.03,6.7,7.2,6.7,6.6,,,,,6.8,30,255,30.698630136986303
647,William Saliba,DF,France,21-269,Arsenal,2001,1,0,28,0.3,0,0,0,0,0,0,0,0.0,0.0,0.0,0.0,0.0,0.0,0.0,0.0,0.0,0.0,0.11,0.11,0.0,0.11,,,6.9,,,,,,6.9,21,269,21.736986301369864
648,Wojciech Szczęsny,GK,Poland,32-244,Juventus,1990,4,4,360,4.0,0,0,0,0,0,0,0,0.0,0.0,0.0,0.0,0.0,0.0,0.0,0.0,0.0,0.0,0.0,0.0,0.0,0.0,8.0,8.4,8.6,7.1,,,,,8.02,32,244,32.66849315068493
649,Wout Weghorst,FW,Netherlands,30-133,Beşiktaş,1992,4,0,64,0.7,2,0,2,0,0,1,0,2.81,0.0,2.81,2.81,2.81,0.2,0.2,0.0,0.2,0.52,0.08,0.6,0.52,0.6,,6.5,6.6,,8.8,,,,7.3,30,133,30.364383561643837
650,Wéverton,GK,Brazil,35-005,Palmeiras,1987,1,0,11,0.1,0,0,0,0,0,0,0,0.0,0.0,0.0,0.0,0.0,0.0,0.0,0.0,0.0,0.0,0.0,0.0,0.0,0.0,,,,,,,,,,35,5,35.013698630136986
651,Xavi Simons,FW,Netherlands,19-241,PSV Eindhoven,2003,1,0,9,0.1,0,0,0,0,0,0,0,0.0,0.0,0.0,0.0,0.0,0.0,0.0,0.0,0.0,0.0,0.0,0.0,0.0,0.0,,,,6.7,,,,,6.7,19,241,19.660273972602738
652,Xherdan Shaqiri,FW,Switzerland,31-069,Chicago Fire,1991,3,3,229,2.5,1,1,1,0,0,0,0,0.39,0.39,0.79,0.39,0.79,0.3,0.3,0.9,1.2,0.12,0.35,0.47,0.12,0.47,7.3,,7.1,6.9,,,,,7.1,31,69,31.18904109589041
653,Yahya Attiat Allah,DF,Morocco,27-291,Wydad Casablanca,1995,6,2,318,3.5,0,1,0,0,0,0,0,0.0,0.28,0.28,0.0,0.28,0.2,0.2,1.2,1.4,0.07,0.37,0.44,0.07,0.44,,,,,,,,,,27,291,27.797260273972604
654,Yahya Jabrane,MF,Morocco,31-183,Wydad Casablanca,1991,2,0,15,0.2,0,0,0,0,0,0,0,0.0,0.0,0.0,0.0,0.0,,,,,,,,,,,,6.4,,6.5,,,,6.45,31,183,31.5013698630137
655,Yann Sommer,GK,Switzerland,34-001,M'Gladbach,1988,3,3,270,3.0,0,0,0,0,0,0,0,0.0,0.0,0.0,0.0,0.0,0.0,0.0,0.0,0.0,0.0,0.0,0.0,0.0,0.0,8.2,7.4,,5.8,,,,,7.13,34,1,34.0027397260274
656,Yannick Carrasco,FW,Belgium,29-105,Atlético Madrid,1993,2,2,116,1.3,0,0,0,0,0,1,0,0.0,0.0,0.0,0.0,0.0,0.3,0.3,0.0,0.3,0.22,0.0,0.22,0.22,0.22,6.4,,7.0,,,,,,6.7,29,105,29.28767123287671
657,Yasser Al-Shahrani,DF,Saudi Arabia,30-207,Al-Hilal,1992,1,1,89,1.0,0,0,0,0,0,0,0,0.0,0.0,0.0,0.0,0.0,0.0,0.0,0.0,0.0,0.0,0.0,0.0,0.0,0.0,6.9,,,,,,,,6.9,30,207,30.567123287671233
658,Yassine Bounou,GK,Morocco,31-257,Sevilla,1991,6,6,570,6.3,0,0,0,0,0,0,0,0.0,0.0,0.0,0.0,0.0,0.0,0.0,0.0,0.0,0.0,0.0,0.0,0.0,0.0,7.2,,6.3,7.6,7.9,6.2,6.6,,6.97,31,257,31.704109589041096
659,Yassine Meriah,DF,Tunisia,29-169,Espérance de Tunis,1993,3,3,270,3.0,0,0,0,0,0,0,0,0.0,0.0,0.0,0.0,0.0,0.1,0.1,0.0,0.1,0.02,0.01,0.04,0.02,0.04,6.9,7.0,6.9,,,,,,6.93,29,169,29.463013698630135
660,Yeltsin Tejeda,MF,Costa Rica,30-276,Club Sport Herediano,1992,3,3,269,3.0,1,1,1,0,0,0,0,0.33,0.33,0.67,0.33,0.67,0.4,0.4,0.1,0.5,0.14,0.02,0.17,0.14,0.17,5.9,7.4,7.3,,,,,,6.87,30,276,30.756164383561643
661,Youri Tielemans,MF,Belgium,25-225,Leicester City,1997,3,1,95,1.1,0,0,0,0,0,0,0,0.0,0.0,0.0,0.0,0.0,0.0,0.0,0.1,0.1,0.0,0.07,0.07,0.0,0.07,6.7,6.8,6.7,,,,,,6.73,25,225,25.616438356164384
662,Youssef En-Nesyri,FW,Morocco,25-200,Sevilla,1997,7,7,542,6.0,2,0,2,0,0,0,0,0.33,0.0,0.33,0.33,0.33,1.2,1.2,0.0,1.3,0.21,0.01,0.21,0.21,0.21,6.9,6.6,7.3,6.9,7.6,6.5,6.6,,6.91,25,200,25.54794520547945
663,Youssef Msakni,MF,Tunisia,32-051,Al-Arabi SC,1990,2,2,169,1.9,0,0,0,0,0,0,0,0.0,0.0,0.0,0.0,0.0,0.5,0.5,0.6,1.2,0.29,0.34,0.62,0.29,0.62,7.7,7.1,,,,,,,7.4,32,51,32.13972602739726
664,Youssouf Fofana,MF,France,23-342,Monaco,1999,6,2,227,2.5,0,0,0,0,0,0,0,0.0,0.0,0.0,0.0,0.0,0.2,0.2,0.2,0.3,0.07,0.07,0.14,0.07,0.14,6.6,,6.7,6.5,,7.4,,6.6,6.76,23,342,23.936986301369863
665,Youssouf Sabaly,DF,Senegal,29-288,Betis,1993,4,4,360,4.0,0,0,0,0,0,0,0,0.0,0.0,0.0,0.0,0.0,0.0,0.0,0.7,0.7,0.01,0.16,0.18,0.01,0.18,7.3,7.3,7.3,6.8,,,,,7.18,29,288,29.78904109589041
666,Youssoufa Moukoko,FW,Germany,18-028,Dortmund,2004,1,0,1,0.0,0,0,0,0,0,0,0,0.0,0.0,0.0,0.0,0.0,0.0,0.0,0.0,0.0,0.0,0.0,0.0,0.0,0.0,6.5,,,,,,,,6.5,18,28,18.076712328767123
667,Youstin Salas,DF,Costa Rica,26-184,Deportivo Saprissa,1996,2,0,47,0.5,0,0,0,0,0,0,0,0.0,0.0,0.0,0.0,0.0,0.0,0.0,0.0,0.0,0.0,0.0,0.0,0.0,0.0,,6.5,6.5,,,,,,6.5,26,184,26.504109589041096
668,Yuki Soma,FW,Japan,25-296,Grampus,1997,1,1,81,0.9,0,0,0,0,0,0,0,0.0,0.0,0.0,0.0,0.0,0.2,0.2,0.0,0.2,0.21,0.0,0.21,0.21,0.21,,6.8,,,,,,,6.8,25,296,25.81095890410959
669,Yunus Musah,MF,United States,20-019,Valencia,2002,4,4,343,3.8,0,0,0,0,0,0,0,0.0,0.0,0.0,0.0,0.0,0.3,0.3,0.1,0.4,0.08,0.02,0.11,0.08,0.11,6.7,7.1,7.2,6.6,,,,,6.9,20,19,20.052054794520547
670,Yuto Nagatomo,MF,Japan,36-097,FC Tokyo,1986,4,4,209,2.3,0,0,0,0,0,0,0,0.0,0.0,0.0,0.0,0.0,0.0,0.0,0.1,0.1,0.0,0.05,0.05,0.0,0.05,6.5,6.7,6.4,6.6,,,,,6.55,36,97,36.26575342465753
671,Zakaria Aboukhlal,FW,Morocco,22-303,Toulouse,2000,4,0,79,0.9,1,0,1,0,0,0,0,1.14,0.0,1.14,1.14,1.14,1.0,1.0,0.0,1.0,1.16,0.0,1.16,1.16,1.16,,7.4,6.4,,6.3,6.5,,,6.65,22,303,22.83013698630137
672,Álvaro Morata,FW,Spain,30-056,Atlético Madrid,1992,4,1,185,2.1,3,1,3,0,0,0,0,1.46,0.49,1.95,1.46,1.95,1.4,1.4,0.2,1.6,0.79,0.14,0.93,0.79,0.93,8.1,6.9,7.6,6.5,,,,,7.28,30,56,30.153424657534245
673,Álvaro Zamora,MF,Costa Rica,20-284,Deportivo Saprissa,2002,1,0,30,0.3,0,0,0,0,0,0,0,0.0,0.0,0.0,0.0,0.0,0.0,0.0,0.0,0.0,0.0,0.0,0.0,0.0,0.0,6.3,,,,,,,,6.3,20,284,20.778082191780822
674,Ángel Correa,MF,Argentina,27-284,Atlético Madrid,1995,1,0,5,0.1,0,0,0,0,0,0,0,0.0,0.0,0.0,0.0,0.0,0.0,0.0,0.0,0.0,0.0,0.0,0.0,0.0,0.0,,,,,,6.7,,,6.7,27,284,27.778082191780822
675,Ángel Di María,MF,Argentina,34-307,Juventus,1988,5,4,288,3.2,1,1,1,0,0,0,0,0.31,0.31,0.62,0.31,0.62,0.8,0.8,0.6,1.4,0.27,0.2,0.46,0.27,0.46,6.9,7.2,7.3,,6.8,,,8.3,7.3,34,307,34.84109589041096
676,Ángelo Preciado,DF,Ecuador,24-303,Genk,1998,3,3,264,2.9,0,1,0,0,0,0,0,0.0,0.34,0.34,0.0,0.34,0.1,0.1,0.4,0.5,0.02,0.14,0.17,0.02,0.17,7.7,6.6,6.3,,,,,,6.87,24,303,24.83013698630137
677,Éder Militão,DF,Brazil,24-334,Real Madrid,1998,4,4,347,3.9,0,0,0,0,0,1,0,0.0,0.0,0.0,0.0,0.0,0.2,0.2,0.0,0.2,0.05,0.01,0.05,0.05,0.05,,7.2,6.7,7.0,7.7,,,,7.15,24,334,24.915068493150685
678,Óscar Duarte,DF,Costa Rica,33-198,Al-Wehda,1989,3,3,270,3.0,0,0,0,0,0,1,0,0.0,0.0,0.0,0.0,0.0,0.0,0.0,0.3,0.3,0.0,0.09,0.09,0.0,0.09,5.3,7.1,6.4,,,,,,6.27,33,198,33.54246575342466
679,İlkay Gündoğan,MF,Germany,32-055,Manchester City,1990,3,3,189,2.1,1,0,0,1,1,0,0,0.48,0.0,0.48,0.0,0.0,1.1,0.4,0.1,0.5,0.54,0.05,0.6,0.17,0.22,8.0,7.0,7.1,,,,,,7.37,32,55,32.15068493150685
