match,round,home_team,away_team,home_ratings,away_ratings
1,1,Qatar,Ecuador,"[{'player_name': 'Saad Al Sheeb', 'player_country': 'Qatar', 'player_rating': 6.4}, {'player_name': 'Pedro Miguel', 'player_country': 'Qatar', 'player_rating': 6.2}, {'player_name': 'Bassam Al Rawi', 'player_country': 'Qatar', 'player_rating': 6.7}, {'player_name': 'Boualem Khoukhi', 'player_country': 'Qatar', 'player_rating': 6.3}, {'player_name': 'Abdelkarim Hassan', 'player_country': 'Qatar', 'player_rating': 6.9}, {'player_name': 'Homam Al-Amin', 'player_country': 'Qatar', 'player_rating': 6.4}, {'player_name': 'Hassan Al Haydos', 'player_country': 'Qatar', 'player_rating': 6.6}, {'player_name': 'Karim Boudiaf', 'player_country': 'Qatar', 'player_rating': 6.2}, {'player_name': 'Abdelaziz Hatem', 'player_country': 'Qatar', 'player_rating': 6.3}, {'player_name': 'Almoez Ali', 'player_country': 'Qatar', 'player_rating': 5.9}, {'player_name': 'Akram Afif', 'player_country': 'Qatar', 'player_rating': 6.7}, {'player_name': 'Mohammed Waad', 'player_country': 'Qatar', 'player_rating': 6.6}, {'player_name': 'Mohammed Muntari', 'player_country': 'Qatar', 'player_rating': 6.9}, {'player_name': 'Yousef Hassan', 'player_country': 'Qatar', 'player_rating': None}, {'player_name': 'Meshaal Barsham', 'player_country': 'Qatar', 'player_rating': None}, {'player_name': 'Musab Khoder', 'player_country': 'Qatar', 'player_rating': None}, {'player_name': 'Tarek Salman', 'player_country': 'Qatar', 'player_rating': None}, {'player_name': 'Mostafa Mashaal', 'player_country': 'Qatar', 'player_rating': None}, {'player_name': 'Ismaeel Mohammad', 'player_country': 'Qatar', 'player_rating': None}, {'player_name': 'Salem Al-Hajri', 'player_country': 'Qatar', 'player_rating': None}, {'player_name': 'Khalid Muneer', 'player_country': 'Qatar', 'player_rating': None}, {'player_name': 'Jassem Gaber Abdulsallam', 'player_country': 'Qatar', 'player_rating': None}, {'player_name': 'Naif Al-Hadhrami', 'player_country': 'Qatar', 'player_rating': None}, {'player_name': 'Assim Madibo', 'player_country': 'Qatar', 'player_rating': None}, {'player_name': 'Ali Asad', 'player_country': 'Qatar', 'player_rating': None}, {'player_name': 'Ahmed Alaaeldin', 'player_country': 'Qatar', 'player_rating': None}]","[{'player_name': 'Hernán Galíndez', 'player_country': 'Ecuador', 'player_rating': 6.8}, {'player_name': 'Ángelo Preciado', 'player_country': 'Ecuador', 'player_rating': 7.7}, {'player_name': 'Félix Torres', 'player_country': 'Ecuador', 'player_rating': 6.6}, {'player_name': 'Piero Hincapié', 'player_country': 'Ecuador', 'player_rating': 7}, {'player_name': 'Pervis Estupiñán', 'player_country': 'Ecuador', 'player_rating': 7.1}, {'player_name': 'Gonzalo Plata', 'player_country': 'Ecuador', 'player_rating': 6.6}, {'player_name': 'Jhegson Méndez', 'player_country': 'Ecuador', 'player_rating': 7.3}, {'player_name': 'Moisés Caicedo', 'player_country': 'Ecuador', 'player_rating': 6.8}, {'player_name': 'Romario Ibarra', 'player_country': 'Ecuador', 'player_rating': 7}, {'player_name': 'Enner Valencia', 'player_country': 'Ecuador', 'player_rating': 8.9}, {'player_name': 'Michael Estrada', 'player_country': 'Ecuador', 'player_rating': 7.2}, {'player_name': 'Jeremy Sarmiento', 'player_country': 'Ecuador', 'player_rating': 6.9}, {'player_name': 'José Cifuentes', 'player_country': 'Ecuador', 'player_rating': 6.3}, {'player_name': 'Alan Franco', 'player_country': 'Ecuador', 'player_rating': None}, {'player_name': 'Kevin Rodriguez', 'player_country': 'Ecuador', 'player_rating': None}, {'player_name': 'Moisés Ramírez', 'player_country': 'Ecuador', 'player_rating': None}, {'player_name': 'Alexander Domínguez', 'player_country': 'Ecuador', 'player_rating': None}, {'player_name': 'Willian Pacho', 'player_country': 'Ecuador', 'player_rating': None}, {'player_name': 'Jackson Porozo', 'player_country': 'Ecuador', 'player_rating': None}, {'player_name': 'Robert Arboleda', 'player_country': 'Ecuador', 'player_rating': None}, {'player_name': 'Diego Palacios', 'player_country': 'Ecuador', 'player_rating': None}, {'player_name': 'Xavier Arreaga', 'player_country': 'Ecuador', 'player_rating': None}, {'player_name': 'Ayrton Preciado', 'player_country': 'Ecuador', 'player_rating': None}, {'player_name': 'Carlos Gruezo', 'player_country': 'Ecuador', 'player_rating': None}, {'player_name': 'Ángel Mena', 'player_country': 'Ecuador', 'player_rating': None}, {'player_name': 'Djorkaeff Reasco', 'player_country': 'Ecuador', 'player_rating': None}]"
3,1,Senegal,Netherlands,"[{'player_name': 'Edouard Mendy', 'player_country': 'Senegal', 'player_rating': 6.2}, {'player_name': 'Youssouf Sabaly', 'player_country': 'Senegal', 'player_rating': 7.3}, {'player_name': 'Kalidou Koulibaly', 'player_country': 'Senegal', 'player_rating': 6.9}, {'player_name': 'Pape Abou Cissé', 'player_country': 'Senegal', 'player_rating': 6.8}, {'player_name': 'Abdou Diallo', 'player_country': 'Senegal', 'player_rating': 6.7}, {'player_name': 'Cheikhou Kouyaté', 'player_country': 'Senegal', 'player_rating': 7.1}, {'player_name': 'Nampalys Mendy', 'player_country': 'Senegal', 'player_rating': 7}, {'player_name': 'Krépin Diatta', 'player_country': 'Senegal', 'player_rating': 7}, {'player_name': 'Idrissa Gana Gueye', 'player_country': 'Senegal', 'player_rating': 6.6}, {'player_name': 'Ismaïla Sarr', 'player_country': 'Senegal', 'player_rating': 7.6}, {'player_name': 'Boulaye Dia', 'player_country': 'Senegal', 'player_rating': 6.8}, {'player_name': 'Ismail Jakobs', 'player_country': 'Senegal', 'player_rating': 6.7}, {'player_name': 'Ahmadou Bamba Dieng', 'player_country': 'Senegal', 'player_rating': 6.8}, {'player_name': 'Pape Gueye', 'player_country': 'Senegal', 'player_rating': 6.7}, {'player_name': 'Nicolas Jackson', 'player_country': 'Senegal', 'player_rating': 6.5}, {'player_name': 'Seny Dieng', 'player_country': 'Senegal', 'player_rating': None}, {'player_name': 'Alfred Gomis', 'player_country': 'Senegal', 'player_rating': None}, {'player_name': 'Fodé Ballo-Touré', 'player_country': 'Senegal', 'player_rating': None}, {'player_name': 'Formose Mendy', 'player_country': 'Senegal', 'player_rating': None}, {'player_name': 'Moussa Ndiaye', 'player_country': 'Senegal', 'player_rating': None}, {'player_name': 'Pathé Ismaël Ciss', 'player_country': 'Senegal', 'player_rating': None}, {'player_name': 'Mamadou Loum', 'player_country': 'Senegal', 'player_rating': None}, {'player_name': 'Iliman Ndiaye', 'player_country': 'Senegal', 'player_rating': None}, {'player_name': 'Moustapha Name', 'player_country': 'Senegal', 'player_rating': None}, {'player_name': 'Pape Matar Sarr', 'player_country': 'Senegal', 'player_rating': None}, {'player_name': 'Famara Diédhiou', 'player_country': 'Senegal', 'player_rating': None}]","[{'player_name': 'Andries Noppert', 'player_country': 'Netherlands', 'player_rating': 7.8}, {'player_name': 'Matthijs de Ligt', 'player_country': 'Netherlands', 'player_rating': 7.1}, {'player_name': 'Virgil van Dijk', 'player_country': 'Netherlands', 'player_rating': 7.1}, {'player_name': 'Nathan Aké', 'player_country': 'Netherlands', 'player_rating': 7.1}, {'player_name': 'Denzel Dumfries', 'player_country': 'Netherlands', 'player_rating': 6.4}, {'player_name': 'Steven Berghuis', 'player_country': 'Netherlands', 'player_rating': 6.7}, {'player_name': 'Frenkie de Jong', 'player_country': 'Netherlands', 'player_rating': 7.8}, {'player_name': 'Daley Blind', 'player_country': 'Netherlands', 'player_rating': 7.1}, {'player_name': 'Cody Gakpo', 'player_country': 'Netherlands', 'player_rating': 7.7}, {'player_name': 'Vincent Janssen', 'player_country': 'Netherlands', 'player_rating': 7}, {'player_name': 'Steven Bergwijn', 'player_country': 'Netherlands', 'player_rating': 6.8}, {'player_name': 'Memphis Depay', 'player_country': 'Netherlands', 'player_rating': 6.7}, {'player_name': 'Davy Klaassen', 'player_country': 'Netherlands', 'player_rating': 7.4}, {'player_name': 'Teun Koopmeiners', 'player_country': 'Netherlands', 'player_rating': 6.7}, {'player_name': 'Marten de Roon', 'player_country': 'Netherlands', 'player_rating': None}, {'player_name': 'Remko Pasveer', 'player_country': 'Netherlands', 'player_rating': None}, {'player_name': 'Justin Bijlow', 'player_country': 'Netherlands', 'player_rating': None}, {'player_name': 'Jurriën Timber', 'player_country': 'Netherlands', 'player_rating': None}, {'player_name': 'Jeremie Frimpong', 'player_country': 'Netherlands', 'player_rating': None}, {'player_name': 'Tyrell Malacia', 'player_country': 'Netherlands', 'player_rating': None}, {'player_name': 'Stefan de Vrij', 'player_country': 'Netherlands', 'player_rating': None}, {'player_name': 'Xavi Simons', 'player_country': 'Netherlands', 'player_rating': None}, {'player_name': 'Kenneth Taylor', 'player_country': 'Netherlands', 'player_rating': None}, {'player_name': 'Wout Weghorst', 'player_country': 'Netherlands', 'player_rating': None}, {'player_name': 'Luuk de Jong', 'player_country': 'Netherlands', 'player_rating': None}, {'player_name': 'Noa Lang', 'player_country': 'Netherlands', 'player_rating': None}]"
18,2,Qatar,Senegal,"[{'player_name': 'Meshaal Barsham', 'player_country': 'Qatar', 'player_rating': 6.2}, {'player_name': 'Ismaeel Mohammad', 'player_country': 'Qatar', 'player_rating': 6.9}, {'player_name': 'Pedro Miguel', 'player_country': 'Qatar', 'player_rating': 6.8}, {'player_name': 'Boualem Khoukhi', 'player_country': 'Qatar', 'player_rating': 6.4}, {'player_name': 'Abdelkarim Hassan', 'player_country': 'Qatar', 'player_rating': 6.3}, {'player_name': 'Homam Al-Amin', 'player_country': 'Qatar', 'player_rating': 6.4}, {'player_name': 'Karim Boudiaf', 'player_country': 'Qatar', 'player_rating': 6.4}, {'player_name': 'Assim Madibo', 'player_country': 'Qatar', 'player_rating': 6.8}, {'player_name': 'Hassan Al Haydos', 'player_country': 'Qatar', 'player_rating': 6.5}, {'player_name': 'Almoez Ali', 'player_country': 'Qatar', 'player_rating': 6.6}, {'player_name': 'Akram Afif', 'player_country': 'Qatar', 'player_rating': 7}, {'player_name': 'Abdelaziz Hatem', 'player_country': 'Qatar', 'player_rating': 6.5}, {'player_name': 'Mohammed Muntari', 'player_country': 'Qatar', 'player_rating': 7.4}, {'player_name': 'Tarek Salman', 'player_country': 'Qatar', 'player_rating': 6.4}, {'player_name': 'Mohammed Waad', 'player_country': 'Qatar', 'player_rating': 6.5}, {'player_name': 'Yousef Hassan', 'player_country': 'Qatar', 'player_rating': None}, {'player_name': 'Saad Al Sheeb', 'player_country': 'Qatar', 'player_rating': None}, {'player_name': 'Musab Khoder', 'player_country': 'Qatar', 'player_rating': None}, {'player_name': 'Salem Al-Hajri', 'player_country': 'Qatar', 'player_rating': None}, {'player_name': 'Jassem Gaber Abdulsallam', 'player_country': 'Qatar', 'player_rating': None}, {'player_name': 'Mostafa Mashaal', 'player_country': 'Qatar', 'player_rating': None}, {'player_name': 'Ali Asad', 'player_country': 'Qatar', 'player_rating': None}, {'player_name': 'Khalid Muneer', 'player_country': 'Qatar', 'player_rating': None}, {'player_name': 'Naif Al-Hadhrami', 'player_country': 'Qatar', 'player_rating': None}, {'player_name': 'Ahmed Alaaeldin', 'player_country': 'Qatar', 'player_rating': None}]","[{'player_name': 'Edouard Mendy', 'player_country': 'Senegal', 'player_rating': 7.1}, {'player_name': 'Youssouf Sabaly', 'player_country': 'Senegal', 'player_rating': 7.3}, {'player_name': 'Kalidou Koulibaly', 'player_country': 'Senegal', 'player_rating': 6.8}, {'player_name': 'Abdou Diallo', 'player_country': 'Senegal', 'player_rating': 6.7}, {'player_name': 'Ismail Jakobs', 'player_country': 'Senegal', 'player_rating': 7.1}, {'player_name': 'Ismaïla Sarr', 'player_country': 'Senegal', 'player_rating': 7.3}, {'player_name': 'Nampalys Mendy', 'player_country': 'Senegal', 'player_rating': 7.1}, {'player_name': 'Idrissa Gana Gueye', 'player_country': 'Senegal', 'player_rating': 7.1}, {'player_name': 'Krépin Diatta', 'player_country': 'Senegal', 'player_rating': 6.7}, {'player_name': 'Boulaye Dia', 'player_country': 'Senegal', 'player_rating': 7.4}, {'player_name': 'Famara Diédhiou', 'player_country': 'Senegal', 'player_rating': 7.3}, {'player_name': 'Pathé Ismaël Ciss', 'player_country': 'Senegal', 'player_rating': 6.4}, {'player_name': 'Iliman Ndiaye', 'player_country': 'Senegal', 'player_rating': 7.2}, {'player_name': 'Ahmadou Bamba Dieng', 'player_country': 'Senegal', 'player_rating': 7.1}, {'player_name': 'Pape Abou Cissé', 'player_country': 'Senegal', 'player_rating': 6.5}, {'player_name': 'Pape Matar Sarr', 'player_country': 'Senegal', 'player_rating': 6.9}, {'player_name': 'Seny Dieng', 'player_country': 'Senegal', 'player_rating': None}, {'player_name': 'Alfred Gomis', 'player_country': 'Senegal', 'player_rating': None}, {'player_name': 'Formose Mendy', 'player_country': 'Senegal', 'player_rating': None}, {'player_name': 'Moussa Ndiaye', 'player_country': 'Senegal', 'player_rating': None}, {'player_name': 'Moustapha Name', 'player_country': 'Senegal', 'player_rating': None}, {'player_name': 'Mamadou Loum', 'player_country': 'Senegal', 'player_rating': None}, {'player_name': 'Pape Gueye', 'player_country': 'Senegal', 'player_rating': None}, {'player_name': 'Nicolas Jackson', 'player_country': 'Senegal', 'player_rating': None}]"
19,2,Netherlands,Ecuador,"[{'player_name': 'Andries Noppert', 'player_country': 'Netherlands', 'player_rating': 7.1}, {'player_name': 'Jurriën Timber', 'player_country': 'Netherlands', 'player_rating': 6.8}, {'player_name': 'Virgil van Dijk', 'player_country': 'Netherlands', 'player_rating': 7.1}, {'player_name': 'Nathan Aké', 'player_country': 'Netherlands', 'player_rating': 7.2}, {'player_name': 'Denzel Dumfries', 'player_country': 'Netherlands', 'player_rating': 6.7}, {'player_name': 'Teun Koopmeiners', 'player_country': 'Netherlands', 'player_rating': 7}, {'player_name': 'Frenkie de Jong', 'player_country': 'Netherlands', 'player_rating': 7.3}, {'player_name': 'Daley Blind', 'player_country': 'Netherlands', 'player_rating': 6.9}, {'player_name': 'Davy Klaassen', 'player_country': 'Netherlands', 'player_rating': 6.9}, {'player_name': 'Cody Gakpo', 'player_country': 'Netherlands', 'player_rating': 7.2}, {'player_name': 'Steven Bergwijn', 'player_country': 'Netherlands', 'player_rating': 6.7}, {'player_name': 'Memphis Depay', 'player_country': 'Netherlands', 'player_rating': 6.2}, {'player_name': 'Steven Berghuis', 'player_country': 'Netherlands', 'player_rating': 6.6}, {'player_name': 'Marten de Roon', 'player_country': 'Netherlands', 'player_rating': 6.8}, {'player_name': 'Wout Weghorst', 'player_country': 'Netherlands', 'player_rating': 6.5}, {'player_name': 'Justin Bijlow', 'player_country': 'Netherlands', 'player_rating': None}, {'player_name': 'Remko Pasveer', 'player_country': 'Netherlands', 'player_rating': None}, {'player_name': 'Matthijs de Ligt', 'player_country': 'Netherlands', 'player_rating': None}, {'player_name': 'Jeremie Frimpong', 'player_country': 'Netherlands', 'player_rating': None}, {'player_name': 'Tyrell Malacia', 'player_country': 'Netherlands', 'player_rating': None}, {'player_name': 'Stefan de Vrij', 'player_country': 'Netherlands', 'player_rating': None}, {'player_name': 'Xavi Simons', 'player_country': 'Netherlands', 'player_rating': None}, {'player_name': 'Kenneth Taylor', 'player_country': 'Netherlands', 'player_rating': None}, {'player_name': 'Noa Lang', 'player_country': 'Netherlands', 'player_rating': None}, {'player_name': 'Luuk de Jong', 'player_country': 'Netherlands', 'player_rating': None}, {'player_name': 'Vincent Janssen', 'player_country': 'Netherlands', 'player_rating': None}]","[{'player_name': 'Hernán Galíndez', 'player_country': 'Ecuador', 'player_rating': 6.1}, {'player_name': 'Jackson Porozo', 'player_country': 'Ecuador', 'player_rating': 6.9}, {'player_name': 'Félix Torres', 'player_country': 'Ecuador', 'player_rating': 6.7}, {'player_name': 'Piero Hincapié', 'player_country': 'Ecuador', 'player_rating': 6.7}, {'player_name': 'Ángelo Preciado', 'player_country': 'Ecuador', 'player_rating': 6.6}, {'player_name': 'Jhegson Méndez', 'player_country': 'Ecuador', 'player_rating': 6.7}, {'player_name': 'Moisés Caicedo', 'player_country': 'Ecuador', 'player_rating': 6.4}, {'player_name': 'Pervis Estupiñán', 'player_country': 'Ecuador', 'player_rating': 6.8}, {'player_name': 'Gonzalo Plata', 'player_country': 'Ecuador', 'player_rating': 6.5}, {'player_name': 'Enner Valencia', 'player_country': 'Ecuador', 'player_rating': 7.2}, {'player_name': 'Michael Estrada', 'player_country': 'Ecuador', 'player_rating': 7}, {'player_name': 'Jeremy Sarmiento', 'player_country': 'Ecuador', 'player_rating': 6.4}, {'player_name': 'Romario Ibarra', 'player_country': 'Ecuador', 'player_rating': None}, {'player_name': 'Kevin Rodriguez', 'player_country': 'Ecuador', 'player_rating': None}, {'player_name': 'Alexander Domínguez', 'player_country': 'Ecuador', 'player_rating': None}, {'player_name': 'Moisés Ramírez', 'player_country': 'Ecuador', 'player_rating': None}, {'player_name': 'Robert Arboleda', 'player_country': 'Ecuador', 'player_rating': None}, {'player_name': 'Willian Pacho', 'player_country': 'Ecuador', 'player_rating': None}, {'player_name': 'Diego Palacios', 'player_country': 'Ecuador', 'player_rating': None}, {'player_name': 'Xavier Arreaga', 'player_country': 'Ecuador', 'player_rating': None}, {'player_name': 'José Cifuentes', 'player_country': 'Ecuador', 'player_rating': None}, {'player_name': 'Carlos Gruezo', 'player_country': 'Ecuador', 'player_rating': None}, {'player_name': 'Ángel Mena', 'player_country': 'Ecuador', 'player_rating': None}, {'player_name': 'Alan Franco', 'player_country': 'Ecuador', 'player_rating': None}, {'player_name': 'Ayrton Preciado', 'player_country': 'Ecuador', 'player_rating': None}, {'player_name': 'Djorkaeff Reasco', 'player_country': 'Ecuador', 'player_rating': None}]"
34,3,Netherlands,Qatar,"[{'player_name': 'Andries Noppert', 'player_country': 'Netherlands', 'player_rating': 7.3}, {'player_name': 'Jurriën Timber', 'player_country': 'Netherlands', 'player_rating': 7.9}, {'player_name': 'Virgil van Dijk', 'player_country': 'Netherlands', 'player_rating': 7.6}, {'player_name': 'Nathan Aké', 'player_country': 'Netherlands', 'player_rating': 7.1}, {'player_name': 'Denzel Dumfries', 'player_country': 'Netherlands', 'player_rating': 6.9}, {'player_name': 'Marten de Roon', 'player_country': 'Netherlands', 'player_rating': 7.2}, {'player_name': 'Frenkie de Jong', 'player_country': 'Netherlands', 'player_rating': 7.7}, {'player_name': 'Daley Blind', 'player_country': 'Netherlands', 'player_rating': 7.5}, {'player_name': 'Davy Klaassen', 'player_country': 'Netherlands', 'player_rating': 7.3}, {'player_name': 'Cody Gakpo', 'player_country': 'Netherlands', 'player_rating': 7.7}, {'player_name': 'Memphis Depay', 'player_country': 'Netherlands', 'player_rating': 6.9}, {'player_name': 'Vincent Janssen', 'player_country': 'Netherlands', 'player_rating': 6.5}, {'player_name': 'Steven Berghuis', 'player_country': 'Netherlands', 'player_rating': 7}, {'player_name': 'Teun Koopmeiners', 'player_country': 'Netherlands', 'player_rating': 6.4}, {'player_name': 'Wout Weghorst', 'player_country': 'Netherlands', 'player_rating': 6.6}, {'player_name': 'Kenneth Taylor', 'player_country': 'Netherlands', 'player_rating': 6.6}, {'player_name': 'Remko Pasveer', 'player_country': 'Netherlands', 'player_rating': None}, {'player_name': 'Justin Bijlow', 'player_country': 'Netherlands', 'player_rating': None}, {'player_name': 'Matthijs de Ligt', 'player_country': 'Netherlands', 'player_rating': None}, {'player_name': 'Stefan de Vrij', 'player_country': 'Netherlands', 'player_rating': None}, {'player_name': 'Tyrell Malacia', 'player_country': 'Netherlands', 'player_rating': None}, {'player_name': 'Jeremie Frimpong', 'player_country': 'Netherlands', 'player_rating': None}, {'player_name': 'Steven Bergwijn', 'player_country': 'Netherlands', 'player_rating': None}, {'player_name': 'Xavi Simons', 'player_country': 'Netherlands', 'player_rating': None}, {'player_name': 'Luuk de Jong', 'player_country': 'Netherlands', 'player_rating': None}, {'player_name': 'Noa Lang', 'player_country': 'Netherlands', 'player_rating': None}]","[{'player_name': 'Meshaal Barsham', 'player_country': 'Qatar', 'player_rating': 6.3}, {'player_name': 'Ismaeel Mohammad', 'player_country': 'Qatar', 'player_rating': 7}, {'player_name': 'Pedro Miguel', 'player_country': 'Qatar', 'player_rating': 6.8}, {'player_name': 'Boualem Khoukhi', 'player_country': 'Qatar', 'player_rating': 6.8}, {'player_name': 'Abdelkarim Hassan', 'player_country': 'Qatar', 'player_rating': 6.8}, {'player_name': 'Homam Al-Amin', 'player_country': 'Qatar', 'player_rating': 6.4}, {'player_name': 'Hassan Al Haydos', 'player_country': 'Qatar', 'player_rating': 6.2}, {'player_name': 'Assim Madibo', 'player_country': 'Qatar', 'player_rating': 6.4}, {'player_name': 'Abdelaziz Hatem', 'player_country': 'Qatar', 'player_rating': 6.7}, {'player_name': 'Almoez Ali', 'player_country': 'Qatar', 'player_rating': 6.3}, {'player_name': 'Akram Afif', 'player_country': 'Qatar', 'player_rating': 7.4}, {'player_name': 'Ali Asad', 'player_country': 'Qatar', 'player_rating': 6.8}, {'player_name': 'Karim Boudiaf', 'player_country': 'Qatar', 'player_rating': 6.7}, {'player_name': 'Mohammed Muntari', 'player_country': 'Qatar', 'player_rating': 6.7}, {'player_name': 'Musab Khoder', 'player_country': 'Qatar', 'player_rating': 6.7}, {'player_name': 'Ahmed Alaaeldin', 'player_country': 'Qatar', 'player_rating': 6.5}, {'player_name': 'Saad Al Sheeb', 'player_country': 'Qatar', 'player_rating': None}, {'player_name': 'Yousef Hassan', 'player_country': 'Qatar', 'player_rating': None}, {'player_name': 'Tarek Salman', 'player_country': 'Qatar', 'player_rating': None}, {'player_name': 'Khalid Muneer', 'player_country': 'Qatar', 'player_rating': None}, {'player_name': 'Jassem Gaber Abdulsallam', 'player_country': 'Qatar', 'player_rating': None}, {'player_name': 'Mohammed Waad', 'player_country': 'Qatar', 'player_rating': None}, {'player_name': 'Mostafa Mashaal', 'player_country': 'Qatar', 'player_rating': None}, {'player_name': 'Naif Al-Hadhrami', 'player_country': 'Qatar', 'player_rating': None}, {'player_name': 'Salem Al-Hajri', 'player_country': 'Qatar', 'player_rating': None}]"
33,3,Ecuador,Senegal,"[{'player_name': 'Hernán Galíndez', 'player_country': 'Ecuador', 'player_rating': 6.7}, {'player_name': 'Ángelo Preciado', 'player_country': 'Ecuador', 'player_rating': 6.3}, {'player_name': 'Félix Torres', 'player_country': 'Ecuador', 'player_rating': 7.7}, {'player_name': 'Piero Hincapié', 'player_country': 'Ecuador', 'player_rating': 6.4}, {'player_name': 'Pervis Estupiñán', 'player_country': 'Ecuador', 'player_rating': 6.7}, {'player_name': 'Alan Franco', 'player_country': 'Ecuador', 'player_rating': 6.5}, {'player_name': 'Carlos Gruezo', 'player_country': 'Ecuador', 'player_rating': 6.6}, {'player_name': 'Moisés Caicedo', 'player_country': 'Ecuador', 'player_rating': 7.2}, {'player_name': 'Gonzalo Plata', 'player_country': 'Ecuador', 'player_rating': 7.1}, {'player_name': 'Michael Estrada', 'player_country': 'Ecuador', 'player_rating': 6.6}, {'player_name': 'Enner Valencia', 'player_country': 'Ecuador', 'player_rating': 6.4}, {'player_name': 'Jeremy Sarmiento', 'player_country': 'Ecuador', 'player_rating': 6.7}, {'player_name': 'José Cifuentes', 'player_country': 'Ecuador', 'player_rating': 6.6}, {'player_name': 'Djorkaeff Reasco', 'player_country': 'Ecuador', 'player_rating': 6.4}, {'player_name': 'Jackson Porozo', 'player_country': 'Ecuador', 'player_rating': 6.7}, {'player_name': 'Alexander Domínguez', 'player_country': 'Ecuador', 'player_rating': None}, {'player_name': 'Moisés Ramírez', 'player_country': 'Ecuador', 'player_rating': None}, {'player_name': 'Robert Arboleda', 'player_country': 'Ecuador', 'player_rating': None}, {'player_name': 'Willian Pacho', 'player_country': 'Ecuador', 'player_rating': None}, {'player_name': 'Xavier Arreaga', 'player_country': 'Ecuador', 'player_rating': None}, {'player_name': 'Diego Palacios', 'player_country': 'Ecuador', 'player_rating': None}, {'player_name': 'Ángel Mena', 'player_country': 'Ecuador', 'player_rating': None}, {'player_name': 'Ayrton Preciado', 'player_country': 'Ecuador', 'player_rating': None}, {'player_name': 'Romario Ibarra', 'player_country': 'Ecuador', 'player_rating': None}, {'player_name': 'Kevin Rodriguez', 'player_country': 'Ecuador', 'player_rating': None}]","[{'player_name': 'Edouard Mendy', 'player_country': 'Senegal', 'player_rating': 6.6}, {'player_name': 'Youssouf Sabaly', 'player_country': 'Senegal', 'player_rating': 7.3}, {'player_name': 'Kalidou Koulibaly', 'player_country': 'Senegal', 'player_rating': 7.9}, {'player_name': 'Abdou Diallo', 'player_country': 'Senegal', 'player_rating': 6.7}, {'player_name': 'Ismail Jakobs', 'player_country': 'Senegal', 'player_rating': 6.7}, {'player_name': 'Pathé Ismaël Ciss', 'player_country': 'Senegal', 'player_rating': 6.9}, {'player_name': 'Pape Gueye', 'player_country': 'Senegal', 'player_rating': 7.3}, {'player_name': 'Iliman Ndiaye', 'player_country': 'Senegal', 'player_rating': 6.7}, {'player_name': 'Idrissa Gana Gueye', 'player_country': 'Senegal', 'player_rating': 7.3}, {'player_name': 'Ismaïla Sarr', 'player_country': 'Senegal', 'player_rating': 7.8}, {'player_name': 'Boulaye Dia', 'player_country': 'Senegal', 'player_rating': 6.2}, {'player_name': 'Nampalys Mendy', 'player_country': 'Senegal', 'player_rating': 6.8}, {'player_name': 'Ahmadou Bamba Dieng', 'player_country': 'Senegal', 'player_rating': 6.6}, {'player_name': 'Pape Abou Cissé', 'player_country': 'Senegal', 'player_rating': None}, {'player_name': 'Seny Dieng', 'player_country': 'Senegal', 'player_rating': None}, {'player_name': 'Alfred Gomis', 'player_country': 'Senegal', 'player_rating': None}, {'player_name': 'Moussa Ndiaye', 'player_country': 'Senegal', 'player_rating': None}, {'player_name': 'Formose Mendy', 'player_country': 'Senegal', 'player_rating': None}, {'player_name': 'Fodé Ballo-Touré', 'player_country': 'Senegal', 'player_rating': None}, {'player_name': 'Krépin Diatta', 'player_country': 'Senegal', 'player_rating': None}, {'player_name': 'Mamadou Loum', 'player_country': 'Senegal', 'player_rating': None}, {'player_name': 'Moustapha Name', 'player_country': 'Senegal', 'player_rating': None}, {'player_name': 'Pape Matar Sarr', 'player_country': 'Senegal', 'player_rating': None}, {'player_name': 'Famara Diédhiou', 'player_country': 'Senegal', 'player_rating': None}, {'player_name': 'Nicolas Jackson', 'player_country': 'Senegal', 'player_rating': None}]"
2,1,England,IR Iran,"[{'player_name': 'Jordan Pickford', 'player_country': 'England', 'player_rating': 6.2}, {'player_name': 'Kieran Trippier', 'player_country': 'England', 'player_rating': 7.2}, {'player_name': 'John Stones', 'player_country': 'England', 'player_rating': 6.6}, {'player_name': 'Harry Maguire', 'player_country': 'England', 'player_rating': 7.6}, {'player_name': 'Luke Shaw', 'player_country': 'England', 'player_rating': 7}, {'player_name': 'Jude Bellingham', 'player_country': 'England', 'player_rating': 8.5}, {'player_name': 'Declan Rice', 'player_country': 'England', 'player_rating': 7}, {'player_name': 'Bukayo Saka', 'player_country': 'England', 'player_rating': 8.6}, {'player_name': 'Mason Mount', 'player_country': 'England', 'player_rating': 7.4}, {'player_name': 'Raheem Sterling', 'player_country': 'England', 'player_rating': 7.7}, {'player_name': 'Harry Kane', 'player_country': 'England', 'player_rating': 7.9}, {'player_name': 'Eric Dier', 'player_country': 'England', 'player_rating': 6.4}, {'player_name': 'Jack Grealish', 'player_country': 'England', 'player_rating': 7.6}, {'player_name': 'Phil Foden', 'player_country': 'England', 'player_rating': 6.7}, {'player_name': 'Marcus Rashford', 'player_country': 'England', 'player_rating': 7.2}, {'player_name': 'Callum Wilson', 'player_country': 'England', 'player_rating': 7.1}, {'player_name': 'Aaron Ramsdale', 'player_country': 'England', 'player_rating': None}, {'player_name': 'Nick Pope', 'player_country': 'England', 'player_rating': None}, {'player_name': 'Ben White', 'player_country': 'England', 'player_rating': None}, {'player_name': 'Trent Alexander-Arnold', 'player_country': 'England', 'player_rating': None}, {'player_name': 'Conor Coady', 'player_country': 'England', 'player_rating': None}, {'player_name': 'Kyle Walker', 'player_country': 'England', 'player_rating': None}, {'player_name': 'Kalvin Phillips', 'player_country': 'England', 'player_rating': None}, {'player_name': 'Conor Gallagher', 'player_country': 'England', 'player_rating': None}, {'player_name': 'Jordan Henderson', 'player_country': 'England', 'player_rating': None}]","[{'player_name': 'Alireza Beiranvand', 'player_country': 'IR Iran', 'player_rating': 6.9}, {'player_name': 'Sadegh Moharrami', 'player_country': 'IR Iran', 'player_rating': 5.5}, {'player_name': 'Morteza Pouraliganji', 'player_country': 'IR Iran', 'player_rating': 6.2}, {'player_name': 'Roozbeh Cheshmi', 'player_country': 'IR Iran', 'player_rating': 6.1}, {'player_name': 'Majid Hosseini', 'player_country': 'IR Iran', 'player_rating': 5.8}, {'player_name': 'Milad Mohammadi', 'player_country': 'IR Iran', 'player_rating': 5.8}, {'player_name': 'Alireza Jahanbakhsh', 'player_country': 'IR Iran', 'player_rating': 6.4}, {'player_name': 'Ahmad Nourollahi', 'player_country': 'IR Iran', 'player_rating': 6.4}, {'player_name': 'Ali Karimi', 'player_country': 'IR Iran', 'player_rating': 6.4}, {'player_name': 'Ehsan Hajsafi', 'player_country': 'IR Iran', 'player_rating': 6.2}, {'player_name': 'Mehdi Taremi', 'player_country': 'IR Iran', 'player_rating': 8.1}, {'player_name': 'Hossein Hosseini', 'player_country': 'IR Iran', 'player_rating': 5.3}, {'player_name': 'Hossein Kanaani', 'player_country': 'IR Iran', 'player_rating': 6.2}, {'player_name': 'Ali Gholizadeh', 'player_country': 'IR Iran', 'player_rating': 6.7}, {'player_name': 'Saeid Ezatolahi', 'player_country': 'IR Iran', 'player_rating': 6.5}, {'player_name': 'Mahdi Torabi', 'player_country': 'IR Iran', 'player_rating': 6.9}, {'player_name': 'Sardar Azmoun', 'player_country': 'IR Iran', 'player_rating': 6.4}, {'player_name': 'Amir Abedzadeh', 'player_country': 'IR Iran', 'player_rating': None}, {'player_name': 'Payam Niazmand', 'player_country': 'IR Iran', 'player_rating': None}, {'player_name': 'Shoja Khalilzadeh', 'player_country': 'IR Iran', 'player_rating': None}, {'player_name': 'Abolfazl Jalali', 'player_country': 'IR Iran', 'player_rating': None}, {'player_name': 'Ramin Rezaeian', 'player_country': 'IR Iran', 'player_rating': None}, {'player_name': 'Vahid Amiri', 'player_country': 'IR Iran', 'player_rating': None}, {'player_name': 'Saman Ghoddos', 'player_country': 'IR Iran', 'player_rating': None}, {'player_name': 'Karim Ansarifard', 'player_country': 'IR Iran', 'player_rating': None}]"
4,1,United States,Wales,"[{'player_name': 'Matt Turner', 'player_country': 'United States', 'player_rating': 7.1}, {'player_name': 'Sergiño Dest', 'player_country': 'United States', 'player_rating': 6.8}, {'player_name': 'Walker Zimmerman', 'player_country': 'United States', 'player_rating': 6.5}, {'player_name': 'Tim Ream', 'player_country': 'United States', 'player_rating': 7.2}, {'player_name': 'Antonee Robinson', 'player_country': 'United States', 'player_rating': 7}, {'player_name': 'Weston McKennie', 'player_country': 'United States', 'player_rating': 6.5}, {'player_name': 'Tyler Adams', 'player_country': 'United States', 'player_rating': 7.5}, {'player_name': 'Yunus Musah', 'player_country': 'United States', 'player_rating': 6.7}, {'player_name': 'Timothy Weah', 'player_country': 'United States', 'player_rating': 7.3}, {'player_name': 'Josh Sargent', 'player_country': 'United States', 'player_rating': 6.4}, {'player_name': 'Christian Pulišić', 'player_country': 'United States', 'player_rating': 7.4}, {'player_name': 'Brenden Aaronson', 'player_country': 'United States', 'player_rating': 6.4}, {'player_name': 'DeAndre Yedlin', 'player_country': 'United States', 'player_rating': 6.4}, {'player_name': 'Haji Wright', 'player_country': 'United States', 'player_rating': 6.7}, {'player_name': 'Kellyn Acosta', 'player_country': 'United States', 'player_rating': 6.5}, {'player_name': 'Jordan Morris', 'player_country': 'United States', 'player_rating': 6.5}, {'player_name': 'Sean Johnson', 'player_country': 'United States', 'player_rating': None}, {'player_name': 'Ethan Horvath', 'player_country': 'United States', 'player_rating': None}, {'player_name': 'Aaron Long', 'player_country': 'United States', 'player_rating': None}, {'player_name': 'Joe Scally', 'player_country': 'United States', 'player_rating': None}, {'player_name': 'Cameron Carter-Vickers', 'player_country': 'United States', 'player_rating': None}, {'player_name': 'Shaq Moore', 'player_country': 'United States', 'player_rating': None}, {'player_name': 'Jesús Ferreira', 'player_country': 'United States', 'player_rating': None}, {'player_name': 'Cristian Roldán', 'player_country': 'United States', 'player_rating': None}, {'player_name': 'Luca De La Torre', 'player_country': 'United States', 'player_rating': None}, {'player_name': 'Giovanni Reyna', 'player_country': 'United States', 'player_rating': None}]","[{'player_name': 'Wayne Hennessey', 'player_country': 'Wales', 'player_rating': 6.7}, {'player_name': 'Chris Mepham', 'player_country': 'Wales', 'player_rating': 7.2}, {'player_name': 'Joe Rodon', 'player_country': 'Wales', 'player_rating': 6.7}, {'player_name': 'Ben Davies', 'player_country': 'Wales', 'player_rating': 7.1}, {'player_name': 'Connor Roberts', 'player_country': 'Wales', 'player_rating': 7.1}, {'player_name': 'Aaron Ramsey', 'player_country': 'Wales', 'player_rating': 6.6}, {'player_name': 'Ethan Ampadu', 'player_country': 'Wales', 'player_rating': 7}, {'player_name': 'Harry Wilson', 'player_country': 'Wales', 'player_rating': 7.4}, {'player_name': 'Neco Williams', 'player_country': 'Wales', 'player_rating': 6.9}, {'player_name': 'Gareth Bale', 'player_country': 'Wales', 'player_rating': 7.5}, {'player_name': 'Daniel James', 'player_country': 'Wales', 'player_rating': 6.3}, {'player_name': 'Kieffer Moore', 'player_country': 'Wales', 'player_rating': 6.5}, {'player_name': 'Brennan Johnson', 'player_country': 'Wales', 'player_rating': 6.6}, {'player_name': 'Joe Morrell', 'player_country': 'Wales', 'player_rating': None}, {'player_name': 'Sorba Thomas', 'player_country': 'Wales', 'player_rating': 6.4}, {'player_name': 'Danny Ward', 'player_country': 'Wales', 'player_rating': None}, {'player_name': 'Adam Davies', 'player_country': 'Wales', 'player_rating': None}, {'player_name': 'Chris Gunter', 'player_country': 'Wales', 'player_rating': None}, {'player_name': 'Ben Cabango', 'player_country': 'Wales', 'player_rating': None}, {'player_name': 'Tom Lockyer', 'player_country': 'Wales', 'player_rating': None}, {'player_name': 'Dylan Levitt', 'player_country': 'Wales', 'player_rating': None}, {'player_name': 'Rubin Colwill', 'player_country': 'Wales', 'player_rating': None}, {'player_name': 'Matt Smith', 'player_country': 'Wales', 'player_rating': None}, {'player_name': 'Jonathan Williams', 'player_country': 'Wales', 'player_rating': None}, {'player_name': 'Joe Allen', 'player_country': 'Wales', 'player_rating': None}, {'player_name': 'Mark Harris', 'player_country': 'Wales', 'player_rating': None}]"
17,2,Wales,IR Iran,"[{'player_name': 'Wayne Hennessey', 'player_country': 'Wales', 'player_rating': 7.5}, {'player_name': 'Chris Mepham', 'player_country': 'Wales', 'player_rating': 6.7}, {'player_name': 'Joe Rodon', 'player_country': 'Wales', 'player_rating': 6.7}, {'player_name': 'Ben Davies', 'player_country': 'Wales', 'player_rating': 7.6}, {'player_name': 'Connor Roberts', 'player_country': 'Wales', 'player_rating': 7}, {'player_name': 'Aaron Ramsey', 'player_country': 'Wales', 'player_rating': 6.6}, {'player_name': 'Ethan Ampadu', 'player_country': 'Wales', 'player_rating': 7}, {'player_name': 'Harry Wilson', 'player_country': 'Wales', 'player_rating': 6.9}, {'player_name': 'Neco Williams', 'player_country': 'Wales', 'player_rating': 6.8}, {'player_name': 'Gareth Bale', 'player_country': 'Wales', 'player_rating': 6.8}, {'player_name': 'Kieffer Moore', 'player_country': 'Wales', 'player_rating': 7.2}, {'player_name': 'Brennan Johnson', 'player_country': 'Wales', 'player_rating': 6.3}, {'player_name': 'Daniel James', 'player_country': 'Wales', 'player_rating': 6.6}, {'player_name': 'Joe Allen', 'player_country': 'Wales', 'player_rating': 6.3}, {'player_name': 'Danny Ward', 'player_country': 'Wales', 'player_rating': 5.9}, {'player_name': 'Adam Davies', 'player_country': 'Wales', 'player_rating': None}, {'player_name': 'Ben Cabango', 'player_country': 'Wales', 'player_rating': None}, {'player_name': 'Tom Lockyer', 'player_country': 'Wales', 'player_rating': None}, {'player_name': 'Chris Gunter', 'player_country': 'Wales', 'player_rating': None}, {'player_name': 'Dylan Levitt', 'player_country': 'Wales', 'player_rating': None}, {'player_name': 'Rubin Colwill', 'player_country': 'Wales', 'player_rating': None}, {'player_name': 'Sorba Thomas', 'player_country': 'Wales', 'player_rating': None}, {'player_name': 'Jonathan Williams', 'player_country': 'Wales', 'player_rating': None}, {'player_name': 'Matt Smith', 'player_country': 'Wales', 'player_rating': None}, {'player_name': 'Joe Morrell', 'player_country': 'Wales', 'player_rating': None}, {'player_name': 'Mark Harris', 'player_country': 'Wales', 'player_rating': None}]","[{'player_name': 'Hossein Hosseini', 'player_country': 'IR Iran', 'player_rating': 7.6}, {'player_name': 'Ramin Rezaeian', 'player_country': 'IR Iran', 'player_rating': 7.7}, {'player_name': 'Majid Hosseini', 'player_country': 'IR Iran', 'player_rating': 6.9}, {'player_name': 'Morteza Pouraliganji', 'player_country': 'IR Iran', 'player_rating': 7.2}, {'player_name': 'Milad Mohammadi', 'player_country': 'IR Iran', 'player_rating': 7}, {'player_name': 'Ahmad Nourollahi', 'player_country': 'IR Iran', 'player_rating': 7.2}, {'player_name': 'Saeid Ezatolahi', 'player_country': 'IR Iran', 'player_rating': 7.1}, {'player_name': 'Ehsan Hajsafi', 'player_country': 'IR Iran', 'player_rating': 7.1}, {'player_name': 'Ali Gholizadeh', 'player_country': 'IR Iran', 'player_rating': 6.7}, {'player_name': 'Sardar Azmoun', 'player_country': 'IR Iran', 'player_rating': 6.9}, {'player_name': 'Mehdi Taremi', 'player_country': 'IR Iran', 'player_rating': 8.1}, {'player_name': 'Karim Ansarifard', 'player_country': 'IR Iran', 'player_rating': 6.7}, {'player_name': 'Mahdi Torabi', 'player_country': 'IR Iran', 'player_rating': 6.8}, {'player_name': 'Alireza Jahanbakhsh', 'player_country': 'IR Iran', 'player_rating': 6.5}, {'player_name': 'Roozbeh Cheshmi', 'player_country': 'IR Iran', 'player_rating': 7.5}, {'player_name': 'Ali Karimi', 'player_country': 'IR Iran', 'player_rating': 6.5}, {'player_name': 'Amir Abedzadeh', 'player_country': 'IR Iran', 'player_rating': None}, {'player_name': 'Payam Niazmand', 'player_country': 'IR Iran', 'player_rating': None}, {'player_name': 'Hossein Kanaani', 'player_country': 'IR Iran', 'player_rating': None}, {'player_name': 'Shoja Khalilzadeh', 'player_country': 'IR Iran', 'player_rating': None}, {'player_name': 'Abolfazl Jalali', 'player_country': 'IR Iran', 'player_rating': None}, {'player_name': 'Sadegh Moharrami', 'player_country': 'IR Iran', 'player_rating': None}, {'player_name': 'Vahid Amiri', 'player_country': 'IR Iran', 'player_rating': None}, {'player_name': 'Saman Ghoddos', 'player_country': 'IR Iran', 'player_rating': None}]"
20,2,England,United States,"[{'player_name': 'Jordan Pickford', 'player_country': 'England', 'player_rating': 7}, {'player_name': 'Kieran Trippier', 'player_country': 'England', 'player_rating': 7.2}, {'player_name': 'John Stones', 'player_country': 'England', 'player_rating': 7.7}, {'player_name': 'Harry Maguire', 'player_country': 'England', 'player_rating': 7.8}, {'player_name': 'Luke Shaw', 'player_country': 'England', 'player_rating': 7.8}, {'player_name': 'Jude Bellingham', 'player_country': 'England', 'player_rating': 6.9}, {'player_name': 'Declan Rice', 'player_country': 'England', 'player_rating': 7.1}, {'player_name': 'Bukayo Saka', 'player_country': 'England', 'player_rating': 6.8}, {'player_name': 'Mason Mount', 'player_country': 'England', 'player_rating': 6.8}, {'player_name': 'Raheem Sterling', 'player_country': 'England', 'player_rating': 6.7}, {'player_name': 'Harry Kane', 'player_country': 'England', 'player_rating': 6.6}, {'player_name': 'Jack Grealish', 'player_country': 'England', 'player_rating': 7.2}, {'player_name': 'Jordan Henderson', 'player_country': 'England', 'player_rating': 6.7}, {'player_name': 'Marcus Rashford', 'player_country': 'England', 'player_rating': 6.8}, {'player_name': 'Aaron Ramsdale', 'player_country': 'England', 'player_rating': None}, {'player_name': 'Nick Pope', 'player_country': 'England', 'player_rating': None}, {'player_name': 'Kyle Walker', 'player_country': 'England', 'player_rating': None}, {'player_name': 'Trent Alexander-Arnold', 'player_country': 'England', 'player_rating': None}, {'player_name': 'Eric Dier', 'player_country': 'England', 'player_rating': None}, {'player_name': 'Ben White', 'player_country': 'England', 'player_rating': None}, {'player_name': 'Conor Coady', 'player_country': 'England', 'player_rating': None}, {'player_name': 'Conor Gallagher', 'player_country': 'England', 'player_rating': None}, {'player_name': 'Kalvin Phillips', 'player_country': 'England', 'player_rating': None}, {'player_name': 'Phil Foden', 'player_country': 'England', 'player_rating': None}, {'player_name': 'Callum Wilson', 'player_country': 'England', 'player_rating': None}]","[{'player_name': 'Matt Turner', 'player_country': 'United States', 'player_rating': 7.7}, {'player_name': 'Sergiño Dest', 'player_country': 'United States', 'player_rating': 6.8}, {'player_name': 'Walker Zimmerman', 'player_country': 'United States', 'player_rating': 6.8}, {'player_name': 'Tim Ream', 'player_country': 'United States', 'player_rating': 7}, {'player_name': 'Antonee Robinson', 'player_country': 'United States', 'player_rating': 7.2}, {'player_name': 'Weston McKennie', 'player_country': 'United States', 'player_rating': 7}, {'player_name': 'Tyler Adams', 'player_country': 'United States', 'player_rating': 6.9}, {'player_name': 'Yunus Musah', 'player_country': 'United States', 'player_rating': 7.1}, {'player_name': 'Christian Pulišić', 'player_country': 'United States', 'player_rating': 7.2}, {'player_name': 'Timothy Weah', 'player_country': 'United States', 'player_rating': 6.9}, {'player_name': 'Haji Wright', 'player_country': 'United States', 'player_rating': 6.6}, {'player_name': 'Brenden Aaronson', 'player_country': 'United States', 'player_rating': 6.8}, {'player_name': 'Shaq Moore', 'player_country': 'United States', 'player_rating': 6.5}, {'player_name': 'Giovanni Reyna', 'player_country': 'United States', 'player_rating': 6.6}, {'player_name': 'Josh Sargent', 'player_country': 'United States', 'player_rating': 6.4}, {'player_name': 'Sean Johnson', 'player_country': 'United States', 'player_rating': None}, {'player_name': 'Ethan Horvath', 'player_country': 'United States', 'player_rating': None}, {'player_name': 'Joe Scally', 'player_country': 'United States', 'player_rating': None}, {'player_name': 'Cameron Carter-Vickers', 'player_country': 'United States', 'player_rating': None}, {'player_name': 'DeAndre Yedlin', 'player_country': 'United States', 'player_rating': None}, {'player_name': 'Aaron Long', 'player_country': 'United States', 'player_rating': None}, {'player_name': 'Kellyn Acosta', 'player_country': 'United States', 'player_rating': None}, {'player_name': 'Jesús Ferreira', 'player_country': 'United States', 'player_rating': None}, {'player_name': 'Luca De La Torre', 'player_country': 'United States', 'player_rating': None}, {'player_name': 'Cristian Roldán', 'player_country': 'United States', 'player_rating': None}, {'player_name': 'Jordan Morris', 'player_country': 'United States', 'player_rating': None}]"
35,3,Wales,England,"[{'player_name': 'Danny Ward', 'player_country': 'Wales', 'player_rating': 6.1}, {'player_name': 'Neco Williams', 'player_country': 'Wales', 'player_rating': 6.8}, {'player_name': 'Chris Mepham', 'player_country': 'Wales', 'player_rating': 6.6}, {'player_name': 'Joe Rodon', 'player_country': 'Wales', 'player_rating': 6.3}, {'player_name': 'Ben Davies', 'player_country': 'Wales', 'player_rating': 5.6}, {'player_name': 'Gareth Bale', 'player_country': 'Wales', 'player_rating': 6.4}, {'player_name': 'Ethan Ampadu', 'player_country': 'Wales', 'player_rating': 6.9}, {'player_name': 'Joe Allen', 'player_country': 'Wales', 'player_rating': 6.6}, {'player_name': 'Aaron Ramsey', 'player_country': 'Wales', 'player_rating': 6.2}, {'player_name': 'Kieffer Moore', 'player_country': 'Wales', 'player_rating': 6.8}, {'player_name': 'Daniel James', 'player_country': 'Wales', 'player_rating': 6.2}, {'player_name': 'Connor Roberts', 'player_country': 'Wales', 'player_rating': 6.3}, {'player_name': 'Brennan Johnson', 'player_country': 'Wales', 'player_rating': 6.2}, {'player_name': 'Joe Morrell', 'player_country': 'Wales', 'player_rating': 6.6}, {'player_name': 'Harry Wilson', 'player_country': 'Wales', 'player_rating': 6.6}, {'player_name': 'Rubin Colwill', 'player_country': 'Wales', 'player_rating': 6.4}, {'player_name': 'Adam Davies', 'player_country': 'Wales', 'player_rating': None}, {'player_name': 'Chris Gunter', 'player_country': 'Wales', 'player_rating': None}, {'player_name': 'Ben Cabango', 'player_country': 'Wales', 'player_rating': None}, {'player_name': 'Tom Lockyer', 'player_country': 'Wales', 'player_rating': None}, {'player_name': 'Jonathan Williams', 'player_country': 'Wales', 'player_rating': None}, {'player_name': 'Sorba Thomas', 'player_country': 'Wales', 'player_rating': None}, {'player_name': 'Dylan Levitt', 'player_country': 'Wales', 'player_rating': None}, {'player_name': 'Matt Smith', 'player_country': 'Wales', 'player_rating': None}, {'player_name': 'Mark Harris', 'player_country': 'Wales', 'player_rating': None}]","[{'player_name': 'Jordan Pickford', 'player_country': 'England', 'player_rating': 6.9}, {'player_name': 'Kyle Walker', 'player_country': 'England', 'player_rating': 6.9}, {'player_name': 'John Stones', 'player_country': 'England', 'player_rating': 7.3}, {'player_name': 'Harry Maguire', 'player_country': 'England', 'player_rating': 7.4}, {'player_name': 'Luke Shaw', 'player_country': 'England', 'player_rating': 7}, {'player_name': 'Jordan Henderson', 'player_country': 'England', 'player_rating': 7.4}, {'player_name': 'Declan Rice', 'player_country': 'England', 'player_rating': 6.9}, {'player_name': 'Jude Bellingham', 'player_country': 'England', 'player_rating': 7.4}, {'player_name': 'Phil Foden', 'player_country': 'England', 'player_rating': 7.4}, {'player_name': 'Harry Kane', 'player_country': 'England', 'player_rating': 7.6}, {'player_name': 'Marcus Rashford', 'player_country': 'England', 'player_rating': 8.5}, {'player_name': 'Trent Alexander-Arnold', 'player_country': 'England', 'player_rating': 6.6}, {'player_name': 'Kalvin Phillips', 'player_country': 'England', 'player_rating': 6.7}, {'player_name': 'Callum Wilson', 'player_country': 'England', 'player_rating': 6.7}, {'player_name': 'Kieran Trippier', 'player_country': 'England', 'player_rating': 6.9}, {'player_name': 'Jack Grealish', 'player_country': 'England', 'player_rating': 7.2}, {'player_name': 'Aaron Ramsdale', 'player_country': 'England', 'player_rating': None}, {'player_name': 'Nick Pope', 'player_country': 'England', 'player_rating': None}, {'player_name': 'Conor Coady', 'player_country': 'England', 'player_rating': None}, {'player_name': 'Eric Dier', 'player_country': 'England', 'player_rating': None}, {'player_name': 'James Maddison', 'player_country': 'England', 'player_rating': None}, {'player_name': 'Conor Gallagher', 'player_country': 'England', 'player_rating': None}, {'player_name': 'Bukayo Saka', 'player_country': 'England', 'player_rating': None}, {'player_name': 'Mason Mount', 'player_country': 'England', 'player_rating': None}, {'player_name': 'Raheem Sterling', 'player_country': 'England', 'player_rating': None}]"
36,3,IR Iran,United States,"[{'player_name': 'Alireza Beiranvand', 'player_country': 'IR Iran', 'player_rating': 7.3}, {'player_name': 'Ramin Rezaeian', 'player_country': 'IR Iran', 'player_rating': 6.9}, {'player_name': 'Majid Hosseini', 'player_country': 'IR Iran', 'player_rating': 7.1}, {'player_name': 'Morteza Pouraliganji', 'player_country': 'IR Iran', 'player_rating': 7.4}, {'player_name': 'Milad Mohammadi', 'player_country': 'IR Iran', 'player_rating': 6.7}, {'player_name': 'Ali Gholizadeh', 'player_country': 'IR Iran', 'player_rating': 6.8}, {'player_name': 'Saeid Ezatolahi', 'player_country': 'IR Iran', 'player_rating': 7}, {'player_name': 'Ahmad Nourollahi', 'player_country': 'IR Iran', 'player_rating': 6.5}, {'player_name': 'Ehsan Hajsafi', 'player_country': 'IR Iran', 'player_rating': 6.5}, {'player_name': 'Mehdi Taremi', 'player_country': 'IR Iran', 'player_rating': 6.6}, {'player_name': 'Sardar Azmoun', 'player_country': 'IR Iran', 'player_rating': 6.5}, {'player_name': 'Ali Karimi', 'player_country': 'IR Iran', 'player_rating': 7}, {'player_name': 'Saman Ghoddos', 'player_country': 'IR Iran', 'player_rating': 6.7}, {'player_name': 'Mahdi Torabi', 'player_country': 'IR Iran', 'player_rating': 6.5}, {'player_name': 'Abolfazl Jalali', 'player_country': 'IR Iran', 'player_rating': 6.6}, {'player_name': 'Karim Ansarifard', 'player_country': 'IR Iran', 'player_rating': 6.5}, {'player_name': 'Hossein Hosseini', 'player_country': 'IR Iran', 'player_rating': None}, {'player_name': 'Payam Niazmand', 'player_country': 'IR Iran', 'player_rating': None}, {'player_name': 'Amir Abedzadeh', 'player_country': 'IR Iran', 'player_rating': None}, {'player_name': 'Hossein Kanaani', 'player_country': 'IR Iran', 'player_rating': None}, {'player_name': 'Roozbeh Cheshmi', 'player_country': 'IR Iran', 'player_rating': None}, {'player_name': 'Vahid Amiri', 'player_country': 'IR Iran', 'player_rating': None}, {'player_name': 'Shoja Khalilzadeh', 'player_country': 'IR Iran', 'player_rating': None}, {'player_name': 'Sadegh Moharrami', 'player_country': 'IR Iran', 'player_rating': None}]","[{'player_name': 'Matt Turner', 'player_country': 'United States', 'player_rating': 7.2}, {'player_name': 'Sergiño Dest', 'player_country': 'United States', 'player_rating': 7.2}, {'player_name': 'Cameron Carter-Vickers', 'player_country': 'United States', 'player_rating': 7.1}, {'player_name': 'Tim Ream', 'player_country': 'United States', 'player_rating': 7.2}, {'player_name': 'Antonee Robinson', 'player_country': 'United States', 'player_rating': 7.1}, {'player_name': 'Yunus Musah', 'player_country': 'United States', 'player_rating': 7.2}, {'player_name': 'Tyler Adams', 'player_country': 'United States', 'player_rating': 7.4}, {'player_name': 'Weston McKennie', 'player_country': 'United States', 'player_rating': 6.7}, {'player_name': 'Timothy Weah', 'player_country': 'United States', 'player_rating': 6.7}, {'player_name': 'Josh Sargent', 'player_country': 'United States', 'player_rating': 7}, {'player_name': 'Christian Pulišić', 'player_country': 'United States', 'player_rating': 7.7}, {'player_name': 'Brenden Aaronson', 'player_country': 'United States', 'player_rating': 6.7}, {'player_name': 'Kellyn Acosta', 'player_country': 'United States', 'player_rating': 6.7}, {'player_name': 'Haji Wright', 'player_country': 'United States', 'player_rating': 6.9}, {'player_name': 'Walker Zimmerman', 'player_country': 'United States', 'player_rating': 7.4}, {'player_name': 'Shaq Moore', 'player_country': 'United States', 'player_rating': 7}, {'player_name': 'Ethan Horvath', 'player_country': 'United States', 'player_rating': None}, {'player_name': 'Sean Johnson', 'player_country': 'United States', 'player_rating': None}, {'player_name': 'Aaron Long', 'player_country': 'United States', 'player_rating': None}, {'player_name': 'Joe Scally', 'player_country': 'United States', 'player_rating': None}, {'player_name': 'DeAndre Yedlin', 'player_country': 'United States', 'player_rating': None}, {'player_name': 'Luca De La Torre', 'player_country': 'United States', 'player_rating': None}, {'player_name': 'Cristian Roldán', 'player_country': 'United States', 'player_rating': None}, {'player_name': 'Jesús Ferreira', 'player_country': 'United States', 'player_rating': None}, {'player_name': 'Giovanni Reyna', 'player_country': 'United States', 'player_rating': None}, {'player_name': 'Jordan Morris', 'player_country': 'United States', 'player_rating': None}]"
5,1,Argentina,Saudi Arabia,"[{'player_name': 'Emiliano Martínez', 'player_country': 'Argentina', 'player_rating': 6.1}, {'player_name': 'Nahuel Molina', 'player_country': 'Argentina', 'player_rating': 6.6}, {'player_name': 'Cristian Romero', 'player_country': 'Argentina', 'player_rating': 6.7}, {'player_name': 'Nicolás Otamendi', 'player_country': 'Argentina', 'player_rating': 7.2}, {'player_name': 'Nicolás Tagliafico', 'player_country': 'Argentina', 'player_rating': 6.5}, {'player_name': 'Ángel Di María', 'player_country': 'Argentina', 'player_rating': 6.9}, {'player_name': 'Rodrigo De Paul', 'player_country': 'Argentina', 'player_rating': 6.8}, {'player_name': 'Leandro Paredes', 'player_country': 'Argentina', 'player_rating': 7.3}, {'player_name': 'Papu Gómez', 'player_country': 'Argentina', 'player_rating': 6.8}, {'player_name': 'Lionel Messi', 'player_country': 'Argentina', 'player_rating': 7.9}, {'player_name': 'Lautaro Martínez', 'player_country': 'Argentina', 'player_rating': 6.7}, {'player_name': 'Lisandro Martínez', 'player_country': 'Argentina', 'player_rating': 6.9}, {'player_name': 'Enzo Fernández', 'player_country': 'Argentina', 'player_rating': 6.9}, {'player_name': 'Julián Alvarez', 'player_country': 'Argentina', 'player_rating': 6.9}, {'player_name': 'Marcos Acuña', 'player_country': 'Argentina', 'player_rating': 7.1}, {'player_name': 'Gerónimo Rulli', 'player_country': 'Argentina', 'player_rating': None}, {'player_name': 'Franco Armani', 'player_country': 'Argentina', 'player_rating': None}, {'player_name': 'Juan Foyth', 'player_country': 'Argentina', 'player_rating': None}, {'player_name': 'Gonzalo Montiel', 'player_country': 'Argentina', 'player_rating': None}, {'player_name': 'Germán Pezzella', 'player_country': 'Argentina', 'player_rating': None}, {'player_name': 'Alexis Mac Allister', 'player_country': 'Argentina', 'player_rating': None}, {'player_name': 'Ángel Correa', 'player_country': 'Argentina', 'player_rating': None}, {'player_name': 'Exequiel Palacios', 'player_country': 'Argentina', 'player_rating': None}, {'player_name': 'Guido Rodríguez', 'player_country': 'Argentina', 'player_rating': None}, {'player_name': 'Thiago Almada', 'player_country': 'Argentina', 'player_rating': None}, {'player_name': 'Paulo Dybala', 'player_country': 'Argentina', 'player_rating': None}]","[{'player_name': 'Mohammed Al-Owais', 'player_country': 'Saudi Arabia', 'player_rating': 8.2}, {'player_name': 'Saud Abdulhamid', 'player_country': 'Saudi Arabia', 'player_rating': 6.4}, {'player_name': 'Hassan Tambakti', 'player_country': 'Saudi Arabia', 'player_rating': 6.9}, {'player_name': 'Ali Al-Bulaihi', 'player_country': 'Saudi Arabia', 'player_rating': 6.3}, {'player_name': 'Yasser Al-Shahrani', 'player_country': 'Saudi Arabia', 'player_rating': 6.9}, {'player_name': 'Abdulelah Al-Malki', 'player_country': 'Saudi Arabia', 'player_rating': 6.3}, {'player_name': 'Firas Al-Buraikan', 'player_country': 'Saudi Arabia', 'player_rating': 7}, {'player_name': 'Salman Alfaraj', 'player_country': 'Saudi Arabia', 'player_rating': 6.4}, {'player_name': 'Mohamed Kanno', 'player_country': 'Saudi Arabia', 'player_rating': 7}, {'player_name': 'Salem Al-Dawsari', 'player_country': 'Saudi Arabia', 'player_rating': 6.6}, {'player_name': 'Saleh Al-Shehri', 'player_country': 'Saudi Arabia', 'player_rating': 7.2}, {'player_name': 'Nawaf Al-Abed', 'player_country': 'Saudi Arabia', 'player_rating': 6.4}, {'player_name': 'Sultan Al-Ghannam', 'player_country': 'Saudi Arabia', 'player_rating': 6.3}, {'player_name': 'Abdulelah Al-Amri', 'player_country': 'Saudi Arabia', 'player_rating': 6.5}, {'player_name': 'Haitham Asiri', 'player_country': 'Saudi Arabia', 'player_rating': 6.5}, {'player_name': 'Mohammed Alburayk', 'player_country': 'Saudi Arabia', 'player_rating': None}, {'player_name': 'Mohammed Al-Yami', 'player_country': 'Saudi Arabia', 'player_rating': None}, {'player_name': 'Nawaf Al-Aqidi', 'player_country': 'Saudi Arabia', 'player_rating': None}, {'player_name': 'Abdullah Madu', 'player_country': 'Saudi Arabia', 'player_rating': None}, {'player_name': 'Sami Al Naji', 'player_country': 'Saudi Arabia', 'player_rating': None}, {'player_name': 'Nasser Al-Dawsari', 'player_country': 'Saudi Arabia', 'player_rating': None}, {'player_name': 'Abdullah Otayf', 'player_country': 'Saudi Arabia', 'player_rating': None}, {'player_name': 'Ali Al-Hassan', 'player_country': 'Saudi Arabia', 'player_rating': None}, {'player_name': 'Hattan Bahebri', 'player_country': 'Saudi Arabia', 'player_rating': None}, {'player_name': 'Abdulrahman Alobud', 'player_country': 'Saudi Arabia', 'player_rating': None}]"
7,1,Mexico,Poland,"[{'player_name': 'Guillermo Ochoa', 'player_country': 'Mexico', 'player_rating': 7.6}, {'player_name': 'Jorge Sánchez', 'player_country': 'Mexico', 'player_rating': 6.7}, {'player_name': 'César Montes', 'player_country': 'Mexico', 'player_rating': 7}, {'player_name': 'Héctor Moreno', 'player_country': 'Mexico', 'player_rating': 6.7}, {'player_name': 'Jesús Gallardo', 'player_country': 'Mexico', 'player_rating': 7.6}, {'player_name': 'Héctor Herrera', 'player_country': 'Mexico', 'player_rating': 7}, {'player_name': 'Edson Álvarez', 'player_country': 'Mexico', 'player_rating': 7.3}, {'player_name': 'Luis Chávez', 'player_country': 'Mexico', 'player_rating': 7.3}, {'player_name': 'Hirving Lozano', 'player_country': 'Mexico', 'player_rating': 7.6}, {'player_name': 'Henry Martín', 'player_country': 'Mexico', 'player_rating': 6.5}, {'player_name': 'Alexis Vega', 'player_country': 'Mexico', 'player_rating': 7}, {'player_name': 'Carlos Rodríguez', 'player_country': 'Mexico', 'player_rating': 6.7}, {'player_name': 'Raúl Jiménez', 'player_country': 'Mexico', 'player_rating': 6.6}, {'player_name': 'Uriel Antuna', 'player_country': 'Mexico', 'player_rating': 6.7}, {'player_name': 'Alfredo Talavera', 'player_country': 'Mexico', 'player_rating': None}, {'player_name': 'Rodolfo Cota', 'player_country': 'Mexico', 'player_rating': None}, {'player_name': 'Néstor Araujo', 'player_country': 'Mexico', 'player_rating': None}, {'player_name': 'Johan Vásquez', 'player_country': 'Mexico', 'player_rating': None}, {'player_name': 'Luis Romo', 'player_country': 'Mexico', 'player_rating': None}, {'player_name': 'Kevin Álvarez', 'player_country': 'Mexico', 'player_rating': None}, {'player_name': 'Gerardo Arteaga', 'player_country': 'Mexico', 'player_rating': None}, {'player_name': 'Andrés Guardado', 'player_country': 'Mexico', 'player_rating': None}, {'player_name': 'Orbelín Pineda', 'player_country': 'Mexico', 'player_rating': None}, {'player_name': 'Érick Gutiérrez', 'player_country': 'Mexico', 'player_rating': None}, {'player_name': 'Rogelio Funes Mori', 'player_country': 'Mexico', 'player_rating': None}, {'player_name': 'Roberto Alvarado', 'player_country': 'Mexico', 'player_rating': None}]","[{'player_name': 'Wojciech Szczęsny', 'player_country': 'Poland', 'player_rating': 8}, {'player_name': 'Jakub Kiwior', 'player_country': 'Poland', 'player_rating': 7.1}, {'player_name': 'Kamil Glik', 'player_country': 'Poland', 'player_rating': 7.2}, {'player_name': 'Grzegorz Krychowiak', 'player_country': 'Poland', 'player_rating': 7}, {'player_name': 'Matty Cash', 'player_country': 'Poland', 'player_rating': 6.7}, {'player_name': 'Jakub Kamiński', 'player_country': 'Poland', 'player_rating': 6.9}, {'player_name': 'Nicola Zalewski', 'player_country': 'Poland', 'player_rating': 6.4}, {'player_name': 'Piotr Zieliński', 'player_country': 'Poland', 'player_rating': 7.2}, {'player_name': 'Bartosz Bereszyński', 'player_country': 'Poland', 'player_rating': 6.4}, {'player_name': 'Sebastian Szymański', 'player_country': 'Poland', 'player_rating': 6.9}, {'player_name': 'Robert Lewandowski', 'player_country': 'Poland', 'player_rating': 7}, {'player_name': 'Krystian Bielik', 'player_country': 'Poland', 'player_rating': 6.8}, {'player_name': 'Przemysław Frankowski', 'player_country': 'Poland', 'player_rating': 6.8}, {'player_name': 'Arkadiusz Milik', 'player_country': 'Poland', 'player_rating': 6.5}, {'player_name': 'Łukasz Skorupski', 'player_country': 'Poland', 'player_rating': None}, {'player_name': 'Kamil Grabara', 'player_country': 'Poland', 'player_rating': None}, {'player_name': 'Jan Bednarek', 'player_country': 'Poland', 'player_rating': None}, {'player_name': 'Artur Jędrzejczyk', 'player_country': 'Poland', 'player_rating': None}, {'player_name': 'Robert Gumny', 'player_country': 'Poland', 'player_rating': None}, {'player_name': 'Mateusz Wieteska', 'player_country': 'Poland', 'player_rating': None}, {'player_name': 'Michał Skóraś', 'player_country': 'Poland', 'player_rating': None}, {'player_name': 'Kamil Grosicki', 'player_country': 'Poland', 'player_rating': None}, {'player_name': 'Damian Szymański', 'player_country': 'Poland', 'player_rating': None}, {'player_name': 'Karol Świderski', 'player_country': 'Poland', 'player_rating': None}, {'player_name': 'Krzysztof Piątek', 'player_country': 'Poland', 'player_rating': None}, {'player_name': 'Szymon Żurkowski', 'player_country': 'Poland', 'player_rating': None}]"
22,2,Poland,Saudi Arabia,"[{'player_name': 'Wojciech Szczęsny', 'player_country': 'Poland', 'player_rating': 8.4}, {'player_name': 'Jakub Kiwior', 'player_country': 'Poland', 'player_rating': 6.7}, {'player_name': 'Kamil Glik', 'player_country': 'Poland', 'player_rating': 7.1}, {'player_name': 'Krystian Bielik', 'player_country': 'Poland', 'player_rating': 7.1}, {'player_name': 'Matty Cash', 'player_country': 'Poland', 'player_rating': 6.7}, {'player_name': 'Piotr Zieliński', 'player_country': 'Poland', 'player_rating': 7}, {'player_name': 'Grzegorz Krychowiak', 'player_country': 'Poland', 'player_rating': 7}, {'player_name': 'Bartosz Bereszyński', 'player_country': 'Poland', 'player_rating': 6.6}, {'player_name': 'Robert Lewandowski', 'player_country': 'Poland', 'player_rating': 8.1}, {'player_name': 'Arkadiusz Milik', 'player_country': 'Poland', 'player_rating': 6.4}, {'player_name': 'Przemysław Frankowski', 'player_country': 'Poland', 'player_rating': 7.2}, {'player_name': 'Jakub Kamiński', 'player_country': 'Poland', 'player_rating': 6.9}, {'player_name': 'Krzysztof Piątek', 'player_country': 'Poland', 'player_rating': 6.6}, {'player_name': 'Łukasz Skorupski', 'player_country': 'Poland', 'player_rating': None}, {'player_name': 'Kamil Grabara', 'player_country': 'Poland', 'player_rating': None}, {'player_name': 'Jan Bednarek', 'player_country': 'Poland', 'player_rating': None}, {'player_name': 'Artur Jędrzejczyk', 'player_country': 'Poland', 'player_rating': None}, {'player_name': 'Robert Gumny', 'player_country': 'Poland', 'player_rating': None}, {'player_name': 'Mateusz Wieteska', 'player_country': 'Poland', 'player_rating': None}, {'player_name': 'Nicola Zalewski', 'player_country': 'Poland', 'player_rating': None}, {'player_name': 'Sebastian Szymański', 'player_country': 'Poland', 'player_rating': None}, {'player_name': 'Kamil Grosicki', 'player_country': 'Poland', 'player_rating': None}, {'player_name': 'Damian Szymański', 'player_country': 'Poland', 'player_rating': None}, {'player_name': 'Michał Skóraś', 'player_country': 'Poland', 'player_rating': None}, {'player_name': 'Karol Świderski', 'player_country': 'Poland', 'player_rating': None}, {'player_name': 'Szymon Żurkowski', 'player_country': 'Poland', 'player_rating': None}]","[{'player_name': 'Mohammed Al-Owais', 'player_country': 'Saudi Arabia', 'player_rating': 6.6}, {'player_name': 'Saud Abdulhamid', 'player_country': 'Saudi Arabia', 'player_rating': 7.2}, {'player_name': 'Abdulelah Al-Amri', 'player_country': 'Saudi Arabia', 'player_rating': 7}, {'player_name': 'Ali Al-Bulaihi', 'player_country': 'Saudi Arabia', 'player_rating': 6.6}, {'player_name': 'Mohammed Alburayk', 'player_country': 'Saudi Arabia', 'player_rating': 6.9}, {'player_name': 'Abdulelah Al-Malki', 'player_country': 'Saudi Arabia', 'player_rating': 6.3}, {'player_name': 'Firas Al-Buraikan', 'player_country': 'Saudi Arabia', 'player_rating': 6.9}, {'player_name': 'Sami Al Naji', 'player_country': 'Saudi Arabia', 'player_rating': 6.5}, {'player_name': 'Mohamed Kanno', 'player_country': 'Saudi Arabia', 'player_rating': 7.6}, {'player_name': 'Salem Al-Dawsari', 'player_country': 'Saudi Arabia', 'player_rating': 7.3}, {'player_name': 'Saleh Al-Shehri', 'player_country': 'Saudi Arabia', 'player_rating': 7.2}, {'player_name': 'Nawaf Al-Abed', 'player_country': 'Saudi Arabia', 'player_rating': 6.5}, {'player_name': 'Sultan Al-Ghannam', 'player_country': 'Saudi Arabia', 'player_rating': 6.3}, {'player_name': 'Abdulrahman Alobud', 'player_country': 'Saudi Arabia', 'player_rating': 6.7}, {'player_name': 'Nasser Al-Dawsari', 'player_country': 'Saudi Arabia', 'player_rating': 6.7}, {'player_name': 'Hattan Bahebri', 'player_country': 'Saudi Arabia', 'player_rating': None}, {'player_name': 'Mohammed Al-Yami', 'player_country': 'Saudi Arabia', 'player_rating': None}, {'player_name': 'Nawaf Al-Aqidi', 'player_country': 'Saudi Arabia', 'player_rating': None}, {'player_name': 'Hassan Tambakti', 'player_country': 'Saudi Arabia', 'player_rating': None}, {'player_name': 'Abdullah Madu', 'player_country': 'Saudi Arabia', 'player_rating': None}, {'player_name': 'Abdullah Otayf', 'player_country': 'Saudi Arabia', 'player_rating': None}, {'player_name': 'Ali Al-Hassan', 'player_country': 'Saudi Arabia', 'player_rating': None}, {'player_name': 'Haitham Asiri', 'player_country': 'Saudi Arabia', 'player_rating': None}]"
24,2,Argentina,Mexico,"[{'player_name': 'Emiliano Martínez', 'player_country': 'Argentina', 'player_rating': 7}, {'player_name': 'Gonzalo Montiel', 'player_country': 'Argentina', 'player_rating': 6.4}, {'player_name': 'Nicolás Otamendi', 'player_country': 'Argentina', 'player_rating': 7.4}, {'player_name': 'Lisandro Martínez', 'player_country': 'Argentina', 'player_rating': 7}, {'player_name': 'Marcos Acuña', 'player_country': 'Argentina', 'player_rating': 7.1}, {'player_name': 'Ángel Di María', 'player_country': 'Argentina', 'player_rating': 7.2}, {'player_name': 'Rodrigo De Paul', 'player_country': 'Argentina', 'player_rating': 6.8}, {'player_name': 'Guido Rodríguez', 'player_country': 'Argentina', 'player_rating': 6.8}, {'player_name': 'Alexis Mac Allister', 'player_country': 'Argentina', 'player_rating': 7.1}, {'player_name': 'Lionel Messi', 'player_country': 'Argentina', 'player_rating': 8.2}, {'player_name': 'Lautaro Martínez', 'player_country': 'Argentina', 'player_rating': 6.6}, {'player_name': 'Enzo Fernández', 'player_country': 'Argentina', 'player_rating': 7.4}, {'player_name': 'Nahuel Molina', 'player_country': 'Argentina', 'player_rating': 6.5}, {'player_name': 'Julián Alvarez', 'player_country': 'Argentina', 'player_rating': 6.5}, {'player_name': 'Cristian Romero', 'player_country': 'Argentina', 'player_rating': 6.6}, {'player_name': 'Exequiel Palacios', 'player_country': 'Argentina', 'player_rating': 6.5}, {'player_name': 'Gerónimo Rulli', 'player_country': 'Argentina', 'player_rating': None}, {'player_name': 'Franco Armani', 'player_country': 'Argentina', 'player_rating': None}, {'player_name': 'Juan Foyth', 'player_country': 'Argentina', 'player_rating': None}, {'player_name': 'Germán Pezzella', 'player_country': 'Argentina', 'player_rating': None}, {'player_name': 'Nicolás Tagliafico', 'player_country': 'Argentina', 'player_rating': None}, {'player_name': 'Thiago Almada', 'player_country': 'Argentina', 'player_rating': None}, {'player_name': 'Papu Gómez', 'player_country': 'Argentina', 'player_rating': None}, {'player_name': 'Ángel Correa', 'player_country': 'Argentina', 'player_rating': None}, {'player_name': 'Leandro Paredes', 'player_country': 'Argentina', 'player_rating': None}, {'player_name': 'Paulo Dybala', 'player_country': 'Argentina', 'player_rating': None}]","[{'player_name': 'Guillermo Ochoa', 'player_country': 'Mexico', 'player_rating': 6}, {'player_name': 'Kevin Álvarez', 'player_country': 'Mexico', 'player_rating': 6.3}, {'player_name': 'Néstor Araujo', 'player_country': 'Mexico', 'player_rating': 6.2}, {'player_name': 'César Montes', 'player_country': 'Mexico', 'player_rating': 6.8}, {'player_name': 'Héctor Moreno', 'player_country': 'Mexico', 'player_rating': 6.7}, {'player_name': 'Jesús Gallardo', 'player_country': 'Mexico', 'player_rating': 6.2}, {'player_name': 'Luis Chávez', 'player_country': 'Mexico', 'player_rating': 6.4}, {'player_name': 'Héctor Herrera', 'player_country': 'Mexico', 'player_rating': 6.6}, {'player_name': 'Andrés Guardado', 'player_country': 'Mexico', 'player_rating': 6.7}, {'player_name': 'Hirving Lozano', 'player_country': 'Mexico', 'player_rating': 6.6}, {'player_name': 'Alexis Vega', 'player_country': 'Mexico', 'player_rating': 6.6}, {'player_name': 'Érick Gutiérrez', 'player_country': 'Mexico', 'player_rating': 6.6}, {'player_name': 'Raúl Jiménez', 'player_country': 'Mexico', 'player_rating': 6.8}, {'player_name': 'Uriel Antuna', 'player_country': 'Mexico', 'player_rating': 6.8}, {'player_name': 'Roberto Alvarado', 'player_country': 'Mexico', 'player_rating': 6.3}, {'player_name': 'Alfredo Talavera', 'player_country': 'Mexico', 'player_rating': None}, {'player_name': 'Rodolfo Cota', 'player_country': 'Mexico', 'player_rating': None}, {'player_name': 'Jorge Sánchez', 'player_country': 'Mexico', 'player_rating': None}, {'player_name': 'Gerardo Arteaga', 'player_country': 'Mexico', 'player_rating': None}, {'player_name': 'Luis Romo', 'player_country': 'Mexico', 'player_rating': None}, {'player_name': 'Johan Vásquez', 'player_country': 'Mexico', 'player_rating': None}, {'player_name': 'Edson Álvarez', 'player_country': 'Mexico', 'player_rating': None}, {'player_name': 'Orbelín Pineda', 'player_country': 'Mexico', 'player_rating': None}, {'player_name': 'Carlos Rodríguez', 'player_country': 'Mexico', 'player_rating': None}, {'player_name': 'Rogelio Funes Mori', 'player_country': 'Mexico', 'player_rating': None}, {'player_name': 'Henry Martín', 'player_country': 'Mexico', 'player_rating': None}]"
40,3,Poland,Argentina,"[{'player_name': 'Wojciech Szczęsny', 'player_country': 'Poland', 'player_rating': 8.6}, {'player_name': 'Matty Cash', 'player_country': 'Poland', 'player_rating': 6.6}, {'player_name': 'Kamil Glik', 'player_country': 'Poland', 'player_rating': 6.5}, {'player_name': 'Jakub Kiwior', 'player_country': 'Poland', 'player_rating': 6.8}, {'player_name': 'Bartosz Bereszyński', 'player_country': 'Poland', 'player_rating': 6.6}, {'player_name': 'Piotr Zieliński', 'player_country': 'Poland', 'player_rating': 7}, {'player_name': 'Krystian Bielik', 'player_country': 'Poland', 'player_rating': 6.2}, {'player_name': 'Grzegorz Krychowiak', 'player_country': 'Poland', 'player_rating': 6.8}, {'player_name': 'Przemysław Frankowski', 'player_country': 'Poland', 'player_rating': 6.6}, {'player_name': 'Robert Lewandowski', 'player_country': 'Poland', 'player_rating': 6.3}, {'player_name': 'Karol Świderski', 'player_country': 'Poland', 'player_rating': 6.8}, {'player_name': 'Michał Skóraś', 'player_country': 'Poland', 'player_rating': 6.6}, {'player_name': 'Jakub Kamiński', 'player_country': 'Poland', 'player_rating': 6.1}, {'player_name': 'Damian Szymański', 'player_country': 'Poland', 'player_rating': 6.5}, {'player_name': 'Artur Jędrzejczyk', 'player_country': 'Poland', 'player_rating': 6.6}, {'player_name': 'Krzysztof Piątek', 'player_country': 'Poland', 'player_rating': 6.5}, {'player_name': 'Kamil Grabara', 'player_country': 'Poland', 'player_rating': None}, {'player_name': 'Łukasz Skorupski', 'player_country': 'Poland', 'player_rating': None}, {'player_name': 'Robert Gumny', 'player_country': 'Poland', 'player_rating': None}, {'player_name': 'Mateusz Wieteska', 'player_country': 'Poland', 'player_rating': None}, {'player_name': 'Jan Bednarek', 'player_country': 'Poland', 'player_rating': None}, {'player_name': 'Sebastian Szymański', 'player_country': 'Poland', 'player_rating': None}, {'player_name': 'Kamil Grosicki', 'player_country': 'Poland', 'player_rating': None}, {'player_name': 'Nicola Zalewski', 'player_country': 'Poland', 'player_rating': None}, {'player_name': 'Arkadiusz Milik', 'player_country': 'Poland', 'player_rating': None}, {'player_name': 'Szymon Żurkowski', 'player_country': 'Poland', 'player_rating': None}]","[{'player_name': 'Emiliano Martínez', 'player_country': 'Argentina', 'player_rating': 6.7}, {'player_name': 'Nahuel Molina', 'player_country': 'Argentina', 'player_rating': 7.8}, {'player_name': 'Cristian Romero', 'player_country': 'Argentina', 'player_rating': 6.8}, {'player_name': 'Nicolás Otamendi', 'player_country': 'Argentina', 'player_rating': 7.3}, {'player_name': 'Marcos Acuña', 'player_country': 'Argentina', 'player_rating': 7.4}, {'player_name': 'Rodrigo De Paul', 'player_country': 'Argentina', 'player_rating': 7.6}, {'player_name': 'Enzo Fernández', 'player_country': 'Argentina', 'player_rating': 7.8}, {'player_name': 'Alexis Mac Allister', 'player_country': 'Argentina', 'player_rating': 8.3}, {'player_name': 'Ángel Di María', 'player_country': 'Argentina', 'player_rating': 7.3}, {'player_name': 'Lionel Messi', 'player_country': 'Argentina', 'player_rating': 8.7}, {'player_name': 'Julián Alvarez', 'player_country': 'Argentina', 'player_rating': 6.8}, {'player_name': 'Nicolás Tagliafico', 'player_country': 'Argentina', 'player_rating': 6.8}, {'player_name': 'Leandro Paredes', 'player_country': 'Argentina', 'player_rating': 7.1}, {'player_name': 'Germán Pezzella', 'player_country': 'Argentina', 'player_rating': 6.6}, {'player_name': 'Lautaro Martínez', 'player_country': 'Argentina', 'player_rating': 6.3}, {'player_name': 'Thiago Almada', 'player_country': 'Argentina', 'player_rating': 6.9}, {'player_name': 'Franco Armani', 'player_country': 'Argentina', 'player_rating': None}, {'player_name': 'Gerónimo Rulli', 'player_country': 'Argentina', 'player_rating': None}, {'player_name': 'Gonzalo Montiel', 'player_country': 'Argentina', 'player_rating': None}, {'player_name': 'Lisandro Martínez', 'player_country': 'Argentina', 'player_rating': None}, {'player_name': 'Juan Foyth', 'player_country': 'Argentina', 'player_rating': None}, {'player_name': 'Ángel Correa', 'player_country': 'Argentina', 'player_rating': None}, {'player_name': 'Exequiel Palacios', 'player_country': 'Argentina', 'player_rating': None}, {'player_name': 'Guido Rodríguez', 'player_country': 'Argentina', 'player_rating': None}, {'player_name': 'Papu Gómez', 'player_country': 'Argentina', 'player_rating': None}, {'player_name': 'Paulo Dybala', 'player_country': 'Argentina', 'player_rating': None}]"
39,3,Saudi Arabia,Mexico,"[{'player_name': 'Mohammed Al-Owais', 'player_country': 'Saudi Arabia', 'player_rating': 8.2}, {'player_name': 'Sultan Al-Ghannam', 'player_country': 'Saudi Arabia', 'player_rating': 6.5}, {'player_name': 'Abdulelah Al-Amri', 'player_country': 'Saudi Arabia', 'player_rating': 6.6}, {'player_name': 'Hassan Tambakti', 'player_country': 'Saudi Arabia', 'player_rating': 6.8}, {'player_name': 'Ali Al-Bulaihi', 'player_country': 'Saudi Arabia', 'player_rating': 6.6}, {'player_name': 'Firas Al-Buraikan', 'player_country': 'Saudi Arabia', 'player_rating': 6.4}, {'player_name': 'Ali Al-Hassan', 'player_country': 'Saudi Arabia', 'player_rating': 6.7}, {'player_name': 'Saud Abdulhamid', 'player_country': 'Saudi Arabia', 'player_rating': 6.5}, {'player_name': 'Salem Al-Dawsari', 'player_country': 'Saudi Arabia', 'player_rating': 7.4}, {'player_name': 'Saleh Al-Shehri', 'player_country': 'Saudi Arabia', 'player_rating': 6.8}, {'player_name': 'Mohamed Kanno', 'player_country': 'Saudi Arabia', 'player_rating': 6.9}, {'player_name': 'Riyadh Sharahili', 'player_country': 'Saudi Arabia', 'player_rating': 6.5}, {'player_name': 'Abdullah Madu', 'player_country': 'Saudi Arabia', 'player_rating': 6.9}, {'player_name': 'Abdulrahman Alobud', 'player_country': 'Saudi Arabia', 'player_rating': 6.5}, {'player_name': 'Hattan Bahebri', 'player_country': 'Saudi Arabia', 'player_rating': 7.1}, {'player_name': 'Mohammed Al-Yami', 'player_country': 'Saudi Arabia', 'player_rating': None}, {'player_name': 'Nawaf Al-Aqidi', 'player_country': 'Saudi Arabia', 'player_rating': None}, {'player_name': 'Sami Al Naji', 'player_country': 'Saudi Arabia', 'player_rating': None}, {'player_name': 'Nasser Al-Dawsari', 'player_country': 'Saudi Arabia', 'player_rating': None}, {'player_name': 'Nawaf Al-Abed', 'player_country': 'Saudi Arabia', 'player_rating': None}, {'player_name': 'Abdullah Otayf', 'player_country': 'Saudi Arabia', 'player_rating': None}, {'player_name': 'Haitham Asiri', 'player_country': 'Saudi Arabia', 'player_rating': None}]","[{'player_name': 'Guillermo Ochoa', 'player_country': 'Mexico', 'player_rating': 7}, {'player_name': 'Jorge Sánchez', 'player_country': 'Mexico', 'player_rating': 6.6}, {'player_name': 'César Montes', 'player_country': 'Mexico', 'player_rating': 7.3}, {'player_name': 'Héctor Moreno', 'player_country': 'Mexico', 'player_rating': 6.6}, {'player_name': 'Jesús Gallardo', 'player_country': 'Mexico', 'player_rating': 6.8}, {'player_name': 'Edson Álvarez', 'player_country': 'Mexico', 'player_rating': 6.9}, {'player_name': 'Luis Chávez', 'player_country': 'Mexico', 'player_rating': 8.3}, {'player_name': 'Hirving Lozano', 'player_country': 'Mexico', 'player_rating': 8.4}, {'player_name': 'Orbelín Pineda', 'player_country': 'Mexico', 'player_rating': 6.9}, {'player_name': 'Alexis Vega', 'player_country': 'Mexico', 'player_rating': 6.5}, {'player_name': 'Henry Martín', 'player_country': 'Mexico', 'player_rating': 7.7}, {'player_name': 'Uriel Antuna', 'player_country': 'Mexico', 'player_rating': 6.8}, {'player_name': 'Carlos Rodríguez', 'player_country': 'Mexico', 'player_rating': 6.6}, {'player_name': 'Raúl Jiménez', 'player_country': 'Mexico', 'player_rating': 6.6}, {'player_name': 'Kevin Álvarez', 'player_country': 'Mexico', 'player_rating': 6.5}, {'player_name': 'Rogelio Funes Mori', 'player_country': 'Mexico', 'player_rating': 6.6}, {'player_name': 'Rodolfo Cota', 'player_country': 'Mexico', 'player_rating': None}, {'player_name': 'Alfredo Talavera', 'player_country': 'Mexico', 'player_rating': None}, {'player_name': 'Néstor Araujo', 'player_country': 'Mexico', 'player_rating': None}, {'player_name': 'Johan Vásquez', 'player_country': 'Mexico', 'player_rating': None}, {'player_name': 'Gerardo Arteaga', 'player_country': 'Mexico', 'player_rating': None}, {'player_name': 'Luis Romo', 'player_country': 'Mexico', 'player_rating': None}, {'player_name': 'Héctor Herrera', 'player_country': 'Mexico', 'player_rating': None}, {'player_name': 'Érick Gutiérrez', 'player_country': 'Mexico', 'player_rating': None}, {'player_name': 'Andrés Guardado', 'player_country': 'Mexico', 'player_rating': None}, {'player_name': 'Roberto Alvarado', 'player_country': 'Mexico', 'player_rating': None}]"
6,1,Denmark,Tunisia,"[{'player_name': 'Kasper Schmeichel', 'player_country': 'Denmark', 'player_rating': 7.3}, {'player_name': 'Joachim Andersen', 'player_country': 'Denmark', 'player_rating': 7.2}, {'player_name': 'Simon Kjær', 'player_country': 'Denmark', 'player_rating': 7.3}, {'player_name': 'Andreas Christensen', 'player_country': 'Denmark', 'player_rating': 7.8}, {'player_name': 'Rasmus Kristensen', 'player_country': 'Denmark', 'player_rating': 7.1}, {'player_name': 'Pierre-Emile Højbjerg', 'player_country': 'Denmark', 'player_rating': 6.9}, {'player_name': 'Thomas Delaney', 'player_country': 'Denmark', 'player_rating': 6.8}, {'player_name': 'Christian Eriksen', 'player_country': 'Denmark', 'player_rating': 7.3}, {'player_name': 'Joakim Mæhle', 'player_country': 'Denmark', 'player_rating': 6.6}, {'player_name': 'Andreas Skov Olsen', 'player_country': 'Denmark', 'player_rating': 6.7}, {'player_name': 'Kasper Dolberg', 'player_country': 'Denmark', 'player_rating': 6.6}, {'player_name': 'Mikkel Damsgaard', 'player_country': 'Denmark', 'player_rating': 6.8}, {'player_name': 'Mathias Jensen', 'player_country': 'Denmark', 'player_rating': 6.9}, {'player_name': 'Jesper Lindstrøm', 'player_country': 'Denmark', 'player_rating': 6.3}, {'player_name': 'Andreas Cornelius', 'player_country': 'Denmark', 'player_rating': 7.2}, {'player_name': 'Oliver Christensen', 'player_country': 'Denmark', 'player_rating': None}, {'player_name': 'Frederik Rønnow', 'player_country': 'Denmark', 'player_rating': None}, {'player_name': 'Victor Nelsson', 'player_country': 'Denmark', 'player_rating': None}, {'player_name': 'Alexander Bah', 'player_country': 'Denmark', 'player_rating': None}, {'player_name': 'Jens Stryger Larsen', 'player_country': 'Denmark', 'player_rating': None}, {'player_name': 'Christian Nørgaard', 'player_country': 'Denmark', 'player_rating': None}, {'player_name': 'Robert Skov', 'player_country': 'Denmark', 'player_rating': None}, {'player_name': 'Daniel Wass', 'player_country': 'Denmark', 'player_rating': None}, {'player_name': 'Yussuf Poulsen', 'player_country': 'Denmark', 'player_rating': None}, {'player_name': 'Jonas Wind', 'player_country': 'Denmark', 'player_rating': None}, {'player_name': 'Martin Braithwaite', 'player_country': 'Denmark', 'player_rating': None}]","[{'player_name': 'Aymen Dahmen', 'player_country': 'Tunisia', 'player_rating': 7.9}, {'player_name': 'Dylan Bronn', 'player_country': 'Tunisia', 'player_rating': 7}, {'player_name': 'Yassine Meriah', 'player_country': 'Tunisia', 'player_rating': 6.9}, {'player_name': 'Montassar Talbi', 'player_country': 'Tunisia', 'player_rating': 7.2}, {'player_name': 'Mohamed Dräger', 'player_country': 'Tunisia', 'player_rating': 6.7}, {'player_name': 'Ellyes Skhiri', 'player_country': 'Tunisia', 'player_rating': 7.1}, {'player_name': 'Aissa Laïdouni', 'player_country': 'Tunisia', 'player_rating': 7.2}, {'player_name': 'Ali Abdi', 'player_country': 'Tunisia', 'player_rating': 7.2}, {'player_name': 'Anis Ben Slimane', 'player_country': 'Tunisia', 'player_rating': 6.7}, {'player_name': 'Youssef Msakni', 'player_country': 'Tunisia', 'player_rating': 7.7}, {'player_name': 'Issam Jebali', 'player_country': 'Tunisia', 'player_rating': 6.8}, {'player_name': 'Naïm Sliti', 'player_country': 'Tunisia', 'player_rating': 6.8}, {'player_name': 'Hannibal Mejbri', 'player_country': 'Tunisia', 'player_rating': 6.6}, {'player_name': 'Taha Yassine Khenissi', 'player_country': 'Tunisia', 'player_rating': 6.5}, {'player_name': 'Wajdi Kechrida', 'player_country': 'Tunisia', 'player_rating': 6.9}, {'player_name': 'Ferjani Sassi', 'player_country': 'Tunisia', 'player_rating': 6.5}, {'player_name': 'Aymen Mathlouthi', 'player_country': 'Tunisia', 'player_rating': None}, {'player_name': 'Bechir Ben Said', 'player_country': 'Tunisia', 'player_rating': None}, {'player_name': 'Mouez Hassen', 'player_country': 'Tunisia', 'player_rating': None}, {'player_name': 'Nader Ghandri', 'player_country': 'Tunisia', 'player_rating': None}, {'player_name': 'Ali Maâloul', 'player_country': 'Tunisia', 'player_rating': None}, {'player_name': 'Bilel Ifa', 'player_country': 'Tunisia', 'player_rating': None}, {'player_name': 'Mohamed Ali Ben Romdhane', 'player_country': 'Tunisia', 'player_rating': None}, {'player_name': 'Ghayléne Chaaleli', 'player_country': 'Tunisia', 'player_rating': None}, {'player_name': 'Seifeddine Jaziri', 'player_country': 'Tunisia', 'player_rating': None}, {'player_name': 'Wahbi Khazri', 'player_country': 'Tunisia', 'player_rating': None}]"
8,1,France,Australia,"[{'player_name': 'Hugo Lloris', 'player_country': 'France', 'player_rating': 6.4}, {'player_name': 'Benjamin Pavard', 'player_country': 'France', 'player_rating': 6.8}, {'player_name': 'Ibrahima Konaté', 'player_country': 'France', 'player_rating': 7.3}, {'player_name': 'Dayot Upamecano', 'player_country': 'France', 'player_rating': 7.7}, {'player_name': 'Lucas Hernández', 'player_country': 'France', 'player_rating': 6.3}, {'player_name': 'Aurélien Tchouaméni', 'player_country': 'France', 'player_rating': 7.3}, {'player_name': 'Adrien Rabiot', 'player_country': 'France', 'player_rating': 8.7}, {'player_name': 'Ousmane Dembélé', 'player_country': 'France', 'player_rating': 7.7}, {'player_name': 'Antoine Griezmann', 'player_country': 'France', 'player_rating': 9.1}, {'player_name': 'Kylian Mbappé', 'player_country': 'France', 'player_rating': 8}, {'player_name': 'Olivier Giroud', 'player_country': 'France', 'player_rating': 8.5}, {'player_name': 'Theo Hernández', 'player_country': 'France', 'player_rating': 8.3}, {'player_name': 'Youssouf Fofana', 'player_country': 'France', 'player_rating': 6.6}, {'player_name': 'Kingsley Coman', 'player_country': 'France', 'player_rating': 6.8}, {'player_name': 'Jules Koundé', 'player_country': 'France', 'player_rating': 6.6}, {'player_name': 'Marcus Thuram', 'player_country': 'France', 'player_rating': 6.3}, {'player_name': 'Alphonse Aréola', 'player_country': 'France', 'player_rating': None}, {'player_name': 'Steve Mandanda', 'player_country': 'France', 'player_rating': None}, {'player_name': 'Raphaël Varane', 'player_country': 'France', 'player_rating': None}, {'player_name': 'Axel Disasi', 'player_country': 'France', 'player_rating': None}, {'player_name': 'William Saliba', 'player_country': 'France', 'player_rating': None}, {'player_name': 'Jordan Veretout', 'player_country': 'France', 'player_rating': None}, {'player_name': 'Eduardo Camavinga', 'player_country': 'France', 'player_rating': None}, {'player_name': 'Mattéo Guendouzi', 'player_country': 'France', 'player_rating': None}, {'player_name': 'Randal Kolo Muani', 'player_country': 'France', 'player_rating': None}]","[{'player_name': 'Mathew Ryan', 'player_country': 'Australia', 'player_rating': 6.4}, {'player_name': 'Nathaniel Atkinson', 'player_country': 'Australia', 'player_rating': 5.3}, {'player_name': 'Harry Souttar', 'player_country': 'Australia', 'player_rating': 6.1}, {'player_name': 'Kye Rowles', 'player_country': 'Australia', 'player_rating': 6.6}, {'player_name': 'Aziz Behich', 'player_country': 'Australia', 'player_rating': 6.7}, {'player_name': 'Aaron Mooy', 'player_country': 'Australia', 'player_rating': 6.7}, {'player_name': 'Mathew Leckie', 'player_country': 'Australia', 'player_rating': 6.8}, {'player_name': 'Jackson Irvine', 'player_country': 'Australia', 'player_rating': 6.2}, {'player_name': 'Riley McGree', 'player_country': 'Australia', 'player_rating': 6.2}, {'player_name': 'Craig Goodwin', 'player_country': 'Australia', 'player_rating': 6.9}, {'player_name': 'Mitchell Duke', 'player_country': 'Australia', 'player_rating': 6.4}, {'player_name': 'Jason Cummings', 'player_country': 'Australia', 'player_rating': 6.4}, {'player_name': 'Awer Mabil', 'player_country': 'Australia', 'player_rating': 6.4}, {'player_name': 'Garang Kuol', 'player_country': 'Australia', 'player_rating': 6.4}, {'player_name': 'Miloš Degenek', 'player_country': 'Australia', 'player_rating': 6.6}, {'player_name': 'Keanu Baccus', 'player_country': 'Australia', 'player_rating': 6.5}, {'player_name': 'Danny Vukovic', 'player_country': 'Australia', 'player_rating': None}, {'player_name': 'Andrew Redmayne', 'player_country': 'Australia', 'player_rating': None}, {'player_name': 'Bailey Wright', 'player_country': 'Australia', 'player_rating': None}, {'player_name': 'Thomas Jok Deng', 'player_country': 'Australia', 'player_rating': None}, {'player_name': 'Joel King', 'player_country': 'Australia', 'player_rating': None}, {'player_name': 'Fran Karačić', 'player_country': 'Australia', 'player_rating': None}, {'player_name': 'Ajdin Hrustić', 'player_country': 'Australia', 'player_rating': None}, {'player_name': 'Cameron Devlin', 'player_country': 'Australia', 'player_rating': None}, {'player_name': 'Marco Tilio', 'player_country': 'Australia', 'player_rating': None}, {'player_name': 'Jamie MacLaren', 'player_country': 'Australia', 'player_rating': None}]"
21,2,Tunisia,Australia,"[{'player_name': 'Aymen Dahmen', 'player_country': 'Tunisia', 'player_rating': 6.4}, {'player_name': 'Dylan Bronn', 'player_country': 'Tunisia', 'player_rating': 6.3}, {'player_name': 'Yassine Meriah', 'player_country': 'Tunisia', 'player_rating': 7}, {'player_name': 'Montassar Talbi', 'player_country': 'Tunisia', 'player_rating': 7.3}, {'player_name': 'Mohamed Dräger', 'player_country': 'Tunisia', 'player_rating': 6.9}, {'player_name': 'Ellyes Skhiri', 'player_country': 'Tunisia', 'player_rating': 6.9}, {'player_name': 'Aissa Laïdouni', 'player_country': 'Tunisia', 'player_rating': 6.8}, {'player_name': 'Ali Abdi', 'player_country': 'Tunisia', 'player_rating': 6.2}, {'player_name': 'Naïm Sliti', 'player_country': 'Tunisia', 'player_rating': 7.1}, {'player_name': 'Youssef Msakni', 'player_country': 'Tunisia', 'player_rating': 7.1}, {'player_name': 'Issam Jebali', 'player_country': 'Tunisia', 'player_rating': 6.8}, {'player_name': 'Ferjani Sassi', 'player_country': 'Tunisia', 'player_rating': 7}, {'player_name': 'Wahbi Khazri', 'player_country': 'Tunisia', 'player_rating': 6.8}, {'player_name': 'Wajdi Kechrida', 'player_country': 'Tunisia', 'player_rating': 6.7}, {'player_name': 'Taha Yassine Khenissi', 'player_country': 'Tunisia', 'player_rating': 6.4}, {'player_name': 'Mouez Hassen', 'player_country': 'Tunisia', 'player_rating': None}, {'player_name': 'Bechir Ben Said', 'player_country': 'Tunisia', 'player_rating': None}, {'player_name': 'Aymen Mathlouthi', 'player_country': 'Tunisia', 'player_rating': None}, {'player_name': 'Ali Maâloul', 'player_country': 'Tunisia', 'player_rating': None}, {'player_name': 'Nader Ghandri', 'player_country': 'Tunisia', 'player_rating': None}, {'player_name': 'Bilel Ifa', 'player_country': 'Tunisia', 'player_rating': None}, {'player_name': 'Anis Ben Slimane', 'player_country': 'Tunisia', 'player_rating': None}, {'player_name': 'Mohamed Ali Ben Romdhane', 'player_country': 'Tunisia', 'player_rating': None}, {'player_name': 'Hannibal Mejbri', 'player_country': 'Tunisia', 'player_rating': None}, {'player_name': 'Ghayléne Chaaleli', 'player_country': 'Tunisia', 'player_rating': None}, {'player_name': 'Seifeddine Jaziri', 'player_country': 'Tunisia', 'player_rating': None}]","[{'player_name': 'Mathew Ryan', 'player_country': 'Australia', 'player_rating': 7.8}, {'player_name': 'Fran Karačić', 'player_country': 'Australia', 'player_rating': 7.2}, {'player_name': 'Harry Souttar', 'player_country': 'Australia', 'player_rating': 7.7}, {'player_name': 'Kye Rowles', 'player_country': 'Australia', 'player_rating': 7.2}, {'player_name': 'Aziz Behich', 'player_country': 'Australia', 'player_rating': 6.8}, {'player_name': 'Mathew Leckie', 'player_country': 'Australia', 'player_rating': 6.1}, {'player_name': 'Jackson Irvine', 'player_country': 'Australia', 'player_rating': 6.9}, {'player_name': 'Aaron Mooy', 'player_country': 'Australia', 'player_rating': 7.4}, {'player_name': 'Mitchell Duke', 'player_country': 'Australia', 'player_rating': 7.8}, {'player_name': 'Riley McGree', 'player_country': 'Australia', 'player_rating': 6.7}, {'player_name': 'Craig Goodwin', 'player_country': 'Australia', 'player_rating': 7.3}, {'player_name': 'Ajdin Hrustić', 'player_country': 'Australia', 'player_rating': 6.3}, {'player_name': 'Jamie MacLaren', 'player_country': 'Australia', 'player_rating': 6.8}, {'player_name': 'Miloš Degenek', 'player_country': 'Australia', 'player_rating': 6.8}, {'player_name': 'Keanu Baccus', 'player_country': 'Australia', 'player_rating': 6.5}, {'player_name': 'Awer Mabil', 'player_country': 'Australia', 'player_rating': 6.5}, {'player_name': 'Danny Vukovic', 'player_country': 'Australia', 'player_rating': None}, {'player_name': 'Andrew Redmayne', 'player_country': 'Australia', 'player_rating': None}, {'player_name': 'Joel King', 'player_country': 'Australia', 'player_rating': None}, {'player_name': 'Thomas Jok Deng', 'player_country': 'Australia', 'player_rating': None}, {'player_name': 'Bailey Wright', 'player_country': 'Australia', 'player_rating': None}, {'player_name': 'Cameron Devlin', 'player_country': 'Australia', 'player_rating': None}, {'player_name': 'Jason Cummings', 'player_country': 'Australia', 'player_rating': None}, {'player_name': 'Marco Tilio', 'player_country': 'Australia', 'player_rating': None}, {'player_name': 'Garang Kuol', 'player_country': 'Australia', 'player_rating': None}]"
23,2,France,Denmark,"[{'player_name': 'Hugo Lloris', 'player_country': 'France', 'player_rating': 6.7}, {'player_name': 'Jules Koundé', 'player_country': 'France', 'player_rating': 6.9}, {'player_name': 'Raphaël Varane', 'player_country': 'France', 'player_rating': 6.5}, {'player_name': 'Dayot Upamecano', 'player_country': 'France', 'player_rating': 7.1}, {'player_name': 'Theo Hernández', 'player_country': 'France', 'player_rating': 8}, {'player_name': 'Aurélien Tchouaméni', 'player_country': 'France', 'player_rating': 7.6}, {'player_name': 'Adrien Rabiot', 'player_country': 'France', 'player_rating': 7.4}, {'player_name': 'Ousmane Dembélé', 'player_country': 'France', 'player_rating': 6.9}, {'player_name': 'Antoine Griezmann', 'player_country': 'France', 'player_rating': 8.3}, {'player_name': 'Kylian Mbappé', 'player_country': 'France', 'player_rating': 8.5}, {'player_name': 'Olivier Giroud', 'player_country': 'France', 'player_rating': 6.9}, {'player_name': 'Marcus Thuram', 'player_country': 'France', 'player_rating': 6.6}, {'player_name': 'Ibrahima Konaté', 'player_country': 'France', 'player_rating': 6.6}, {'player_name': 'Kingsley Coman', 'player_country': 'France', 'player_rating': 6.7}, {'player_name': 'Youssouf Fofana', 'player_country': 'France', 'player_rating': None}, {'player_name': 'Steve Mandanda', 'player_country': 'France', 'player_rating': None}, {'player_name': 'Alphonse Aréola', 'player_country': 'France', 'player_rating': None}, {'player_name': 'Benjamin Pavard', 'player_country': 'France', 'player_rating': None}, {'player_name': 'William Saliba', 'player_country': 'France', 'player_rating': None}, {'player_name': 'Axel Disasi', 'player_country': 'France', 'player_rating': None}, {'player_name': 'Jordan Veretout', 'player_country': 'France', 'player_rating': None}, {'player_name': 'Mattéo Guendouzi', 'player_country': 'France', 'player_rating': None}, {'player_name': 'Eduardo Camavinga', 'player_country': 'France', 'player_rating': None}, {'player_name': 'Randal Kolo Muani', 'player_country': 'France', 'player_rating': None}]","[{'player_name': 'Kasper Schmeichel', 'player_country': 'Denmark', 'player_rating': 7}, {'player_name': 'Joachim Andersen', 'player_country': 'Denmark', 'player_rating': 7.3}, {'player_name': 'Andreas Christensen', 'player_country': 'Denmark', 'player_rating': 7.3}, {'player_name': 'Victor Nelsson', 'player_country': 'Denmark', 'player_rating': 7}, {'player_name': 'Rasmus Kristensen', 'player_country': 'Denmark', 'player_rating': 6.9}, {'player_name': 'Pierre-Emile Højbjerg', 'player_country': 'Denmark', 'player_rating': 7.8}, {'player_name': 'Christian Eriksen', 'player_country': 'Denmark', 'player_rating': 7.4}, {'player_name': 'Joakim Mæhle', 'player_country': 'Denmark', 'player_rating': 6.7}, {'player_name': 'Jesper Lindstrøm', 'player_country': 'Denmark', 'player_rating': 6.7}, {'player_name': 'Mikkel Damsgaard', 'player_country': 'Denmark', 'player_rating': 6.6}, {'player_name': 'Andreas Cornelius', 'player_country': 'Denmark', 'player_rating': 6.5}, {'player_name': 'Martin Braithwaite', 'player_country': 'Denmark', 'player_rating': 6.7}, {'player_name': 'Kasper Dolberg', 'player_country': 'Denmark', 'player_rating': 6.4}, {'player_name': 'Christian Nørgaard', 'player_country': 'Denmark', 'player_rating': 6.5}, {'player_name': 'Alexander Bah', 'player_country': 'Denmark', 'player_rating': None}, {'player_name': 'Frederik Rønnow', 'player_country': 'Denmark', 'player_rating': None}, {'player_name': 'Oliver Christensen', 'player_country': 'Denmark', 'player_rating': None}, {'player_name': 'Simon Kjær', 'player_country': 'Denmark', 'player_rating': None}, {'player_name': 'Jens Stryger Larsen', 'player_country': 'Denmark', 'player_rating': None}, {'player_name': 'Andreas Skov Olsen', 'player_country': 'Denmark', 'player_rating': None}, {'player_name': 'Mathias Jensen', 'player_country': 'Denmark', 'player_rating': None}, {'player_name': 'Daniel Wass', 'player_country': 'Denmark', 'player_rating': None}, {'player_name': 'Robert Skov', 'player_country': 'Denmark', 'player_rating': None}, {'player_name': 'Yussuf Poulsen', 'player_country': 'Denmark', 'player_rating': None}, {'player_name': 'Jonas Wind', 'player_country': 'Denmark', 'player_rating': None}]"
38,3,Tunisia,France,"[{'player_name': 'Aymen Dahmen', 'player_country': 'Tunisia', 'player_rating': 7.1}, {'player_name': 'Yassine Meriah', 'player_country': 'Tunisia', 'player_rating': 6.9}, {'player_name': 'Nader Ghandri', 'player_country': 'Tunisia', 'player_rating': 7.7}, {'player_name': 'Montassar Talbi', 'player_country': 'Tunisia', 'player_rating': 7.1}, {'player_name': 'Wajdi Kechrida', 'player_country': 'Tunisia', 'player_rating': 6}, {'player_name': 'Ellyes Skhiri', 'player_country': 'Tunisia', 'player_rating': 7.1}, {'player_name': 'Aissa Laïdouni', 'player_country': 'Tunisia', 'player_rating': 7.4}, {'player_name': 'Ali Maâloul', 'player_country': 'Tunisia', 'player_rating': 6.8}, {'player_name': 'Anis Ben Slimane', 'player_country': 'Tunisia', 'player_rating': 6.4}, {'player_name': 'Mohamed Ali Ben Romdhane', 'player_country': 'Tunisia', 'player_rating': 7}, {'player_name': 'Wahbi Khazri', 'player_country': 'Tunisia', 'player_rating': 7.2}, {'player_name': 'Issam Jebali', 'player_country': 'Tunisia', 'player_rating': 6.2}, {'player_name': 'Ghayléne Chaaleli', 'player_country': 'Tunisia', 'player_rating': 6.6}, {'player_name': 'Ali Abdi', 'player_country': 'Tunisia', 'player_rating': 6.5}, {'player_name': 'Bechir Ben Said', 'player_country': 'Tunisia', 'player_rating': None}, {'player_name': 'Mouez Hassen', 'player_country': 'Tunisia', 'player_rating': None}, {'player_name': 'Aymen Mathlouthi', 'player_country': 'Tunisia', 'player_rating': None}, {'player_name': 'Mohamed Dräger', 'player_country': 'Tunisia', 'player_rating': None}, {'player_name': 'Dylan Bronn', 'player_country': 'Tunisia', 'player_rating': None}, {'player_name': 'Bilel Ifa', 'player_country': 'Tunisia', 'player_rating': None}, {'player_name': 'Naïm Sliti', 'player_country': 'Tunisia', 'player_rating': None}, {'player_name': 'Youssef Msakni', 'player_country': 'Tunisia', 'player_rating': None}, {'player_name': 'Ferjani Sassi', 'player_country': 'Tunisia', 'player_rating': None}, {'player_name': 'Hannibal Mejbri', 'player_country': 'Tunisia', 'player_rating': None}, {'player_name': 'Seifeddine Jaziri', 'player_country': 'Tunisia', 'player_rating': None}, {'player_name': 'Taha Yassine Khenissi', 'player_country': 'Tunisia', 'player_rating': None}]","[{'player_name': 'Steve Mandanda', 'player_country': 'France', 'player_rating': 6.7}, {'player_name': 'Axel Disasi', 'player_country': 'France', 'player_rating': 7}, {'player_name': 'Raphaël Varane', 'player_country': 'France', 'player_rating': 6.6}, {'player_name': 'Ibrahima Konaté', 'player_country': 'France', 'player_rating': 7.8}, {'player_name': 'Eduardo Camavinga', 'player_country': 'France', 'player_rating': 7.8}, {'player_name': 'Youssouf Fofana', 'player_country': 'France', 'player_rating': 6.7}, {'player_name': 'Aurélien Tchouaméni', 'player_country': 'France', 'player_rating': 7.1}, {'player_name': 'Jordan Veretout', 'player_country': 'France', 'player_rating': 6.5}, {'player_name': 'Kingsley Coman', 'player_country': 'France', 'player_rating': 6.8}, {'player_name': 'Randal Kolo Muani', 'player_country': 'France', 'player_rating': 6.8}, {'player_name': 'Mattéo Guendouzi', 'player_country': 'France', 'player_rating': 6.6}, {'player_name': 'William Saliba', 'player_country': 'France', 'player_rating': 6.9}, {'player_name': 'Adrien Rabiot', 'player_country': 'France', 'player_rating': 6.9}, {'player_name': 'Kylian Mbappé', 'player_country': 'France', 'player_rating': 7.4}, {'player_name': 'Antoine Griezmann', 'player_country': 'France', 'player_rating': 7.1}, {'player_name': 'Ousmane Dembélé', 'player_country': 'France', 'player_rating': 6.9}, {'player_name': 'Alphonse Aréola', 'player_country': 'France', 'player_rating': None}, {'player_name': 'Hugo Lloris', 'player_country': 'France', 'player_rating': None}, {'player_name': 'Benjamin Pavard', 'player_country': 'France', 'player_rating': None}, {'player_name': 'Dayot Upamecano', 'player_country': 'France', 'player_rating': None}, {'player_name': 'Jules Koundé', 'player_country': 'France', 'player_rating': None}, {'player_name': 'Theo Hernández', 'player_country': 'France', 'player_rating': None}, {'player_name': 'Marcus Thuram', 'player_country': 'France', 'player_rating': None}, {'player_name': 'Olivier Giroud', 'player_country': 'France', 'player_rating': None}]"
37,3,Australia,Denmark,"[{'player_name': 'Mathew Ryan', 'player_country': 'Australia', 'player_rating': 7.7}, {'player_name': 'Miloš Degenek', 'player_country': 'Australia', 'player_rating': 7.5}, {'player_name': 'Harry Souttar', 'player_country': 'Australia', 'player_rating': 7.4}, {'player_name': 'Kye Rowles', 'player_country': 'Australia', 'player_rating': 7.5}, {'player_name': 'Aziz Behich', 'player_country': 'Australia', 'player_rating': 7.1}, {'player_name': 'Mathew Leckie', 'player_country': 'Australia', 'player_rating': 6.9}, {'player_name': 'Aaron Mooy', 'player_country': 'Australia', 'player_rating': 6.9}, {'player_name': 'Jackson Irvine', 'player_country': 'Australia', 'player_rating': 7}, {'player_name': 'Craig Goodwin', 'player_country': 'Australia', 'player_rating': 6.6}, {'player_name': 'Riley McGree', 'player_country': 'Australia', 'player_rating': 7.2}, {'player_name': 'Mitchell Duke', 'player_country': 'Australia', 'player_rating': 7.1}, {'player_name': 'Keanu Baccus', 'player_country': 'Australia', 'player_rating': 6.5}, {'player_name': 'Bailey Wright', 'player_country': 'Australia', 'player_rating': 6.5}, {'player_name': 'Jamie MacLaren', 'player_country': 'Australia', 'player_rating': 6.5}, {'player_name': 'Ajdin Hrustić', 'player_country': 'Australia', 'player_rating': 6.4}, {'player_name': 'Danny Vukovic', 'player_country': 'Australia', 'player_rating': None}, {'player_name': 'Andrew Redmayne', 'player_country': 'Australia', 'player_rating': None}, {'player_name': 'Fran Karačić', 'player_country': 'Australia', 'player_rating': None}, {'player_name': 'Nathaniel Atkinson', 'player_country': 'Australia', 'player_rating': None}, {'player_name': 'Joel King', 'player_country': 'Australia', 'player_rating': None}, {'player_name': 'Thomas Jok Deng', 'player_country': 'Australia', 'player_rating': None}, {'player_name': 'Cameron Devlin', 'player_country': 'Australia', 'player_rating': None}, {'player_name': 'Awer Mabil', 'player_country': 'Australia', 'player_rating': None}, {'player_name': 'Marco Tilio', 'player_country': 'Australia', 'player_rating': None}, {'player_name': 'Jason Cummings', 'player_country': 'Australia', 'player_rating': None}, {'player_name': 'Garang Kuol', 'player_country': 'Australia', 'player_rating': None}]","[{'player_name': 'Kasper Schmeichel', 'player_country': 'Denmark', 'player_rating': 6.9}, {'player_name': 'Rasmus Kristensen', 'player_country': 'Denmark', 'player_rating': 6.8}, {'player_name': 'Joachim Andersen', 'player_country': 'Denmark', 'player_rating': 6.8}, {'player_name': 'Andreas Christensen', 'player_country': 'Denmark', 'player_rating': 7.4}, {'player_name': 'Joakim Mæhle', 'player_country': 'Denmark', 'player_rating': 6.6}, {'player_name': 'Mathias Jensen', 'player_country': 'Denmark', 'player_rating': 7.2}, {'player_name': 'Pierre-Emile Højbjerg', 'player_country': 'Denmark', 'player_rating': 7.2}, {'player_name': 'Christian Eriksen', 'player_country': 'Denmark', 'player_rating': 7.4}, {'player_name': 'Andreas Skov Olsen', 'player_country': 'Denmark', 'player_rating': 6.7}, {'player_name': 'Martin Braithwaite', 'player_country': 'Denmark', 'player_rating': 6.7}, {'player_name': 'Jesper Lindstrøm', 'player_country': 'Denmark', 'player_rating': 6.6}, {'player_name': 'Alexander Bah', 'player_country': 'Denmark', 'player_rating': 7}, {'player_name': 'Mikkel Damsgaard', 'player_country': 'Denmark', 'player_rating': 6.5}, {'player_name': 'Kasper Dolberg', 'player_country': 'Denmark', 'player_rating': 6.7}, {'player_name': 'Robert Skov', 'player_country': 'Denmark', 'player_rating': 6.5}, {'player_name': 'Andreas Cornelius', 'player_country': 'Denmark', 'player_rating': 7}, {'player_name': 'Frederik Rønnow', 'player_country': 'Denmark', 'player_rating': None}, {'player_name': 'Oliver Christensen', 'player_country': 'Denmark', 'player_rating': None}, {'player_name': 'Jens Stryger Larsen', 'player_country': 'Denmark', 'player_rating': None}, {'player_name': 'Victor Nelsson', 'player_country': 'Denmark', 'player_rating': None}, {'player_name': 'Simon Kjær', 'player_country': 'Denmark', 'player_rating': None}, {'player_name': 'Daniel Wass', 'player_country': 'Denmark', 'player_rating': None}, {'player_name': 'Christian Nørgaard', 'player_country': 'Denmark', 'player_rating': None}, {'player_name': 'Yussuf Poulsen', 'player_country': 'Denmark', 'player_rating': None}, {'player_name': 'Jonas Wind', 'player_country': 'Denmark', 'player_rating': None}]"
10,1,Germany,Japan,"[{'player_name': 'Manuel Neuer', 'player_country': 'Germany', 'player_rating': 6.7}, {'player_name': 'Niklas Süle', 'player_country': 'Germany', 'player_rating': 6.8}, {'player_name': 'Antonio Rüdiger', 'player_country': 'Germany', 'player_rating': 7.2}, {'player_name': 'Nico Schlotterbeck', 'player_country': 'Germany', 'player_rating': 6.9}, {'player_name': 'David Raum', 'player_country': 'Germany', 'player_rating': 8.1}, {'player_name': 'Joshua Kimmich', 'player_country': 'Germany', 'player_rating': 8}, {'player_name': 'İlkay Gündoğan', 'player_country': 'Germany', 'player_rating': 8}, {'player_name': 'Serge Gnabry', 'player_country': 'Germany', 'player_rating': 7.1}, {'player_name': 'Thomas Müller', 'player_country': 'Germany', 'player_rating': 7.2}, {'player_name': 'Jamal Musiala', 'player_country': 'Germany', 'player_rating': 6.6}, {'player_name': 'Kai Havertz', 'player_country': 'Germany', 'player_rating': 6.7}, {'player_name': 'Leon Goretzka', 'player_country': 'Germany', 'player_rating': 6.3}, {'player_name': 'Jonas Hofmann', 'player_country': 'Germany', 'player_rating': 6}, {'player_name': 'Mario Götze', 'player_country': 'Germany', 'player_rating': 6.6}, {'player_name': 'Niclas Füllkrug', 'player_country': 'Germany', 'player_rating': 6.8}, {'player_name': 'Youssoufa Moukoko', 'player_country': 'Germany', 'player_rating': 6.5}, {'player_name': 'Kevin Trapp', 'player_country': 'Germany', 'player_rating': None}, {'player_name': 'Marc-André Ter Stegen', 'player_country': 'Germany', 'player_rating': None}, {'player_name': 'Thilo Kehrer', 'player_country': 'Germany', 'player_rating': None}, {'player_name': 'Christian Günter', 'player_country': 'Germany', 'player_rating': None}, {'player_name': 'Armel Bella-Kotchap', 'player_country': 'Germany', 'player_rating': None}, {'player_name': 'Matthias Ginter', 'player_country': 'Germany', 'player_rating': None}, {'player_name': 'Lukas Klostermann', 'player_country': 'Germany', 'player_rating': None}, {'player_name': 'Leroy Sané', 'player_country': 'Germany', 'player_rating': None}, {'player_name': 'Julian Brandt', 'player_country': 'Germany', 'player_rating': None}, {'player_name': 'Karim Adeyemi', 'player_country': 'Germany', 'player_rating': None}]","[{'player_name': 'Shuichi Gonda', 'player_country': 'Japan', 'player_rating': 8.2}, {'player_name': 'Hiroki Sakai', 'player_country': 'Japan', 'player_rating': 6.8}, {'player_name': 'Ko Itakura', 'player_country': 'Japan', 'player_rating': 7.3}, {'player_name': 'Maya Yoshida', 'player_country': 'Japan', 'player_rating': 6.9}, {'player_name': 'Yuto Nagatomo', 'player_country': 'Japan', 'player_rating': 6.5}, {'player_name': 'Wataru Endo', 'player_country': 'Japan', 'player_rating': 7.3}, {'player_name': 'Ao Tanaka', 'player_country': 'Japan', 'player_rating': 6.8}, {'player_name': 'Junya Ito', 'player_country': 'Japan', 'player_rating': 6.8}, {'player_name': 'Daichi Kamada', 'player_country': 'Japan', 'player_rating': 6.8}, {'player_name': 'Takefusa Kubo', 'player_country': 'Japan', 'player_rating': 6.5}, {'player_name': 'Daizen Maeda', 'player_country': 'Japan', 'player_rating': 6.6}, {'player_name': 'Takehiro Tomiyasu', 'player_country': 'Japan', 'player_rating': 6.7}, {'player_name': 'Kaoru Mitoma', 'player_country': 'Japan', 'player_rating': 7.1}, {'player_name': 'Takuma Asano', 'player_country': 'Japan', 'player_rating': 7.4}, {'player_name': 'Ritsu Doan', 'player_country': 'Japan', 'player_rating': 7.7}, {'player_name': 'Takumi Minamino', 'player_country': 'Japan', 'player_rating': 6.8}, {'player_name': 'Eiji Kawashima', 'player_country': 'Japan', 'player_rating': None}, {'player_name': 'Daniel Schmidt', 'player_country': 'Japan', 'player_rating': None}, {'player_name': 'Shogo Taniguchi', 'player_country': 'Japan', 'player_rating': None}, {'player_name': 'Miki Yamane', 'player_country': 'Japan', 'player_rating': None}, {'player_name': 'Hiroki Itō', 'player_country': 'Japan', 'player_rating': None}, {'player_name': 'Gaku Shibasaki', 'player_country': 'Japan', 'player_rating': None}, {'player_name': 'Hidemasa Morita', 'player_country': 'Japan', 'player_rating': None}, {'player_name': 'Shuto Machino', 'player_country': 'Japan', 'player_rating': None}, {'player_name': 'Yuki Soma', 'player_country': 'Japan', 'player_rating': None}, {'player_name': 'Ayase Ueda', 'player_country': 'Japan', 'player_rating': None}]"
11,1,Spain,Costa Rica,"[{'player_name': 'Unai Simón', 'player_country': 'Spain', 'player_rating': 6.9}, {'player_name': 'César Azpilicueta', 'player_country': 'Spain', 'player_rating': 7.6}, {'player_name': 'Rodri', 'player_country': 'Spain', 'player_rating': 7.3}, {'player_name': 'Aymeric Laporte', 'player_country': 'Spain', 'player_rating': 7.3}, {'player_name': 'Jordi Alba', 'player_country': 'Spain', 'player_rating': 8.4}, {'player_name': 'Gavi', 'player_country': 'Spain', 'player_rating': 7.8}, {'player_name': 'Sergio Busquets', 'player_country': 'Spain', 'player_rating': 7.5}, {'player_name': 'Pedri', 'player_country': 'Spain', 'player_rating': 7.9}, {'player_name': 'Ferran Torres', 'player_country': 'Spain', 'player_rating': 7.7}, {'player_name': 'Marco Asensio', 'player_country': 'Spain', 'player_rating': 7.7}, {'player_name': 'Dani Olmo', 'player_country': 'Spain', 'player_rating': 8.1}, {'player_name': 'Carlos Soler', 'player_country': 'Spain', 'player_rating': 7.4}, {'player_name': 'Álvaro Morata', 'player_country': 'Spain', 'player_rating': 8.1}, {'player_name': 'Alejandro Balde', 'player_country': 'Spain', 'player_rating': 7}, {'player_name': 'Koke', 'player_country': 'Spain', 'player_rating': 6.8}, {'player_name': 'Nico Williams', 'player_country': 'Spain', 'player_rating': 7}, {'player_name': 'David Raya', 'player_country': 'Spain', 'player_rating': None}, {'player_name': 'Robert Sánchez', 'player_country': 'Spain', 'player_rating': None}, {'player_name': 'Dani Carvajal', 'player_country': 'Spain', 'player_rating': None}, {'player_name': 'Eric García', 'player_country': 'Spain', 'player_rating': None}, {'player_name': 'Pau Torres', 'player_country': 'Spain', 'player_rating': None}, {'player_name': 'Marcos Llorente', 'player_country': 'Spain', 'player_rating': None}, {'player_name': 'Hugo Guillamón', 'player_country': 'Spain', 'player_rating': None}, {'player_name': 'Pablo Sarabia', 'player_country': 'Spain', 'player_rating': None}, {'player_name': 'Yéremy Pino', 'player_country': 'Spain', 'player_rating': None}, {'player_name': 'Ansu Fati', 'player_country': 'Spain', 'player_rating': None}]","[{'player_name': 'Keylor Navas', 'player_country': 'Costa Rica', 'player_rating': 4.9}, {'player_name': 'Carlos Martínez', 'player_country': 'Costa Rica', 'player_rating': 6.1}, {'player_name': 'Óscar Duarte', 'player_country': 'Costa Rica', 'player_rating': 5.3}, {'player_name': 'Francisco Calvo', 'player_country': 'Costa Rica', 'player_rating': 5.4}, {'player_name': 'Bryan Oviedo', 'player_country': 'Costa Rica', 'player_rating': 6.1}, {'player_name': 'Keysher Fuller', 'player_country': 'Costa Rica', 'player_rating': 6.3}, {'player_name': 'Celso Borges', 'player_country': 'Costa Rica', 'player_rating': 6.7}, {'player_name': 'Yeltsin Tejeda', 'player_country': 'Costa Rica', 'player_rating': 5.9}, {'player_name': 'Jewison Bennette', 'player_country': 'Costa Rica', 'player_rating': 6.2}, {'player_name': 'Joel Campbell', 'player_country': 'Costa Rica', 'player_rating': 6.6}, {'player_name': 'Anthony Contreras', 'player_country': 'Costa Rica', 'player_rating': 6.5}, {'player_name': 'Kendall Waston', 'player_country': 'Costa Rica', 'player_rating': 6.1}, {'player_name': 'Bryan Ruiz', 'player_country': 'Costa Rica', 'player_rating': 6.8}, {'player_name': 'Álvaro Zamora', 'player_country': 'Costa Rica', 'player_rating': 6.3}, {'player_name': 'Brandon Aguilera', 'player_country': 'Costa Rica', 'player_rating': 5.9}, {'player_name': 'Ronald Matarrita', 'player_country': 'Costa Rica', 'player_rating': 6}, {'player_name': 'Patrick Sequeira', 'player_country': 'Costa Rica', 'player_rating': None}, {'player_name': 'Esteban Alvarado', 'player_country': 'Costa Rica', 'player_rating': None}, {'player_name': 'Juan Pablo Vargas', 'player_country': 'Costa Rica', 'player_rating': None}, {'player_name': 'Youstin Salas', 'player_country': 'Costa Rica', 'player_rating': None}, {'player_name': 'Daniel Chacón', 'player_country': 'Costa Rica', 'player_rating': None}, {'player_name': 'Douglas López', 'player_country': 'Costa Rica', 'player_rating': None}, {'player_name': 'Anthony Hernández', 'player_country': 'Costa Rica', 'player_rating': None}, {'player_name': 'Gerson Torres', 'player_country': 'Costa Rica', 'player_rating': None}, {'player_name': 'Roan Wilson', 'player_country': 'Costa Rica', 'player_rating': None}, {'player_name': 'Johan Venegas', 'player_country': 'Costa Rica', 'player_rating': None}]"
25,2,Japan,Costa Rica,"[{'player_name': 'Shuichi Gonda', 'player_country': 'Japan', 'player_rating': 5.8}, {'player_name': 'Miki Yamane', 'player_country': 'Japan', 'player_rating': 6.9}, {'player_name': 'Ko Itakura', 'player_country': 'Japan', 'player_rating': 6.8}, {'player_name': 'Maya Yoshida', 'player_country': 'Japan', 'player_rating': 7}, {'player_name': 'Yuto Nagatomo', 'player_country': 'Japan', 'player_rating': 6.7}, {'player_name': 'Wataru Endo', 'player_country': 'Japan', 'player_rating': 6.2}, {'player_name': 'Hidemasa Morita', 'player_country': 'Japan', 'player_rating': 6.9}, {'player_name': 'Ritsu Doan', 'player_country': 'Japan', 'player_rating': 6.9}, {'player_name': 'Daichi Kamada', 'player_country': 'Japan', 'player_rating': 6.6}, {'player_name': 'Yuki Soma', 'player_country': 'Japan', 'player_rating': 6.8}, {'player_name': 'Ayase Ueda', 'player_country': 'Japan', 'player_rating': 6.7}, {'player_name': 'Hiroki Itō', 'player_country': 'Japan', 'player_rating': 6.7}, {'player_name': 'Takuma Asano', 'player_country': 'Japan', 'player_rating': 6.8}, {'player_name': 'Kaoru Mitoma', 'player_country': 'Japan', 'player_rating': 6.4}, {'player_name': 'Junya Ito', 'player_country': 'Japan', 'player_rating': 6.7}, {'player_name': 'Takumi Minamino', 'player_country': 'Japan', 'player_rating': 6.6}, {'player_name': 'Eiji Kawashima', 'player_country': 'Japan', 'player_rating': None}, {'player_name': 'Daniel Schmidt', 'player_country': 'Japan', 'player_rating': None}, {'player_name': 'Takehiro Tomiyasu', 'player_country': 'Japan', 'player_rating': None}, {'player_name': 'Hiroki Sakai', 'player_country': 'Japan', 'player_rating': None}, {'player_name': 'Shogo Taniguchi', 'player_country': 'Japan', 'player_rating': None}, {'player_name': 'Ao Tanaka', 'player_country': 'Japan', 'player_rating': None}, {'player_name': 'Gaku Shibasaki', 'player_country': 'Japan', 'player_rating': None}, {'player_name': 'Takefusa Kubo', 'player_country': 'Japan', 'player_rating': None}, {'player_name': 'Shuto Machino', 'player_country': 'Japan', 'player_rating': None}, {'player_name': 'Daizen Maeda', 'player_country': 'Japan', 'player_rating': None}]","[{'player_name': 'Keylor Navas', 'player_country': 'Costa Rica', 'player_rating': 7.1}, {'player_name': 'Keysher Fuller', 'player_country': 'Costa Rica', 'player_rating': 7.5}, {'player_name': 'Óscar Duarte', 'player_country': 'Costa Rica', 'player_rating': 7.1}, {'player_name': 'Kendall Waston', 'player_country': 'Costa Rica', 'player_rating': 7.1}, {'player_name': 'Francisco Calvo', 'player_country': 'Costa Rica', 'player_rating': 7.1}, {'player_name': 'Bryan Oviedo', 'player_country': 'Costa Rica', 'player_rating': 6.9}, {'player_name': 'Celso Borges', 'player_country': 'Costa Rica', 'player_rating': 7.1}, {'player_name': 'Yeltsin Tejeda', 'player_country': 'Costa Rica', 'player_rating': 7.4}, {'player_name': 'Gerson Torres', 'player_country': 'Costa Rica', 'player_rating': 6.5}, {'player_name': 'Joel Campbell', 'player_country': 'Costa Rica', 'player_rating': 7.1}, {'player_name': 'Anthony Contreras', 'player_country': 'Costa Rica', 'player_rating': 6.5}, {'player_name': 'Brandon Aguilera', 'player_country': 'Costa Rica', 'player_rating': 6.7}, {'player_name': 'Jewison Bennette', 'player_country': 'Costa Rica', 'player_rating': 6.4}, {'player_name': 'Youstin Salas', 'player_country': 'Costa Rica', 'player_rating': 6.5}, {'player_name': 'Daniel Chacón', 'player_country': 'Costa Rica', 'player_rating': None}, {'player_name': 'Patrick Sequeira', 'player_country': 'Costa Rica', 'player_rating': None}, {'player_name': 'Esteban Alvarado', 'player_country': 'Costa Rica', 'player_rating': None}, {'player_name': 'Ronald Matarrita', 'player_country': 'Costa Rica', 'player_rating': None}, {'player_name': 'Juan Pablo Vargas', 'player_country': 'Costa Rica', 'player_rating': None}, {'player_name': 'Carlos Martínez', 'player_country': 'Costa Rica', 'player_rating': None}, {'player_name': 'Anthony Hernández', 'player_country': 'Costa Rica', 'player_rating': None}, {'player_name': 'Roan Wilson', 'player_country': 'Costa Rica', 'player_rating': None}, {'player_name': 'Álvaro Zamora', 'player_country': 'Costa Rica', 'player_rating': None}, {'player_name': 'Bryan Ruiz', 'player_country': 'Costa Rica', 'player_rating': None}, {'player_name': 'Douglas López', 'player_country': 'Costa Rica', 'player_rating': None}, {'player_name': 'Johan Venegas', 'player_country': 'Costa Rica', 'player_rating': None}]"
28,2,Spain,Germany,"[{'player_name': 'Unai Simón', 'player_country': 'Spain', 'player_rating': 6.9}, {'player_name': 'Dani Carvajal', 'player_country': 'Spain', 'player_rating': 6.6}, {'player_name': 'Rodri', 'player_country': 'Spain', 'player_rating': 7.5}, {'player_name': 'Aymeric Laporte', 'player_country': 'Spain', 'player_rating': 6.9}, {'player_name': 'Jordi Alba', 'player_country': 'Spain', 'player_rating': 7.5}, {'player_name': 'Gavi', 'player_country': 'Spain', 'player_rating': 6.8}, {'player_name': 'Sergio Busquets', 'player_country': 'Spain', 'player_rating': 6.8}, {'player_name': 'Pedri', 'player_country': 'Spain', 'player_rating': 7}, {'player_name': 'Ferran Torres', 'player_country': 'Spain', 'player_rating': 6.3}, {'player_name': 'Marco Asensio', 'player_country': 'Spain', 'player_rating': 6.6}, {'player_name': 'Dani Olmo', 'player_country': 'Spain', 'player_rating': 7.2}, {'player_name': 'Álvaro Morata', 'player_country': 'Spain', 'player_rating': 6.9}, {'player_name': 'Koke', 'player_country': 'Spain', 'player_rating': 6.5}, {'player_name': 'Nico Williams', 'player_country': 'Spain', 'player_rating': 6.6}, {'player_name': 'Alejandro Balde', 'player_country': 'Spain', 'player_rating': 6.4}, {'player_name': 'Robert Sánchez', 'player_country': 'Spain', 'player_rating': None}, {'player_name': 'David Raya', 'player_country': 'Spain', 'player_rating': None}, {'player_name': 'César Azpilicueta', 'player_country': 'Spain', 'player_rating': None}, {'player_name': 'Pau Torres', 'player_country': 'Spain', 'player_rating': None}, {'player_name': 'Marcos Llorente', 'player_country': 'Spain', 'player_rating': None}, {'player_name': 'Eric García', 'player_country': 'Spain', 'player_rating': None}, {'player_name': 'Pablo Sarabia', 'player_country': 'Spain', 'player_rating': None}, {'player_name': 'Hugo Guillamón', 'player_country': 'Spain', 'player_rating': None}, {'player_name': 'Carlos Soler', 'player_country': 'Spain', 'player_rating': None}, {'player_name': 'Yéremy Pino', 'player_country': 'Spain', 'player_rating': None}, {'player_name': 'Ansu Fati', 'player_country': 'Spain', 'player_rating': None}]","[{'player_name': 'Manuel Neuer', 'player_country': 'Germany', 'player_rating': 6.5}, {'player_name': 'Thilo Kehrer', 'player_country': 'Germany', 'player_rating': 6.9}, {'player_name': 'Niklas Süle', 'player_country': 'Germany', 'player_rating': 7.3}, {'player_name': 'Antonio Rüdiger', 'player_country': 'Germany', 'player_rating': 6.8}, {'player_name': 'David Raum', 'player_country': 'Germany', 'player_rating': 7.2}, {'player_name': 'Joshua Kimmich', 'player_country': 'Germany', 'player_rating': 6.9}, {'player_name': 'Leon Goretzka', 'player_country': 'Germany', 'player_rating': 6.9}, {'player_name': 'Serge Gnabry', 'player_country': 'Germany', 'player_rating': 6.7}, {'player_name': 'İlkay Gündoğan', 'player_country': 'Germany', 'player_rating': 7}, {'player_name': 'Jamal Musiala', 'player_country': 'Germany', 'player_rating': 7.1}, {'player_name': 'Thomas Müller', 'player_country': 'Germany', 'player_rating': 6.3}, {'player_name': 'Lukas Klostermann', 'player_country': 'Germany', 'player_rating': 6.6}, {'player_name': 'Leroy Sané', 'player_country': 'Germany', 'player_rating': 7.1}, {'player_name': 'Niclas Füllkrug', 'player_country': 'Germany', 'player_rating': 7.8}, {'player_name': 'Jonas Hofmann', 'player_country': 'Germany', 'player_rating': 6.5}, {'player_name': 'Nico Schlotterbeck', 'player_country': 'Germany', 'player_rating': 6.9}, {'player_name': 'Kevin Trapp', 'player_country': 'Germany', 'player_rating': None}, {'player_name': 'Marc-André Ter Stegen', 'player_country': 'Germany', 'player_rating': None}, {'player_name': 'Matthias Ginter', 'player_country': 'Germany', 'player_rating': None}, {'player_name': 'Armel Bella-Kotchap', 'player_country': 'Germany', 'player_rating': None}, {'player_name': 'Christian Günter', 'player_country': 'Germany', 'player_rating': None}, {'player_name': 'Mario Götze', 'player_country': 'Germany', 'player_rating': None}, {'player_name': 'Kai Havertz', 'player_country': 'Germany', 'player_rating': None}, {'player_name': 'Karim Adeyemi', 'player_country': 'Germany', 'player_rating': None}, {'player_name': 'Youssoufa Moukoko', 'player_country': 'Germany', 'player_rating': None}, {'player_name': 'Julian Brandt', 'player_country': 'Germany', 'player_rating': None}]"
43,3,Japan,Spain,"[{'player_name': 'Shuichi Gonda', 'player_country': 'Japan', 'player_rating': 6.9}, {'player_name': 'Ko Itakura', 'player_country': 'Japan', 'player_rating': 6.9}, {'player_name': 'Maya Yoshida', 'player_country': 'Japan', 'player_rating': 7}, {'player_name': 'Shogo Taniguchi', 'player_country': 'Japan', 'player_rating': 6.8}, {'player_name': 'Junya Ito', 'player_country': 'Japan', 'player_rating': 6.8}, {'player_name': 'Ao Tanaka', 'player_country': 'Japan', 'player_rating': 7.6}, {'player_name': 'Hidemasa Morita', 'player_country': 'Japan', 'player_rating': 6.7}, {'player_name': 'Yuto Nagatomo', 'player_country': 'Japan', 'player_rating': 6.4}, {'player_name': 'Takefusa Kubo', 'player_country': 'Japan', 'player_rating': 6.6}, {'player_name': 'Daizen Maeda', 'player_country': 'Japan', 'player_rating': 6.7}, {'player_name': 'Daichi Kamada', 'player_country': 'Japan', 'player_rating': 6.3}, {'player_name': 'Kaoru Mitoma', 'player_country': 'Japan', 'player_rating': 7.4}, {'player_name': 'Ritsu Doan', 'player_country': 'Japan', 'player_rating': 7.5}, {'player_name': 'Takuma Asano', 'player_country': 'Japan', 'player_rating': 6.6}, {'player_name': 'Takehiro Tomiyasu', 'player_country': 'Japan', 'player_rating': 6.6}, {'player_name': 'Wataru Endo', 'player_country': 'Japan', 'player_rating': 6.4}, {'player_name': 'Daniel Schmidt', 'player_country': 'Japan', 'player_rating': None}, {'player_name': 'Eiji Kawashima', 'player_country': 'Japan', 'player_rating': None}, {'player_name': 'Miki Yamane', 'player_country': 'Japan', 'player_rating': None}, {'player_name': 'Hiroki Sakai', 'player_country': 'Japan', 'player_rating': None}, {'player_name': 'Hiroki Itō', 'player_country': 'Japan', 'player_rating': None}, {'player_name': 'Gaku Shibasaki', 'player_country': 'Japan', 'player_rating': None}, {'player_name': 'Takumi Minamino', 'player_country': 'Japan', 'player_rating': None}, {'player_name': 'Yuki Soma', 'player_country': 'Japan', 'player_rating': None}, {'player_name': 'Ayase Ueda', 'player_country': 'Japan', 'player_rating': None}, {'player_name': 'Shuto Machino', 'player_country': 'Japan', 'player_rating': None}]","[{'player_name': 'Unai Simón', 'player_country': 'Spain', 'player_rating': 5.7}, {'player_name': 'César Azpilicueta', 'player_country': 'Spain', 'player_rating': 7.3}, {'player_name': 'Rodri', 'player_country': 'Spain', 'player_rating': 7.5}, {'player_name': 'Pau Torres', 'player_country': 'Spain', 'player_rating': 7}, {'player_name': 'Alejandro Balde', 'player_country': 'Spain', 'player_rating': 6.8}, {'player_name': 'Gavi', 'player_country': 'Spain', 'player_rating': 7.1}, {'player_name': 'Sergio Busquets', 'player_country': 'Spain', 'player_rating': 7}, {'player_name': 'Pedri', 'player_country': 'Spain', 'player_rating': 7.5}, {'player_name': 'Nico Williams', 'player_country': 'Spain', 'player_rating': 6.7}, {'player_name': 'Álvaro Morata', 'player_country': 'Spain', 'player_rating': 7.6}, {'player_name': 'Dani Olmo', 'player_country': 'Spain', 'player_rating': 6.6}, {'player_name': 'Dani Carvajal', 'player_country': 'Spain', 'player_rating': 6.8}, {'player_name': 'Marco Asensio', 'player_country': 'Spain', 'player_rating': 6.9}, {'player_name': 'Ferran Torres', 'player_country': 'Spain', 'player_rating': 6.9}, {'player_name': 'Jordi Alba', 'player_country': 'Spain', 'player_rating': 6.9}, {'player_name': 'Ansu Fati', 'player_country': 'Spain', 'player_rating': 6.7}, {'player_name': 'Robert Sánchez', 'player_country': 'Spain', 'player_rating': None}, {'player_name': 'David Raya', 'player_country': 'Spain', 'player_rating': None}, {'player_name': 'Aymeric Laporte', 'player_country': 'Spain', 'player_rating': None}, {'player_name': 'Marcos Llorente', 'player_country': 'Spain', 'player_rating': None}, {'player_name': 'Eric García', 'player_country': 'Spain', 'player_rating': None}, {'player_name': 'Pablo Sarabia', 'player_country': 'Spain', 'player_rating': None}, {'player_name': 'Carlos Soler', 'player_country': 'Spain', 'player_rating': None}, {'player_name': 'Koke', 'player_country': 'Spain', 'player_rating': None}, {'player_name': 'Hugo Guillamón', 'player_country': 'Spain', 'player_rating': None}, {'player_name': 'Yéremy Pino', 'player_country': 'Spain', 'player_rating': None}]"
44,3,Costa Rica,Germany,"[{'player_name': 'Keylor Navas', 'player_country': 'Costa Rica', 'player_rating': 7.8}, {'player_name': 'Keysher Fuller', 'player_country': 'Costa Rica', 'player_rating': 6.6}, {'player_name': 'Kendall Waston', 'player_country': 'Costa Rica', 'player_rating': 6.6}, {'player_name': 'Óscar Duarte', 'player_country': 'Costa Rica', 'player_rating': 6.4}, {'player_name': 'Juan Pablo Vargas', 'player_country': 'Costa Rica', 'player_rating': 7.5}, {'player_name': 'Bryan Oviedo', 'player_country': 'Costa Rica', 'player_rating': 6.3}, {'player_name': 'Joel Campbell', 'player_country': 'Costa Rica', 'player_rating': 7}, {'player_name': 'Celso Borges', 'player_country': 'Costa Rica', 'player_rating': 6.7}, {'player_name': 'Yeltsin Tejeda', 'player_country': 'Costa Rica', 'player_rating': 7.3}, {'player_name': 'Brandon Aguilera', 'player_country': 'Costa Rica', 'player_rating': 6.5}, {'player_name': 'Johan Venegas', 'player_country': 'Costa Rica', 'player_rating': 6.4}, {'player_name': 'Youstin Salas', 'player_country': 'Costa Rica', 'player_rating': 6.5}, {'player_name': 'Ronald Matarrita', 'player_country': 'Costa Rica', 'player_rating': 6.2}, {'player_name': 'Jewison Bennette', 'player_country': 'Costa Rica', 'player_rating': 5.8}, {'player_name': 'Roan Wilson', 'player_country': 'Costa Rica', 'player_rating': 6.6}, {'player_name': 'Anthony Contreras', 'player_country': 'Costa Rica', 'player_rating': 6.5}, {'player_name': 'Esteban Alvarado', 'player_country': 'Costa Rica', 'player_rating': None}, {'player_name': 'Patrick Sequeira', 'player_country': 'Costa Rica', 'player_rating': None}, {'player_name': 'Carlos Martínez', 'player_country': 'Costa Rica', 'player_rating': None}, {'player_name': 'Daniel Chacón', 'player_country': 'Costa Rica', 'player_rating': None}, {'player_name': 'Douglas López', 'player_country': 'Costa Rica', 'player_rating': None}, {'player_name': 'Bryan Ruiz', 'player_country': 'Costa Rica', 'player_rating': None}, {'player_name': 'Anthony Hernández', 'player_country': 'Costa Rica', 'player_rating': None}, {'player_name': 'Álvaro Zamora', 'player_country': 'Costa Rica', 'player_rating': None}, {'player_name': 'Gerson Torres', 'player_country': 'Costa Rica', 'player_rating': None}]","[{'player_name': 'Manuel Neuer', 'player_country': 'Germany', 'player_rating': 6.5}, {'player_name': 'Joshua Kimmich', 'player_country': 'Germany', 'player_rating': 8.5}, {'player_name': 'Niklas Süle', 'player_country': 'Germany', 'player_rating': 7}, {'player_name': 'Antonio Rüdiger', 'player_country': 'Germany', 'player_rating': 6.5}, {'player_name': 'David Raum', 'player_country': 'Germany', 'player_rating': 7.3}, {'player_name': 'Leon Goretzka', 'player_country': 'Germany', 'player_rating': 6.7}, {'player_name': 'İlkay Gündoğan', 'player_country': 'Germany', 'player_rating': 7.1}, {'player_name': 'Leroy Sané', 'player_country': 'Germany', 'player_rating': 7.4}, {'player_name': 'Jamal Musiala', 'player_country': 'Germany', 'player_rating': 8.4}, {'player_name': 'Serge Gnabry', 'player_country': 'Germany', 'player_rating': 8.8}, {'player_name': 'Thomas Müller', 'player_country': 'Germany', 'player_rating': 7.2}, {'player_name': 'Lukas Klostermann', 'player_country': 'Germany', 'player_rating': 6.5}, {'player_name': 'Niclas Füllkrug', 'player_country': 'Germany', 'player_rating': 7.3}, {'player_name': 'Kai Havertz', 'player_country': 'Germany', 'player_rating': 9.2}, {'player_name': 'Mario Götze', 'player_country': 'Germany', 'player_rating': 6.8}, {'player_name': 'Matthias Ginter', 'player_country': 'Germany', 'player_rating': 6.4}, {'player_name': 'Kevin Trapp', 'player_country': 'Germany', 'player_rating': None}, {'player_name': 'Marc-André Ter Stegen', 'player_country': 'Germany', 'player_rating': None}, {'player_name': 'Christian Günter', 'player_country': 'Germany', 'player_rating': None}, {'player_name': 'Nico Schlotterbeck', 'player_country': 'Germany', 'player_rating': None}, {'player_name': 'Armel Bella-Kotchap', 'player_country': 'Germany', 'player_rating': None}, {'player_name': 'Thilo Kehrer', 'player_country': 'Germany', 'player_rating': None}, {'player_name': 'Karim Adeyemi', 'player_country': 'Germany', 'player_rating': None}, {'player_name': 'Youssoufa Moukoko', 'player_country': 'Germany', 'player_rating': None}, {'player_name': 'Jonas Hofmann', 'player_country': 'Germany', 'player_rating': None}, {'player_name': 'Julian Brandt', 'player_country': 'Germany', 'player_rating': None}]"
9,1,Morocco,Croatia,"[{'player_name': 'Yassine Bounou', 'player_country': 'Morocco', 'player_rating': 7.2}, {'player_name': 'Achraf Hakimi', 'player_country': 'Morocco', 'player_rating': 7.9}, {'player_name': 'Nayef Aguerd', 'player_country': 'Morocco', 'player_rating': 7.2}, {'player_name': 'Romain Saïss', 'player_country': 'Morocco', 'player_rating': 7}, {'player_name': 'Noussair Mazraoui', 'player_country': 'Morocco', 'player_rating': 7.1}, {'player_name': 'Azzedine Ounahi', 'player_country': 'Morocco', 'player_rating': 7.1}, {'player_name': 'Sofyan Amrabat', 'player_country': 'Morocco', 'player_rating': 7.2}, {'player_name': 'Selim Amallah', 'player_country': 'Morocco', 'player_rating': 6.9}, {'player_name': 'Hakim Ziyech', 'player_country': 'Morocco', 'player_rating': 6.8}, {'player_name': 'Youssef En-Nesyri', 'player_country': 'Morocco', 'player_rating': 6.9}, {'player_name': 'Sofiane Boufal', 'player_country': 'Morocco', 'player_rating': 6.2}, {'player_name': 'Yahia Attiyat Allah', 'player_country': 'Morocco', 'player_rating': 6.6}, {'player_name': 'Abdessamad Ezzalzouli', 'player_country': 'Morocco', 'player_rating': 6.4}, {'player_name': 'Abderazak Hamdallah', 'player_country': 'Morocco', 'player_rating': 6.4}, {'player_name': 'Abdelhamid Sabiri', 'player_country': 'Morocco', 'player_rating': 6.5}, {'player_name': 'Munir El Kajoui', 'player_country': 'Morocco', 'player_rating': None}, {'player_name': 'Ahmed Reda Tagnaouti', 'player_country': 'Morocco', 'player_rating': None}, {'player_name': 'Jawad El Yamiq', 'player_country': 'Morocco', 'player_rating': None}, {'player_name': 'Badr Benoun', 'player_country': 'Morocco', 'player_rating': None}, {'player_name': 'Achraf Dari', 'player_country': 'Morocco', 'player_rating': None}, {'player_name': 'Ilias Chair', 'player_country': 'Morocco', 'player_rating': None}, {'player_name': 'Bilal El Khannouss', 'player_country': 'Morocco', 'player_rating': None}, {'player_name': 'Yahya Jabrane', 'player_country': 'Morocco', 'player_rating': None}, {'player_name': 'Anass Zaroury', 'player_country': 'Morocco', 'player_rating': None}, {'player_name': 'Zakaria Aboukhlal', 'player_country': 'Morocco', 'player_rating': None}, {'player_name': 'Walid Cheddira', 'player_country': 'Morocco', 'player_rating': None}]","[{'player_name': 'Dominik Livaković', 'player_country': 'Croatia', 'player_rating': 7.3}, {'player_name': 'Josip Juranović', 'player_country': 'Croatia', 'player_rating': 7.2}, {'player_name': 'Dejan Lovren', 'player_country': 'Croatia', 'player_rating': 8.1}, {'player_name': 'Joško Gvardiol', 'player_country': 'Croatia', 'player_rating': 7.5}, {'player_name': 'Borna Sosa', 'player_country': 'Croatia', 'player_rating': 7.4}, {'player_name': 'Luka Modrić', 'player_country': 'Croatia', 'player_rating': 7.1}, {'player_name': 'Marcelo Brozović', 'player_country': 'Croatia', 'player_rating': 7}, {'player_name': 'Mateo Kovačić', 'player_country': 'Croatia', 'player_rating': 6.8}, {'player_name': 'Nikola Vlašić', 'player_country': 'Croatia', 'player_rating': 6.1}, {'player_name': 'Andrej Kramarić', 'player_country': 'Croatia', 'player_rating': 6.4}, {'player_name': 'Ivan Perišić', 'player_country': 'Croatia', 'player_rating': 6.9}, {'player_name': 'Mario Pašalić', 'player_country': 'Croatia', 'player_rating': 6.6}, {'player_name': 'Marko Livaja', 'player_country': 'Croatia', 'player_rating': 6.7}, {'player_name': 'Lovro Majer', 'player_country': 'Croatia', 'player_rating': 6.5}, {'player_name': 'Mislav Oršić', 'player_country': 'Croatia', 'player_rating': None}, {'player_name': 'Ivo Grbić', 'player_country': 'Croatia', 'player_rating': None}, {'player_name': 'Ivica Ivušić', 'player_country': 'Croatia', 'player_rating': None}, {'player_name': 'Josip Šutalo', 'player_country': 'Croatia', 'player_rating': None}, {'player_name': 'Martin Erlić', 'player_country': 'Croatia', 'player_rating': None}, {'player_name': 'Borna Barišić', 'player_country': 'Croatia', 'player_rating': None}, {'player_name': 'Domagoj Vida', 'player_country': 'Croatia', 'player_rating': None}, {'player_name': 'Josip Stanišić', 'player_country': 'Croatia', 'player_rating': None}, {'player_name': 'Luka Sučić', 'player_country': 'Croatia', 'player_rating': None}, {'player_name': 'Kristijan Jakić', 'player_country': 'Croatia', 'player_rating': None}, {'player_name': 'Ante Budimir', 'player_country': 'Croatia', 'player_rating': None}, {'player_name': 'Bruno Petković', 'player_country': 'Croatia', 'player_rating': None}]"
12,1,Belgium,Canada,"[{'player_name': 'Thibaut Courtois', 'player_country': 'Belgium', 'player_rating': 8.1}, {'player_name': 'Leander Dendoncker', 'player_country': 'Belgium', 'player_rating': 7.6}, {'player_name': 'Toby Alderweireld', 'player_country': 'Belgium', 'player_rating': 8}, {'player_name': 'Jan Vertonghen', 'player_country': 'Belgium', 'player_rating': 7}, {'player_name': 'Timothy Castagne', 'player_country': 'Belgium', 'player_rating': 6.6}, {'player_name': 'Youri Tielemans', 'player_country': 'Belgium', 'player_rating': 6.7}, {'player_name': 'Axel Witsel', 'player_country': 'Belgium', 'player_rating': 7.1}, {'player_name': 'Yannick Carrasco', 'player_country': 'Belgium', 'player_rating': 6.4}, {'player_name': 'Kevin De Bruyne', 'player_country': 'Belgium', 'player_rating': 7.6}, {'player_name': 'Eden Hazard', 'player_country': 'Belgium', 'player_rating': 6.9}, {'player_name': 'Michy Batshuayi', 'player_country': 'Belgium', 'player_rating': 7.4}, {'player_name': 'Thomas Meunier', 'player_country': 'Belgium', 'player_rating': 6.7}, {'player_name': 'Amadou Onana', 'player_country': 'Belgium', 'player_rating': 6.7}, {'player_name': 'Leandro Trossard', 'player_country': 'Belgium', 'player_rating': 6.6}, {'player_name': 'Loïs Openda', 'player_country': 'Belgium', 'player_rating': 6.8}, {'player_name': 'Simon Mignolet', 'player_country': 'Belgium', 'player_rating': None}, {'player_name': 'Koen Casteels', 'player_country': 'Belgium', 'player_rating': None}, {'player_name': 'Wout Faes', 'player_country': 'Belgium', 'player_rating': None}, {'player_name': 'Zeno Debast', 'player_country': 'Belgium', 'player_rating': None}, {'player_name': 'Arthur Theate', 'player_country': 'Belgium', 'player_rating': None}, {'player_name': 'Hans Vanaken', 'player_country': 'Belgium', 'player_rating': None}, {'player_name': 'Dries Mertens', 'player_country': 'Belgium', 'player_rating': None}, {'player_name': 'Jérémy Doku', 'player_country': 'Belgium', 'player_rating': None}, {'player_name': 'Thorgan Hazard', 'player_country': 'Belgium', 'player_rating': None}, {'player_name': 'Charles De Ketelaere', 'player_country': 'Belgium', 'player_rating': None}]","[{'player_name': 'Milan Borjan', 'player_country': 'Canada', 'player_rating': 6.8}, {'player_name': 'Alistair Johnston', 'player_country': 'Canada', 'player_rating': 6.8}, {'player_name': 'Steven Vitória', 'player_country': 'Canada', 'player_rating': 6.9}, {'player_name': 'Kamal Miller', 'player_country': 'Canada', 'player_rating': 6.8}, {'player_name': 'Richie Laryea', 'player_country': 'Canada', 'player_rating': 7.3}, {'player_name': 'Atiba Hutchinson', 'player_country': 'Canada', 'player_rating': 6.7}, {'player_name': 'Stephen Eustaquio', 'player_country': 'Canada', 'player_rating': 7.3}, {'player_name': 'Alphonso Davies', 'player_country': 'Canada', 'player_rating': 6.5}, {'player_name': 'Tajon Buchanan', 'player_country': 'Canada', 'player_rating': 6.5}, {'player_name': 'Junior Hoilett', 'player_country': 'Canada', 'player_rating': 6.8}, {'player_name': 'Jonathan David', 'player_country': 'Canada', 'player_rating': 6.4}, {'player_name': 'Ismael Koné', 'player_country': 'Canada', 'player_rating': 6.6}, {'player_name': 'Cyle Larin', 'player_country': 'Canada', 'player_rating': 6.9}, {'player_name': 'Sam Adekugbe', 'player_country': 'Canada', 'player_rating': 6.7}, {'player_name': 'Liam Millar', 'player_country': 'Canada', 'player_rating': 6.5}, {'player_name': 'Jonathan Osorio', 'player_country': 'Canada', 'player_rating': 6.6}, {'player_name': 'James Pantemis', 'player_country': 'Canada', 'player_rating': None}, {'player_name': 'Dayne St. Clair', 'player_country': 'Canada', 'player_rating': None}, {'player_name': 'Derek Cornelius', 'player_country': 'Canada', 'player_rating': None}, {'player_name': 'Joel Waterman', 'player_country': 'Canada', 'player_rating': None}, {'player_name': 'Samuel Piette', 'player_country': 'Canada', 'player_rating': None}, {'player_name': 'Liam Fraser', 'player_country': 'Canada', 'player_rating': None}, {'player_name': 'Mark-Anthony Kaye', 'player_country': 'Canada', 'player_rating': None}, {'player_name': 'David Wotherspoon', 'player_country': 'Canada', 'player_rating': None}, {'player_name': 'Ike Ugbo', 'player_country': 'Canada', 'player_rating': None}, {'player_name': 'Lucas Cavallini', 'player_country': 'Canada', 'player_rating': None}]"
26,2,Belgium,Morocco,"[{'player_name': 'Thibaut Courtois', 'player_country': 'Belgium', 'player_rating': 5.9}, {'player_name': 'Thomas Meunier', 'player_country': 'Belgium', 'player_rating': 6.8}, {'player_name': 'Toby Alderweireld', 'player_country': 'Belgium', 'player_rating': 6.5}, {'player_name': 'Jan Vertonghen', 'player_country': 'Belgium', 'player_rating': 7}, {'player_name': 'Timothy Castagne', 'player_country': 'Belgium', 'player_rating': 6.4}, {'player_name': 'Amadou Onana', 'player_country': 'Belgium', 'player_rating': 6.5}, {'player_name': 'Axel Witsel', 'player_country': 'Belgium', 'player_rating': 6.9}, {'player_name': 'Kevin De Bruyne', 'player_country': 'Belgium', 'player_rating': 6.8}, {'player_name': 'Eden Hazard', 'player_country': 'Belgium', 'player_rating': 6.6}, {'player_name': 'Thorgan Hazard', 'player_country': 'Belgium', 'player_rating': 7.4}, {'player_name': 'Michy Batshuayi', 'player_country': 'Belgium', 'player_rating': 6.1}, {'player_name': 'Youri Tielemans', 'player_country': 'Belgium', 'player_rating': 6.8}, {'player_name': 'Dries Mertens', 'player_country': 'Belgium', 'player_rating': 6.8}, {'player_name': 'Leandro Trossard', 'player_country': 'Belgium', 'player_rating': 6.5}, {'player_name': 'Charles De Ketelaere', 'player_country': 'Belgium', 'player_rating': 6.4}, {'player_name': 'Romelu Lukaku', 'player_country': 'Belgium', 'player_rating': 6.3}, {'player_name': 'Koen Casteels', 'player_country': 'Belgium', 'player_rating': None}, {'player_name': 'Simon Mignolet', 'player_country': 'Belgium', 'player_rating': None}, {'player_name': 'Wout Faes', 'player_country': 'Belgium', 'player_rating': None}, {'player_name': 'Zeno Debast', 'player_country': 'Belgium', 'player_rating': None}, {'player_name': 'Arthur Theate', 'player_country': 'Belgium', 'player_rating': None}, {'player_name': 'Leander Dendoncker', 'player_country': 'Belgium', 'player_rating': None}, {'player_name': 'Yannick Carrasco', 'player_country': 'Belgium', 'player_rating': None}, {'player_name': 'Hans Vanaken', 'player_country': 'Belgium', 'player_rating': None}, {'player_name': 'Jérémy Doku', 'player_country': 'Belgium', 'player_rating': None}, {'player_name': 'Loïs Openda', 'player_country': 'Belgium', 'player_rating': None}]","[{'player_name': 'Munir El Kajoui', 'player_country': 'Morocco', 'player_rating': 7.2}, {'player_name': 'Achraf Hakimi', 'player_country': 'Morocco', 'player_rating': 7.4}, {'player_name': 'Nayef Aguerd', 'player_country': 'Morocco', 'player_rating': 7.3}, {'player_name': 'Romain Saïss', 'player_country': 'Morocco', 'player_rating': 8}, {'player_name': 'Noussair Mazraoui', 'player_country': 'Morocco', 'player_rating': 7.1}, {'player_name': 'Azzedine Ounahi', 'player_country': 'Morocco', 'player_rating': 6.9}, {'player_name': 'Sofyan Amrabat', 'player_country': 'Morocco', 'player_rating': 6.6}, {'player_name': 'Selim Amallah', 'player_country': 'Morocco', 'player_rating': 6.7}, {'player_name': 'Hakim Ziyech', 'player_country': 'Morocco', 'player_rating': 7.7}, {'player_name': 'Youssef En-Nesyri', 'player_country': 'Morocco', 'player_rating': 6.6}, {'player_name': 'Sofiane Boufal', 'player_country': 'Morocco', 'player_rating': 7}, {'player_name': 'Yahia Attiyat Allah', 'player_country': 'Morocco', 'player_rating': 6.9}, {'player_name': 'Abdelhamid Sabiri', 'player_country': 'Morocco', 'player_rating': 7.3}, {'player_name': 'Zakaria Aboukhlal', 'player_country': 'Morocco', 'player_rating': 7.4}, {'player_name': 'Abderazak Hamdallah', 'player_country': 'Morocco', 'player_rating': 6.6}, {'player_name': 'Jawad El Yamiq', 'player_country': 'Morocco', 'player_rating': 6.6}, {'player_name': 'Ahmed Reda Tagnaouti', 'player_country': 'Morocco', 'player_rating': None}, {'player_name': 'Achraf Dari', 'player_country': 'Morocco', 'player_rating': None}, {'player_name': 'Badr Benoun', 'player_country': 'Morocco', 'player_rating': None}, {'player_name': 'Bilal El Khannouss', 'player_country': 'Morocco', 'player_rating': None}, {'player_name': 'Anass Zaroury', 'player_country': 'Morocco', 'player_rating': None}, {'player_name': 'Abdessamad Ezzalzouli', 'player_country': 'Morocco', 'player_rating': None}, {'player_name': 'Ilias Chair', 'player_country': 'Morocco', 'player_rating': None}, {'player_name': 'Yahya Jabrane', 'player_country': 'Morocco', 'player_rating': None}, {'player_name': 'Walid Cheddira', 'player_country': 'Morocco', 'player_rating': None}]"
27,2,Croatia,Canada,"[{'player_name': 'Dominik Livaković', 'player_country': 'Croatia', 'player_rating': 6.8}, {'player_name': 'Josip Juranović', 'player_country': 'Croatia', 'player_rating': 7}, {'player_name': 'Dejan Lovren', 'player_country': 'Croatia', 'player_rating': 6.7}, {'player_name': 'Joško Gvardiol', 'player_country': 'Croatia', 'player_rating': 7.1}, {'player_name': 'Borna Sosa', 'player_country': 'Croatia', 'player_rating': 6.8}, {'player_name': 'Luka Modrić', 'player_country': 'Croatia', 'player_rating': 7.4}, {'player_name': 'Marcelo Brozović', 'player_country': 'Croatia', 'player_rating': 6.7}, {'player_name': 'Mateo Kovačić', 'player_country': 'Croatia', 'player_rating': 8.4}, {'player_name': 'Andrej Kramarić', 'player_country': 'Croatia', 'player_rating': 8.1}, {'player_name': 'Marko Livaja', 'player_country': 'Croatia', 'player_rating': 7}, {'player_name': 'Ivan Perišić', 'player_country': 'Croatia', 'player_rating': 8}, {'player_name': 'Bruno Petković', 'player_country': 'Croatia', 'player_rating': 6.6}, {'player_name': 'Nikola Vlašić', 'player_country': 'Croatia', 'player_rating': 6.4}, {'player_name': 'Mislav Oršić', 'player_country': 'Croatia', 'player_rating': 7.4}, {'player_name': 'Lovro Majer', 'player_country': 'Croatia', 'player_rating': 7.2}, {'player_name': 'Mario Pašalić', 'player_country': 'Croatia', 'player_rating': 6.6}, {'player_name': 'Ivo Grbić', 'player_country': 'Croatia', 'player_rating': None}, {'player_name': 'Ivica Ivušić', 'player_country': 'Croatia', 'player_rating': None}, {'player_name': 'Josip Stanišić', 'player_country': 'Croatia', 'player_rating': None}, {'player_name': 'Martin Erlić', 'player_country': 'Croatia', 'player_rating': None}, {'player_name': 'Borna Barišić', 'player_country': 'Croatia', 'player_rating': None}, {'player_name': 'Josip Šutalo', 'player_country': 'Croatia', 'player_rating': None}, {'player_name': 'Kristijan Jakić', 'player_country': 'Croatia', 'player_rating': None}, {'player_name': 'Luka Sučić', 'player_country': 'Croatia', 'player_rating': None}, {'player_name': 'Ante Budimir', 'player_country': 'Croatia', 'player_rating': None}]","[{'player_name': 'Milan Borjan', 'player_country': 'Canada', 'player_rating': 7.1}, {'player_name': 'Kamal Miller', 'player_country': 'Canada', 'player_rating': 6.5}, {'player_name': 'Steven Vitória', 'player_country': 'Canada', 'player_rating': 6.2}, {'player_name': 'Atiba Hutchinson', 'player_country': 'Canada', 'player_rating': 6.3}, {'player_name': 'Alistair Johnston', 'player_country': 'Canada', 'player_rating': 6.8}, {'player_name': 'Tajon Buchanan', 'player_country': 'Canada', 'player_rating': 6.4}, {'player_name': 'Stephen Eustaquio', 'player_country': 'Canada', 'player_rating': 6.6}, {'player_name': 'Richie Laryea', 'player_country': 'Canada', 'player_rating': 6.6}, {'player_name': 'Jonathan David', 'player_country': 'Canada', 'player_rating': 6.7}, {'player_name': 'Cyle Larin', 'player_country': 'Canada', 'player_rating': 6.3}, {'player_name': 'Alphonso Davies', 'player_country': 'Canada', 'player_rating': 7.2}, {'player_name': 'Ismael Koné', 'player_country': 'Canada', 'player_rating': 6.7}, {'player_name': 'Jonathan Osorio', 'player_country': 'Canada', 'player_rating': 6.7}, {'player_name': 'Junior Hoilett', 'player_country': 'Canada', 'player_rating': 6.8}, {'player_name': 'Lucas Cavallini', 'player_country': 'Canada', 'player_rating': 6.4}, {'player_name': 'Sam Adekugbe', 'player_country': 'Canada', 'player_rating': 6.4}, {'player_name': 'Dayne St. Clair', 'player_country': 'Canada', 'player_rating': None}, {'player_name': 'James Pantemis', 'player_country': 'Canada', 'player_rating': None}, {'player_name': 'Joel Waterman', 'player_country': 'Canada', 'player_rating': None}, {'player_name': 'Derek Cornelius', 'player_country': 'Canada', 'player_rating': None}, {'player_name': 'Liam Fraser', 'player_country': 'Canada', 'player_rating': None}, {'player_name': 'David Wotherspoon', 'player_country': 'Canada', 'player_rating': None}, {'player_name': 'Samuel Piette', 'player_country': 'Canada', 'player_rating': None}, {'player_name': 'Liam Millar', 'player_country': 'Canada', 'player_rating': None}, {'player_name': 'Mark-Anthony Kaye', 'player_country': 'Canada', 'player_rating': None}, {'player_name': 'Ike Ugbo', 'player_country': 'Canada', 'player_rating': None}]"
42,3,Croatia,Belgium,"[{'player_name': 'Dominik Livaković', 'player_country': 'Croatia', 'player_rating': 7.5}, {'player_name': 'Josip Juranović', 'player_country': 'Croatia', 'player_rating': 7.5}, {'player_name': 'Dejan Lovren', 'player_country': 'Croatia', 'player_rating': 6.9}, {'player_name': 'Joško Gvardiol', 'player_country': 'Croatia', 'player_rating': 7.5}, {'player_name': 'Borna Sosa', 'player_country': 'Croatia', 'player_rating': 7.3}, {'player_name': 'Luka Modrić', 'player_country': 'Croatia', 'player_rating': 7.7}, {'player_name': 'Marcelo Brozović', 'player_country': 'Croatia', 'player_rating': 7.3}, {'player_name': 'Mateo Kovačić', 'player_country': 'Croatia', 'player_rating': 7.2}, {'player_name': 'Andrej Kramarić', 'player_country': 'Croatia', 'player_rating': 6.7}, {'player_name': 'Marko Livaja', 'player_country': 'Croatia', 'player_rating': 6.8}, {'player_name': 'Ivan Perišić', 'player_country': 'Croatia', 'player_rating': 6.7}, {'player_name': 'Mario Pašalić', 'player_country': 'Croatia', 'player_rating': 6.6}, {'player_name': 'Bruno Petković', 'player_country': 'Croatia', 'player_rating': 6.8}, {'player_name': 'Lovro Majer', 'player_country': 'Croatia', 'player_rating': None}, {'player_name': 'Ivica Ivušić', 'player_country': 'Croatia', 'player_rating': None}, {'player_name': 'Ivo Grbić', 'player_country': 'Croatia', 'player_rating': None}, {'player_name': 'Josip Šutalo', 'player_country': 'Croatia', 'player_rating': None}, {'player_name': 'Domagoj Vida', 'player_country': 'Croatia', 'player_rating': None}, {'player_name': 'Martin Erlić', 'player_country': 'Croatia', 'player_rating': None}, {'player_name': 'Borna Barišić', 'player_country': 'Croatia', 'player_rating': None}, {'player_name': 'Josip Stanišić', 'player_country': 'Croatia', 'player_rating': None}, {'player_name': 'Nikola Vlašić', 'player_country': 'Croatia', 'player_rating': None}, {'player_name': 'Luka Sučić', 'player_country': 'Croatia', 'player_rating': None}, {'player_name': 'Mislav Oršić', 'player_country': 'Croatia', 'player_rating': None}, {'player_name': 'Kristijan Jakić', 'player_country': 'Croatia', 'player_rating': None}, {'player_name': 'Ante Budimir', 'player_country': 'Croatia', 'player_rating': None}]","[{'player_name': 'Thibaut Courtois', 'player_country': 'Belgium', 'player_rating': 8.2}, {'player_name': 'Thomas Meunier', 'player_country': 'Belgium', 'player_rating': 7.7}, {'player_name': 'Toby Alderweireld', 'player_country': 'Belgium', 'player_rating': 7.2}, {'player_name': 'Jan Vertonghen', 'player_country': 'Belgium', 'player_rating': 7.4}, {'player_name': 'Timothy Castagne', 'player_country': 'Belgium', 'player_rating': 7.5}, {'player_name': 'Leander Dendoncker', 'player_country': 'Belgium', 'player_rating': 7}, {'player_name': 'Axel Witsel', 'player_country': 'Belgium', 'player_rating': 7}, {'player_name': 'Kevin De Bruyne', 'player_country': 'Belgium', 'player_rating': 7.7}, {'player_name': 'Dries Mertens', 'player_country': 'Belgium', 'player_rating': 6.7}, {'player_name': 'Yannick Carrasco', 'player_country': 'Belgium', 'player_rating': 7}, {'player_name': 'Leandro Trossard', 'player_country': 'Belgium', 'player_rating': 6.8}, {'player_name': 'Romelu Lukaku', 'player_country': 'Belgium', 'player_rating': 5.7}, {'player_name': 'Thorgan Hazard', 'player_country': 'Belgium', 'player_rating': 7}, {'player_name': 'Youri Tielemans', 'player_country': 'Belgium', 'player_rating': 6.7}, {'player_name': 'Jérémy Doku', 'player_country': 'Belgium', 'player_rating': 6.8}, {'player_name': 'Eden Hazard', 'player_country': 'Belgium', 'player_rating': 6.6}, {'player_name': 'Simon Mignolet', 'player_country': 'Belgium', 'player_rating': None}, {'player_name': 'Koen Casteels', 'player_country': 'Belgium', 'player_rating': None}, {'player_name': 'Zeno Debast', 'player_country': 'Belgium', 'player_rating': None}, {'player_name': 'Wout Faes', 'player_country': 'Belgium', 'player_rating': None}, {'player_name': 'Arthur Theate', 'player_country': 'Belgium', 'player_rating': None}, {'player_name': 'Hans Vanaken', 'player_country': 'Belgium', 'player_rating': None}, {'player_name': 'Charles De Ketelaere', 'player_country': 'Belgium', 'player_rating': None}, {'player_name': 'Loïs Openda', 'player_country': 'Belgium', 'player_rating': None}, {'player_name': 'Michy Batshuayi', 'player_country': 'Belgium', 'player_rating': None}]"
41,3,Canada,Morocco,"[{'player_name': 'Milan Borjan', 'player_country': 'Canada', 'player_rating': 5.7}, {'player_name': 'Alistair Johnston', 'player_country': 'Canada', 'player_rating': 6.6}, {'player_name': 'Steven Vitória', 'player_country': 'Canada', 'player_rating': 6.4}, {'player_name': 'Kamal Miller', 'player_country': 'Canada', 'player_rating': 6.4}, {'player_name': 'Sam Adekugbe', 'player_country': 'Canada', 'player_rating': 6.7}, {'player_name': 'Alphonso Davies', 'player_country': 'Canada', 'player_rating': 6.9}, {'player_name': 'Jonathan Osorio', 'player_country': 'Canada', 'player_rating': 6.2}, {'player_name': 'Mark-Anthony Kaye', 'player_country': 'Canada', 'player_rating': 6.5}, {'player_name': 'Tajon Buchanan', 'player_country': 'Canada', 'player_rating': 6.1}, {'player_name': 'Junior Hoilett', 'player_country': 'Canada', 'player_rating': 7.2}, {'player_name': 'Cyle Larin', 'player_country': 'Canada', 'player_rating': 6.5}, {'player_name': 'Atiba Hutchinson', 'player_country': 'Canada', 'player_rating': 7.2}, {'player_name': 'Jonathan David', 'player_country': 'Canada', 'player_rating': 6.4}, {'player_name': 'Ismael Koné', 'player_country': 'Canada', 'player_rating': 6.8}, {'player_name': 'Richie Laryea', 'player_country': 'Canada', 'player_rating': 6.4}, {'player_name': 'David Wotherspoon', 'player_country': 'Canada', 'player_rating': 6.8}, {'player_name': 'James Pantemis', 'player_country': 'Canada', 'player_rating': None}, {'player_name': 'Dayne St. Clair', 'player_country': 'Canada', 'player_rating': None}, {'player_name': 'Joel Waterman', 'player_country': 'Canada', 'player_rating': None}, {'player_name': 'Derek Cornelius', 'player_country': 'Canada', 'player_rating': None}, {'player_name': 'Liam Millar', 'player_country': 'Canada', 'player_rating': None}, {'player_name': 'Samuel Piette', 'player_country': 'Canada', 'player_rating': None}, {'player_name': 'Liam Fraser', 'player_country': 'Canada', 'player_rating': None}, {'player_name': 'Lucas Cavallini', 'player_country': 'Canada', 'player_rating': None}, {'player_name': 'Ike Ugbo', 'player_country': 'Canada', 'player_rating': None}]","[{'player_name': 'Yassine Bounou', 'player_country': 'Morocco', 'player_rating': 6.3}, {'player_name': 'Achraf Hakimi', 'player_country': 'Morocco', 'player_rating': 7.7}, {'player_name': 'Nayef Aguerd', 'player_country': 'Morocco', 'player_rating': 6.5}, {'player_name': 'Romain Saïss', 'player_country': 'Morocco', 'player_rating': 6.6}, {'player_name': 'Noussair Mazraoui', 'player_country': 'Morocco', 'player_rating': 6.7}, {'player_name': 'Azzedine Ounahi', 'player_country': 'Morocco', 'player_rating': 6.9}, {'player_name': 'Sofyan Amrabat', 'player_country': 'Morocco', 'player_rating': 6.9}, {'player_name': 'Abdelhamid Sabiri', 'player_country': 'Morocco', 'player_rating': 6.6}, {'player_name': 'Hakim Ziyech', 'player_country': 'Morocco', 'player_rating': 7.5}, {'player_name': 'Youssef En-Nesyri', 'player_country': 'Morocco', 'player_rating': 7.3}, {'player_name': 'Sofiane Boufal', 'player_country': 'Morocco', 'player_rating': 7.3}, {'player_name': 'Selim Amallah', 'player_country': 'Morocco', 'player_rating': 6.4}, {'player_name': 'Zakaria Aboukhlal', 'player_country': 'Morocco', 'player_rating': 6.4}, {'player_name': 'Abderazak Hamdallah', 'player_country': 'Morocco', 'player_rating': 6.4}, {'player_name': 'Jawad El Yamiq', 'player_country': 'Morocco', 'player_rating': 6.7}, {'player_name': 'Yahya Jabrane', 'player_country': 'Morocco', 'player_rating': 6.4}, {'player_name': 'Ahmed Reda Tagnaouti', 'player_country': 'Morocco', 'player_rating': None}, {'player_name': 'Munir El Kajoui', 'player_country': 'Morocco', 'player_rating': None}, {'player_name': 'Badr Benoun', 'player_country': 'Morocco', 'player_rating': None}, {'player_name': 'Achraf Dari', 'player_country': 'Morocco', 'player_rating': None}, {'player_name': 'Yahia Attiyat Allah', 'player_country': 'Morocco', 'player_rating': None}, {'player_name': 'Abdessamad Ezzalzouli', 'player_country': 'Morocco', 'player_rating': None}, {'player_name': 'Anass Zaroury', 'player_country': 'Morocco', 'player_rating': None}, {'player_name': 'Bilal El Khannouss', 'player_country': 'Morocco', 'player_rating': None}, {'player_name': 'Ilias Chair', 'player_country': 'Morocco', 'player_rating': None}, {'player_name': 'Walid Cheddira', 'player_country': 'Morocco', 'player_rating': None}]"
13,1,Switzerland,Cameroon,"[{'player_name': 'Yann Sommer', 'player_country': 'Switzerland', 'player_rating': 8.2}, {'player_name': 'Silvan Widmer', 'player_country': 'Switzerland', 'player_rating': 7.6}, {'player_name': 'Manuel Akanji', 'player_country': 'Switzerland', 'player_rating': 6.9}, {'player_name': 'Nico Elvedi', 'player_country': 'Switzerland', 'player_rating': 7.3}, {'player_name': 'Ricardo Rodríguez', 'player_country': 'Switzerland', 'player_rating': 6.8}, {'player_name': 'Remo Freuler', 'player_country': 'Switzerland', 'player_rating': 6.9}, {'player_name': 'Granit Xhaka', 'player_country': 'Switzerland', 'player_rating': 7.1}, {'player_name': 'Xherdan Shaqiri', 'player_country': 'Switzerland', 'player_rating': 7.3}, {'player_name': 'Djibril Sow', 'player_country': 'Switzerland', 'player_rating': 6.6}, {'player_name': 'Rubén Vargas', 'player_country': 'Switzerland', 'player_rating': 6.8}, {'player_name': 'Breel Embolo', 'player_country': 'Switzerland', 'player_rating': 7.1}, {'player_name': 'Fabian Frei', 'player_country': 'Switzerland', 'player_rating': 6.4}, {'player_name': 'Noah Okafor', 'player_country': 'Switzerland', 'player_rating': 6.6}, {'player_name': 'Haris Seferović', 'player_country': 'Switzerland', 'player_rating': 6.5}, {'player_name': 'Fabian Rieder', 'player_country': 'Switzerland', 'player_rating': 6.8}, {'player_name': 'Eray Cömert', 'player_country': 'Switzerland', 'player_rating': None}, {'player_name': 'Philipp Köhn', 'player_country': 'Switzerland', 'player_rating': None}, {'player_name': 'Jonas Omlin', 'player_country': 'Switzerland', 'player_rating': None}, {'player_name': 'Gregor Kobel', 'player_country': 'Switzerland', 'player_rating': None}, {'player_name': 'Fabian Schär', 'player_country': 'Switzerland', 'player_rating': None}, {'player_name': 'Christian Fassnacht', 'player_country': 'Switzerland', 'player_rating': None}, {'player_name': 'Edimilson Fernandes', 'player_country': 'Switzerland', 'player_rating': None}, {'player_name': 'Denis Zakaria', 'player_country': 'Switzerland', 'player_rating': None}, {'player_name': 'Michel Aebischer', 'player_country': 'Switzerland', 'player_rating': None}, {'player_name': 'Ardon Jashari', 'player_country': 'Switzerland', 'player_rating': None}]","[{'player_name': 'André Onana', 'player_country': 'Cameroon', 'player_rating': 6.7}, {'player_name': 'Collins Fai', 'player_country': 'Cameroon', 'player_rating': 6.5}, {'player_name': 'Jean-Charles Castelletto', 'player_country': 'Cameroon', 'player_rating': 7.4}, {'player_name': ""Nicolas N'Koulou"", 'player_country': 'Cameroon', 'player_rating': 6.9}, {'player_name': 'Nouhou Tolo', 'player_country': 'Cameroon', 'player_rating': 6.9}, {'player_name': 'Frank Anguissa', 'player_country': 'Cameroon', 'player_rating': 7.3}, {'player_name': 'Samuel Oum Gouet', 'player_country': 'Cameroon', 'player_rating': 6.8}, {'player_name': 'Martin Hongla', 'player_country': 'Cameroon', 'player_rating': 7.3}, {'player_name': 'Bryan Mbeumo', 'player_country': 'Cameroon', 'player_rating': 7.3}, {'player_name': 'Eric Maxim Choupo-Moting', 'player_country': 'Cameroon', 'player_rating': 6.9}, {'player_name': 'Karl Toko Ekambi', 'player_country': 'Cameroon', 'player_rating': 6.3}, {'player_name': 'Gaël Ondoua', 'player_country': 'Cameroon', 'player_rating': 6.6}, {'player_name': ""Georges-Kévin N'Koudou"", 'player_country': 'Cameroon', 'player_rating': 6.2}, {'player_name': 'Vincent Aboubakar', 'player_country': 'Cameroon', 'player_rating': 6.7}, {'player_name': 'Nicolas Moumie Ngamaleu', 'player_country': 'Cameroon', 'player_rating': 6.5}, {'player_name': 'Simon Ngapandouetnbu', 'player_country': 'Cameroon', 'player_rating': None}, {'player_name': 'Devis Epassy', 'player_country': 'Cameroon', 'player_rating': None}, {'player_name': 'Christopher Wooh', 'player_country': 'Cameroon', 'player_rating': None}, {'player_name': 'Olivier Mbaizo', 'player_country': 'Cameroon', 'player_rating': None}, {'player_name': 'Enzo Ebosse', 'player_country': 'Cameroon', 'player_rating': None}, {'player_name': 'Pierre Kunde', 'player_country': 'Cameroon', 'player_rating': None}, {'player_name': 'Jerome Mbekeli', 'player_country': 'Cameroon', 'player_rating': None}, {'player_name': 'Christian Bassogog', 'player_country': 'Cameroon', 'player_rating': None}, {'player_name': 'Olivier Ntcham', 'player_country': 'Cameroon', 'player_rating': None}, {'player_name': 'Jean-Pierre Nsame', 'player_country': 'Cameroon', 'player_rating': None}, {'player_name': 'Souaibou Marou', 'player_country': 'Cameroon', 'player_rating': None}]"
16,1,Brazil,Serbia,"[{'player_name': 'Alisson', 'player_country': 'Brazil', 'player_rating': 6.8}, {'player_name': 'Danilo', 'player_country': 'Brazil', 'player_rating': 7.2}, {'player_name': 'Marquinhos', 'player_country': 'Brazil', 'player_rating': 7.1}, {'player_name': 'Thiago Silva', 'player_country': 'Brazil', 'player_rating': 7.2}, {'player_name': 'Alex Sandro', 'player_country': 'Brazil', 'player_rating': 7.3}, {'player_name': 'Lucas Paquetá', 'player_country': 'Brazil', 'player_rating': 7.2}, {'player_name': 'Casemiro', 'player_country': 'Brazil', 'player_rating': 7.8}, {'player_name': 'Raphinha', 'player_country': 'Brazil', 'player_rating': 7}, {'player_name': 'Neymar', 'player_country': 'Brazil', 'player_rating': 7}, {'player_name': 'Vinícius Júnior', 'player_country': 'Brazil', 'player_rating': 7.7}, {'player_name': 'Richarlison', 'player_country': 'Brazil', 'player_rating': 8.5}, {'player_name': 'Fred', 'player_country': 'Brazil', 'player_rating': 6.8}, {'player_name': 'Rodrygo', 'player_country': 'Brazil', 'player_rating': 6.6}, {'player_name': 'Gabriel Jesus', 'player_country': 'Brazil', 'player_rating': 6.7}, {'player_name': 'Antony', 'player_country': 'Brazil', 'player_rating': 6.7}, {'player_name': 'Gabriel Martinelli', 'player_country': 'Brazil', 'player_rating': 6.4}, {'player_name': 'Ederson', 'player_country': 'Brazil', 'player_rating': None}, {'player_name': 'Weverton', 'player_country': 'Brazil', 'player_rating': None}, {'player_name': 'Bremer', 'player_country': 'Brazil', 'player_rating': None}, {'player_name': 'Éder Militão', 'player_country': 'Brazil', 'player_rating': None}, {'player_name': 'Alex Telles', 'player_country': 'Brazil', 'player_rating': None}, {'player_name': 'Fabinho', 'player_country': 'Brazil', 'player_rating': None}, {'player_name': 'Dani Alves', 'player_country': 'Brazil', 'player_rating': None}, {'player_name': 'Bruno Guimarães', 'player_country': 'Brazil', 'player_rating': None}, {'player_name': 'Everton Ribeiro', 'player_country': 'Brazil', 'player_rating': None}, {'player_name': 'Pedro Guilherme', 'player_country': 'Brazil', 'player_rating': None}]","[{'player_name': 'Vanja Milinković-Savić', 'player_country': 'Serbia', 'player_rating': 8}, {'player_name': 'Nikola Milenković', 'player_country': 'Serbia', 'player_rating': 7.4}, {'player_name': 'Miloš Veljković', 'player_country': 'Serbia', 'player_rating': 6.7}, {'player_name': 'Strahinja Pavlović', 'player_country': 'Serbia', 'player_rating': 6.5}, {'player_name': 'Andrija Živković', 'player_country': 'Serbia', 'player_rating': 6.8}, {'player_name': 'Saša Lukić', 'player_country': 'Serbia', 'player_rating': 6.4}, {'player_name': 'Nemanja Gudelj', 'player_country': 'Serbia', 'player_rating': 6.5}, {'player_name': 'Filip Mladenović', 'player_country': 'Serbia', 'player_rating': 6.3}, {'player_name': 'Dušan Tadić', 'player_country': 'Serbia', 'player_rating': 7}, {'player_name': 'Sergej Milinković-Savić', 'player_country': 'Serbia', 'player_rating': 6.7}, {'player_name': 'Aleksandar Mitrović', 'player_country': 'Serbia', 'player_rating': 6.5}, {'player_name': 'Ivan Ilić', 'player_country': 'Serbia', 'player_rating': 6.5}, {'player_name': 'Nemanja Radonjić', 'player_country': 'Serbia', 'player_rating': 6.1}, {'player_name': 'Darko Lazović', 'player_country': 'Serbia', 'player_rating': 6.5}, {'player_name': 'Dušan Vlahović', 'player_country': 'Serbia', 'player_rating': 6.4}, {'player_name': 'Nemanja Maksimović', 'player_country': 'Serbia', 'player_rating': 6.5}, {'player_name': 'Marko Dmitrović', 'player_country': 'Serbia', 'player_rating': None}, {'player_name': 'Predrag Rajković', 'player_country': 'Serbia', 'player_rating': None}, {'player_name': 'Stefan Mitrović', 'player_country': 'Serbia', 'player_rating': None}, {'player_name': 'Strahinja Eraković', 'player_country': 'Serbia', 'player_rating': None}, {'player_name': 'Srđan Babić', 'player_country': 'Serbia', 'player_rating': None}, {'player_name': 'Uroš Račić', 'player_country': 'Serbia', 'player_rating': None}, {'player_name': 'Filip Kostić', 'player_country': 'Serbia', 'player_rating': None}, {'player_name': 'Filip Đuričić', 'player_country': 'Serbia', 'player_rating': None}, {'player_name': 'Marko Grujić', 'player_country': 'Serbia', 'player_rating': None}, {'player_name': 'Luka Jović', 'player_country': 'Serbia', 'player_rating': None}]"
29,2,Cameroon,Serbia,"[{'player_name': 'Devis Epassy', 'player_country': 'Cameroon', 'player_rating': 6.6}, {'player_name': 'Collins Fai', 'player_country': 'Cameroon', 'player_rating': 6.5}, {'player_name': 'Jean-Charles Castelletto', 'player_country': 'Cameroon', 'player_rating': 8.3}, {'player_name': ""Nicolas N'Koulou"", 'player_country': 'Cameroon', 'player_rating': 6.2}, {'player_name': 'Nouhou Tolo', 'player_country': 'Cameroon', 'player_rating': 6.6}, {'player_name': 'Frank Anguissa', 'player_country': 'Cameroon', 'player_rating': 6.4}, {'player_name': 'Martin Hongla', 'player_country': 'Cameroon', 'player_rating': 6.5}, {'player_name': 'Pierre Kunde', 'player_country': 'Cameroon', 'player_rating': 6.8}, {'player_name': 'Bryan Mbeumo', 'player_country': 'Cameroon', 'player_rating': 6.5}, {'player_name': 'Eric Maxim Choupo-Moting', 'player_country': 'Cameroon', 'player_rating': 7.5}, {'player_name': 'Karl Toko Ekambi', 'player_country': 'Cameroon', 'player_rating': 6.6}, {'player_name': 'Vincent Aboubakar', 'player_country': 'Cameroon', 'player_rating': 8.6}, {'player_name': 'Gaël Ondoua', 'player_country': 'Cameroon', 'player_rating': 6.8}, {'player_name': 'Christian Bassogog', 'player_country': 'Cameroon', 'player_rating': 6.7}, {'player_name': ""Georges-Kévin N'Koudou"", 'player_country': 'Cameroon', 'player_rating': 6.8}, {'player_name': 'Samuel Oum Gouet', 'player_country': 'Cameroon', 'player_rating': 6.5}, {'player_name': 'Simon Ngapandouetnbu', 'player_country': 'Cameroon', 'player_rating': None}, {'player_name': 'Enzo Ebosse', 'player_country': 'Cameroon', 'player_rating': None}, {'player_name': 'Olivier Mbaizo', 'player_country': 'Cameroon', 'player_rating': None}, {'player_name': 'Christopher Wooh', 'player_country': 'Cameroon', 'player_rating': None}, {'player_name': 'Jerome Mbekeli', 'player_country': 'Cameroon', 'player_rating': None}, {'player_name': 'Nicolas Moumie Ngamaleu', 'player_country': 'Cameroon', 'player_rating': None}, {'player_name': 'Olivier Ntcham', 'player_country': 'Cameroon', 'player_rating': None}, {'player_name': 'Souaibou Marou', 'player_country': 'Cameroon', 'player_rating': None}, {'player_name': 'Jean-Pierre Nsame', 'player_country': 'Cameroon', 'player_rating': None}]","[{'player_name': 'Vanja Milinković-Savić', 'player_country': 'Serbia', 'player_rating': 6.9}, {'player_name': 'Nikola Milenković', 'player_country': 'Serbia', 'player_rating': 6.3}, {'player_name': 'Miloš Veljković', 'player_country': 'Serbia', 'player_rating': 6.3}, {'player_name': 'Strahinja Pavlović', 'player_country': 'Serbia', 'player_rating': 7.5}, {'player_name': 'Andrija Živković', 'player_country': 'Serbia', 'player_rating': 8.2}, {'player_name': 'Nemanja Maksimović', 'player_country': 'Serbia', 'player_rating': 6.9}, {'player_name': 'Saša Lukić', 'player_country': 'Serbia', 'player_rating': 6.6}, {'player_name': 'Filip Kostić', 'player_country': 'Serbia', 'player_rating': 6.9}, {'player_name': 'Dušan Tadić', 'player_country': 'Serbia', 'player_rating': 7.5}, {'player_name': 'Sergej Milinković-Savić', 'player_country': 'Serbia', 'player_rating': 7.9}, {'player_name': 'Aleksandar Mitrović', 'player_country': 'Serbia', 'player_rating': 7.1}, {'player_name': 'Stefan Mitrović', 'player_country': 'Serbia', 'player_rating': 6}, {'player_name': 'Srđan Babić', 'player_country': 'Serbia', 'player_rating': 6.3}, {'player_name': 'Nemanja Radonjić', 'player_country': 'Serbia', 'player_rating': 6.4}, {'player_name': 'Marko Grujić', 'player_country': 'Serbia', 'player_rating': 6.8}, {'player_name': 'Filip Đuričić', 'player_country': 'Serbia', 'player_rating': None}, {'player_name': 'Predrag Rajković', 'player_country': 'Serbia', 'player_rating': None}, {'player_name': 'Marko Dmitrović', 'player_country': 'Serbia', 'player_rating': None}, {'player_name': 'Strahinja Eraković', 'player_country': 'Serbia', 'player_rating': None}, {'player_name': 'Filip Mladenović', 'player_country': 'Serbia', 'player_rating': None}, {'player_name': 'Nemanja Gudelj', 'player_country': 'Serbia', 'player_rating': None}, {'player_name': 'Darko Lazović', 'player_country': 'Serbia', 'player_rating': None}, {'player_name': 'Uroš Račić', 'player_country': 'Serbia', 'player_rating': None}, {'player_name': 'Ivan Ilić', 'player_country': 'Serbia', 'player_rating': None}, {'player_name': 'Luka Jović', 'player_country': 'Serbia', 'player_rating': None}, {'player_name': 'Dušan Vlahović', 'player_country': 'Serbia', 'player_rating': None}]"
31,2,Brazil,Switzerland,"[{'player_name': 'Alisson', 'player_country': 'Brazil', 'player_rating': 6.8}, {'player_name': 'Éder Militão', 'player_country': 'Brazil', 'player_rating': 7.2}, {'player_name': 'Marquinhos', 'player_country': 'Brazil', 'player_rating': 7.8}, {'player_name': 'Thiago Silva', 'player_country': 'Brazil', 'player_rating': 7.4}, {'player_name': 'Alex Sandro', 'player_country': 'Brazil', 'player_rating': 7.8}, {'player_name': 'Fred', 'player_country': 'Brazil', 'player_rating': 6.8}, {'player_name': 'Casemiro', 'player_country': 'Brazil', 'player_rating': 7.7}, {'player_name': 'Lucas Paquetá', 'player_country': 'Brazil', 'player_rating': 6.6}, {'player_name': 'Raphinha', 'player_country': 'Brazil', 'player_rating': 7.4}, {'player_name': 'Richarlison', 'player_country': 'Brazil', 'player_rating': 6.6}, {'player_name': 'Vinícius Júnior', 'player_country': 'Brazil', 'player_rating': 6.8}, {'player_name': 'Rodrygo', 'player_country': 'Brazil', 'player_rating': 6.8}, {'player_name': 'Bruno Guimarães', 'player_country': 'Brazil', 'player_rating': 6.9}, {'player_name': 'Antony', 'player_country': 'Brazil', 'player_rating': 6.9}, {'player_name': 'Gabriel Jesus', 'player_country': 'Brazil', 'player_rating': 7.1}, {'player_name': 'Alex Telles', 'player_country': 'Brazil', 'player_rating': 6.8}, {'player_name': 'Ederson', 'player_country': 'Brazil', 'player_rating': None}, {'player_name': 'Weverton', 'player_country': 'Brazil', 'player_rating': None}, {'player_name': 'Bremer', 'player_country': 'Brazil', 'player_rating': None}, {'player_name': 'Dani Alves', 'player_country': 'Brazil', 'player_rating': None}, {'player_name': 'Fabinho', 'player_country': 'Brazil', 'player_rating': None}, {'player_name': 'Everton Ribeiro', 'player_country': 'Brazil', 'player_rating': None}, {'player_name': 'Pedro Guilherme', 'player_country': 'Brazil', 'player_rating': None}, {'player_name': 'Gabriel Martinelli', 'player_country': 'Brazil', 'player_rating': None}]","[{'player_name': 'Yann Sommer', 'player_country': 'Switzerland', 'player_rating': 7.4}, {'player_name': 'Silvan Widmer', 'player_country': 'Switzerland', 'player_rating': 6.8}, {'player_name': 'Manuel Akanji', 'player_country': 'Switzerland', 'player_rating': 6.9}, {'player_name': 'Nico Elvedi', 'player_country': 'Switzerland', 'player_rating': 7}, {'player_name': 'Ricardo Rodríguez', 'player_country': 'Switzerland', 'player_rating': 6.6}, {'player_name': 'Remo Freuler', 'player_country': 'Switzerland', 'player_rating': 6.6}, {'player_name': 'Granit Xhaka', 'player_country': 'Switzerland', 'player_rating': 6.8}, {'player_name': 'Fabian Rieder', 'player_country': 'Switzerland', 'player_rating': 6.4}, {'player_name': 'Djibril Sow', 'player_country': 'Switzerland', 'player_rating': 6.8}, {'player_name': 'Rubén Vargas', 'player_country': 'Switzerland', 'player_rating': 6.7}, {'player_name': 'Breel Embolo', 'player_country': 'Switzerland', 'player_rating': 6.4}, {'player_name': 'Edimilson Fernandes', 'player_country': 'Switzerland', 'player_rating': 6.5}, {'player_name': 'Renato Steffen', 'player_country': 'Switzerland', 'player_rating': 6.3}, {'player_name': 'Michel Aebischer', 'player_country': 'Switzerland', 'player_rating': 6.3}, {'player_name': 'Haris Seferović', 'player_country': 'Switzerland', 'player_rating': 6.4}, {'player_name': 'Fabian Frei', 'player_country': 'Switzerland', 'player_rating': 6.4}, {'player_name': 'Jonas Omlin', 'player_country': 'Switzerland', 'player_rating': None}, {'player_name': 'Gregor Kobel', 'player_country': 'Switzerland', 'player_rating': None}, {'player_name': 'Philipp Köhn', 'player_country': 'Switzerland', 'player_rating': None}, {'player_name': 'Eray Cömert', 'player_country': 'Switzerland', 'player_rating': None}, {'player_name': 'Fabian Schär', 'player_country': 'Switzerland', 'player_rating': None}, {'player_name': 'Xherdan Shaqiri', 'player_country': 'Switzerland', 'player_rating': None}, {'player_name': 'Christian Fassnacht', 'player_country': 'Switzerland', 'player_rating': None}, {'player_name': 'Ardon Jashari', 'player_country': 'Switzerland', 'player_rating': None}, {'player_name': 'Denis Zakaria', 'player_country': 'Switzerland', 'player_rating': None}]"
48,3,Cameroon,Brazil,"[{'player_name': 'Devis Epassy', 'player_country': 'Cameroon', 'player_rating': 9.3}, {'player_name': 'Collins Fai', 'player_country': 'Cameroon', 'player_rating': 7}, {'player_name': 'Christopher Wooh', 'player_country': 'Cameroon', 'player_rating': 7}, {'player_name': 'Enzo Ebosse', 'player_country': 'Cameroon', 'player_rating': 7.3}, {'player_name': 'Nouhou Tolo', 'player_country': 'Cameroon', 'player_rating': 7}, {'player_name': 'Pierre Kunde', 'player_country': 'Cameroon', 'player_rating': 6.9}, {'player_name': 'Frank Anguissa', 'player_country': 'Cameroon', 'player_rating': 7}, {'player_name': 'Bryan Mbeumo', 'player_country': 'Cameroon', 'player_rating': 6.5}, {'player_name': 'Eric Maxim Choupo-Moting', 'player_country': 'Cameroon', 'player_rating': 6.6}, {'player_name': 'Nicolas Moumie Ngamaleu', 'player_country': 'Cameroon', 'player_rating': 7.1}, {'player_name': 'Vincent Aboubakar', 'player_country': 'Cameroon', 'player_rating': 7.1}, {'player_name': 'Karl Toko Ekambi', 'player_country': 'Cameroon', 'player_rating': 6.9}, {'player_name': 'Olivier Ntcham', 'player_country': 'Cameroon', 'player_rating': 7.1}, {'player_name': 'Jerome Mbekeli', 'player_country': 'Cameroon', 'player_rating': 7.1}, {'player_name': 'Simon Ngapandouetnbu', 'player_country': 'Cameroon', 'player_rating': None}, {'player_name': 'Olivier Mbaizo', 'player_country': 'Cameroon', 'player_rating': None}, {'player_name': 'Gaël Ondoua', 'player_country': 'Cameroon', 'player_rating': None}, {'player_name': ""Georges-Kévin N'Koudou"", 'player_country': 'Cameroon', 'player_rating': None}, {'player_name': 'Christian Bassogog', 'player_country': 'Cameroon', 'player_rating': None}, {'player_name': 'Samuel Oum Gouet', 'player_country': 'Cameroon', 'player_rating': None}, {'player_name': 'Jean-Pierre Nsame', 'player_country': 'Cameroon', 'player_rating': None}, {'player_name': 'Souaibou Marou', 'player_country': 'Cameroon', 'player_rating': None}]","[{'player_name': 'Ederson', 'player_country': 'Brazil', 'player_rating': 7.1}, {'player_name': 'Dani Alves', 'player_country': 'Brazil', 'player_rating': 7.1}, {'player_name': 'Éder Militão', 'player_country': 'Brazil', 'player_rating': 6.7}, {'player_name': 'Bremer', 'player_country': 'Brazil', 'player_rating': 6.8}, {'player_name': 'Alex Telles', 'player_country': 'Brazil', 'player_rating': 6.7}, {'player_name': 'Fred', 'player_country': 'Brazil', 'player_rating': 7.2}, {'player_name': 'Fabinho', 'player_country': 'Brazil', 'player_rating': 7}, {'player_name': 'Antony', 'player_country': 'Brazil', 'player_rating': 7}, {'player_name': 'Rodrygo', 'player_country': 'Brazil', 'player_rating': 7.2}, {'player_name': 'Gabriel Martinelli', 'player_country': 'Brazil', 'player_rating': 6.8}, {'player_name': 'Gabriel Jesus', 'player_country': 'Brazil', 'player_rating': 7.1}, {'player_name': 'Marquinhos', 'player_country': 'Brazil', 'player_rating': 7.4}, {'player_name': 'Everton Ribeiro', 'player_country': 'Brazil', 'player_rating': 6.6}, {'player_name': 'Bruno Guimarães', 'player_country': 'Brazil', 'player_rating': 6.5}, {'player_name': 'Pedro Guilherme', 'player_country': 'Brazil', 'player_rating': 6.8}, {'player_name': 'Raphinha', 'player_country': 'Brazil', 'player_rating': 6.7}, {'player_name': 'Alisson', 'player_country': 'Brazil', 'player_rating': None}, {'player_name': 'Weverton', 'player_country': 'Brazil', 'player_rating': None}, {'player_name': 'Thiago Silva', 'player_country': 'Brazil', 'player_rating': None}, {'player_name': 'Lucas Paquetá', 'player_country': 'Brazil', 'player_rating': None}, {'player_name': 'Casemiro', 'player_country': 'Brazil', 'player_rating': None}, {'player_name': 'Richarlison', 'player_country': 'Brazil', 'player_rating': None}, {'player_name': 'Vinícius Júnior', 'player_country': 'Brazil', 'player_rating': None}]"
47,3,Serbia,Switzerland,"[{'player_name': 'Vanja Milinković-Savić', 'player_country': 'Serbia', 'player_rating': 6.8}, {'player_name': 'Nikola Milenković', 'player_country': 'Serbia', 'player_rating': 6.9}, {'player_name': 'Miloš Veljković', 'player_country': 'Serbia', 'player_rating': 6.1}, {'player_name': 'Strahinja Pavlović', 'player_country': 'Serbia', 'player_rating': 6.5}, {'player_name': 'Andrija Živković', 'player_country': 'Serbia', 'player_rating': 6.8}, {'player_name': 'Saša Lukić', 'player_country': 'Serbia', 'player_rating': 6.3}, {'player_name': 'Sergej Milinković-Savić', 'player_country': 'Serbia', 'player_rating': 6.4}, {'player_name': 'Filip Kostić', 'player_country': 'Serbia', 'player_rating': 6.8}, {'player_name': 'Dušan Tadić', 'player_country': 'Serbia', 'player_rating': 8}, {'player_name': 'Dušan Vlahović', 'player_country': 'Serbia', 'player_rating': 7}, {'player_name': 'Aleksandar Mitrović', 'player_country': 'Serbia', 'player_rating': 7.5}, {'player_name': 'Nemanja Gudelj', 'player_country': 'Serbia', 'player_rating': 6.5}, {'player_name': 'Luka Jović', 'player_country': 'Serbia', 'player_rating': 6.8}, {'player_name': 'Nemanja Maksimović', 'player_country': 'Serbia', 'player_rating': 6.8}, {'player_name': 'Nemanja Radonjić', 'player_country': 'Serbia', 'player_rating': 6.8}, {'player_name': 'Filip Đuričić', 'player_country': 'Serbia', 'player_rating': 6.7}, {'player_name': 'Predrag Rajković', 'player_country': 'Serbia', 'player_rating': None}, {'player_name': 'Marko Dmitrović', 'player_country': 'Serbia', 'player_rating': None}, {'player_name': 'Filip Mladenović', 'player_country': 'Serbia', 'player_rating': None}, {'player_name': 'Stefan Mitrović', 'player_country': 'Serbia', 'player_rating': None}, {'player_name': 'Srđan Babić', 'player_country': 'Serbia', 'player_rating': None}, {'player_name': 'Strahinja Eraković', 'player_country': 'Serbia', 'player_rating': None}, {'player_name': 'Darko Lazović', 'player_country': 'Serbia', 'player_rating': None}, {'player_name': 'Marko Grujić', 'player_country': 'Serbia', 'player_rating': None}, {'player_name': 'Uroš Račić', 'player_country': 'Serbia', 'player_rating': None}, {'player_name': 'Ivan Ilić', 'player_country': 'Serbia', 'player_rating': None}]","[{'player_name': 'Gregor Kobel', 'player_country': 'Switzerland', 'player_rating': 6.2}, {'player_name': 'Silvan Widmer', 'player_country': 'Switzerland', 'player_rating': 6.8}, {'player_name': 'Fabian Schär', 'player_country': 'Switzerland', 'player_rating': 7}, {'player_name': 'Manuel Akanji', 'player_country': 'Switzerland', 'player_rating': 7}, {'player_name': 'Ricardo Rodríguez', 'player_country': 'Switzerland', 'player_rating': 6.8}, {'player_name': 'Remo Freuler', 'player_country': 'Switzerland', 'player_rating': 6.8}, {'player_name': 'Granit Xhaka', 'player_country': 'Switzerland', 'player_rating': 7.3}, {'player_name': 'Xherdan Shaqiri', 'player_country': 'Switzerland', 'player_rating': 7.1}, {'player_name': 'Djibril Sow', 'player_country': 'Switzerland', 'player_rating': 6.9}, {'player_name': 'Rubén Vargas', 'player_country': 'Switzerland', 'player_rating': 6.8}, {'player_name': 'Breel Embolo', 'player_country': 'Switzerland', 'player_rating': 6.6}, {'player_name': 'Edimilson Fernandes', 'player_country': 'Switzerland', 'player_rating': 6.8}, {'player_name': 'Denis Zakaria', 'player_country': 'Switzerland', 'player_rating': 6.7}, {'player_name': 'Christian Fassnacht', 'player_country': 'Switzerland', 'player_rating': 6.8}, {'player_name': 'Noah Okafor', 'player_country': 'Switzerland', 'player_rating': None}, {'player_name': 'Jonas Omlin', 'player_country': 'Switzerland', 'player_rating': None}, {'player_name': 'Eray Cömert', 'player_country': 'Switzerland', 'player_rating': None}, {'player_name': 'Michel Aebischer', 'player_country': 'Switzerland', 'player_rating': None}, {'player_name': 'Fabian Frei', 'player_country': 'Switzerland', 'player_rating': None}, {'player_name': 'Fabian Rieder', 'player_country': 'Switzerland', 'player_rating': None}, {'player_name': 'Ardon Jashari', 'player_country': 'Switzerland', 'player_rating': None}, {'player_name': 'Renato Steffen', 'player_country': 'Switzerland', 'player_rating': None}, {'player_name': 'Haris Seferović', 'player_country': 'Switzerland', 'player_rating': None}]"
14,1,Uruguay,Korea Republic,"[{'player_name': 'Sergio Rochet', 'player_country': 'Uruguay', 'player_rating': 6.7}, {'player_name': 'Martín Cáceres', 'player_country': 'Uruguay', 'player_rating': 6.8}, {'player_name': 'Diego Godín', 'player_country': 'Uruguay', 'player_rating': 7.7}, {'player_name': 'José María Giménez', 'player_country': 'Uruguay', 'player_rating': 7.6}, {'player_name': 'Mathías Olivera', 'player_country': 'Uruguay', 'player_rating': 7.5}, {'player_name': 'Federico Valverde', 'player_country': 'Uruguay', 'player_rating': 7.7}, {'player_name': 'Rodrigo Bentancur', 'player_country': 'Uruguay', 'player_rating': 7.3}, {'player_name': 'Matías Vecino', 'player_country': 'Uruguay', 'player_rating': 7.2}, {'player_name': 'Facundo Pellistri', 'player_country': 'Uruguay', 'player_rating': 6.6}, {'player_name': 'Luis Suárez', 'player_country': 'Uruguay', 'player_rating': 6.5}, {'player_name': 'Darwin Núñez', 'player_country': 'Uruguay', 'player_rating': 6.5}, {'player_name': 'Edinson Cavani', 'player_country': 'Uruguay', 'player_rating': 6.8}, {'player_name': 'Nicolás de la Cruz', 'player_country': 'Uruguay', 'player_rating': 6.6}, {'player_name': 'Matías Viña', 'player_country': 'Uruguay', 'player_rating': 6.7}, {'player_name': 'Guillermo Varela', 'player_country': 'Uruguay', 'player_rating': 6.5}, {'player_name': 'Fernando Muslera', 'player_country': 'Uruguay', 'player_rating': None}, {'player_name': 'Sebastián Sosa', 'player_country': 'Uruguay', 'player_rating': None}, {'player_name': 'Sebastián Coates', 'player_country': 'Uruguay', 'player_rating': None}, {'player_name': 'Puma Rodríguez', 'player_country': 'Uruguay', 'player_rating': None}, {'player_name': 'Giorgian de Arrascaeta', 'player_country': 'Uruguay', 'player_rating': None}, {'player_name': 'Manuel Ugarte', 'player_country': 'Uruguay', 'player_rating': None}, {'player_name': 'Agustín Canobbio', 'player_country': 'Uruguay', 'player_rating': None}, {'player_name': 'Facundo Torres', 'player_country': 'Uruguay', 'player_rating': None}, {'player_name': 'Lucas Torreira', 'player_country': 'Uruguay', 'player_rating': None}, {'player_name': 'Maximiliano Gómez', 'player_country': 'Uruguay', 'player_rating': None}]","[{'player_name': 'Kim Seung-gyu', 'player_country': 'Korea Republic', 'player_rating': 6.9}, {'player_name': 'Kim Moon-hwan', 'player_country': 'Korea Republic', 'player_rating': 7.5}, {'player_name': 'Kim Min-jae', 'player_country': 'Korea Republic', 'player_rating': 7.2}, {'player_name': 'Kim Young-gwon', 'player_country': 'Korea Republic', 'player_rating': 7.1}, {'player_name': 'Kim Jin-su', 'player_country': 'Korea Republic', 'player_rating': 7.2}, {'player_name': 'Hwang In-beom', 'player_country': 'Korea Republic', 'player_rating': 6.9}, {'player_name': 'Woo-Young Jung', 'player_country': 'Korea Republic', 'player_rating': 6.8}, {'player_name': 'Sang-Ho Na', 'player_country': 'Korea Republic', 'player_rating': 6.2}, {'player_name': 'Jae-sung Lee', 'player_country': 'Korea Republic', 'player_rating': 7}, {'player_name': 'Son Heung-min', 'player_country': 'Korea Republic', 'player_rating': 6.9}, {'player_name': 'Hwang Ui-Jo', 'player_country': 'Korea Republic', 'player_rating': 6.4}, {'player_name': 'Jun-ho Son', 'player_country': 'Korea Republic', 'player_rating': 6.6}, {'player_name': 'Gue-sung Cho', 'player_country': 'Korea Republic', 'player_rating': 6.6}, {'player_name': 'Kang-in Lee', 'player_country': 'Korea Republic', 'player_rating': 6.8}, {'player_name': 'Hyeon-woo Jo', 'player_country': 'Korea Republic', 'player_rating': None}, {'player_name': 'Song Bum-keun', 'player_country': 'Korea Republic', 'player_rating': None}, {'player_name': 'Tae-hwan Kim', 'player_country': 'Korea Republic', 'player_rating': None}, {'player_name': 'Kyung-won Kwon', 'player_country': 'Korea Republic', 'player_rating': None}, {'player_name': 'Jong-gyu Yoon', 'player_country': 'Korea Republic', 'player_rating': None}, {'player_name': 'Yu-min Cho', 'player_country': 'Korea Republic', 'player_rating': None}, {'player_name': 'Hong Chul', 'player_country': 'Korea Republic', 'player_rating': None}, {'player_name': 'Chang-Hoon Kwon', 'player_country': 'Korea Republic', 'player_rating': None}, {'player_name': 'Min-kyu Song', 'player_country': 'Korea Republic', 'player_rating': None}, {'player_name': 'Seung Ho Paik', 'player_country': 'Korea Republic', 'player_rating': None}, {'player_name': 'Woo-Yeong Jeong', 'player_country': 'Korea Republic', 'player_rating': None}, {'player_name': 'Hwang Hee-chan', 'player_country': 'Korea Republic', 'player_rating': None}]"
15,1,Portugal,Ghana,"[{'player_name': 'Diogo Costa', 'player_country': 'Portugal', 'player_rating': 6.5}, {'player_name': 'João Cancelo', 'player_country': 'Portugal', 'player_rating': 6.7}, {'player_name': 'Rúben Dias', 'player_country': 'Portugal', 'player_rating': 6.7}, {'player_name': 'Danilo Pereira', 'player_country': 'Portugal', 'player_rating': 6.6}, {'player_name': 'Raphaël Guerreiro', 'player_country': 'Portugal', 'player_rating': 7.2}, {'player_name': 'Bernardo Silva', 'player_country': 'Portugal', 'player_rating': 7.2}, {'player_name': 'Rúben Neves', 'player_country': 'Portugal', 'player_rating': 6.7}, {'player_name': 'Otávio', 'player_country': 'Portugal', 'player_rating': 7.6}, {'player_name': 'Bruno Fernandes', 'player_country': 'Portugal', 'player_rating': 8.6}, {'player_name': 'Cristiano Ronaldo', 'player_country': 'Portugal', 'player_rating': 7}, {'player_name': 'João Félix', 'player_country': 'Portugal', 'player_rating': 7.5}, {'player_name': 'William Carvalho', 'player_country': 'Portugal', 'player_rating': 6.7}, {'player_name': 'Rafael Leão', 'player_country': 'Portugal', 'player_rating': 7.2}, {'player_name': 'João Palhinha', 'player_country': 'Portugal', 'player_rating': 6.5}, {'player_name': 'João Mário', 'player_country': 'Portugal', 'player_rating': 6.4}, {'player_name': 'Gonçalo Ramos', 'player_country': 'Portugal', 'player_rating': 6.7}, {'player_name': 'José Sá', 'player_country': 'Portugal', 'player_rating': None}, {'player_name': 'Rui Patrício', 'player_country': 'Portugal', 'player_rating': None}, {'player_name': 'Pepe', 'player_country': 'Portugal', 'player_rating': None}, {'player_name': 'Matheus Nunes', 'player_country': 'Portugal', 'player_rating': None}, {'player_name': 'Diogo Dalot', 'player_country': 'Portugal', 'player_rating': None}, {'player_name': 'António Silva', 'player_country': 'Portugal', 'player_rating': None}, {'player_name': 'Vitinha', 'player_country': 'Portugal', 'player_rating': None}, {'player_name': 'Ricardo Horta', 'player_country': 'Portugal', 'player_rating': None}, {'player_name': 'André Silva', 'player_country': 'Portugal', 'player_rating': None}]","[{'player_name': 'Lawrence Ati Zigi', 'player_country': 'Ghana', 'player_rating': 6.6}, {'player_name': 'Alidu Seidu', 'player_country': 'Ghana', 'player_rating': 6.6}, {'player_name': 'Daniel Amartey', 'player_country': 'Ghana', 'player_rating': 6.6}, {'player_name': 'Alexander Djiku', 'player_country': 'Ghana', 'player_rating': 6.4}, {'player_name': 'Mohammed Salisu', 'player_country': 'Ghana', 'player_rating': 6.1}, {'player_name': 'Rahman Baba', 'player_country': 'Ghana', 'player_rating': 5.9}, {'player_name': 'Thomas Partey', 'player_country': 'Ghana', 'player_rating': 6.8}, {'player_name': 'Salis Abdul Samed', 'player_country': 'Ghana', 'player_rating': 6.4}, {'player_name': 'Mohammed Kudus', 'player_country': 'Ghana', 'player_rating': 7.5}, {'player_name': 'André Ayew', 'player_country': 'Ghana', 'player_rating': 7.1}, {'player_name': 'Iñaki Williams', 'player_country': 'Ghana', 'player_rating': 6.6}, {'player_name': 'Tariq Lamptey', 'player_country': 'Ghana', 'player_rating': 6.1}, {'player_name': 'Osman Bukari', 'player_country': 'Ghana', 'player_rating': 7}, {'player_name': 'Jordan Ayew', 'player_country': 'Ghana', 'player_rating': 6.4}, {'player_name': 'Antoine Semenyo', 'player_country': 'Ghana', 'player_rating': 6.4}, {'player_name': 'Daniel-Kofi Kyereh', 'player_country': 'Ghana', 'player_rating': 6.6}, {'player_name': 'Ibrahim Danlad', 'player_country': 'Ghana', 'player_rating': None}, {'player_name': 'Abdul Manaf Nurudeen', 'player_country': 'Ghana', 'player_rating': None}, {'player_name': 'Gideon Mensah', 'player_country': 'Ghana', 'player_rating': None}, {'player_name': 'Joseph Aidoo', 'player_country': 'Ghana', 'player_rating': None}, {'player_name': 'Denis Odoi', 'player_country': 'Ghana', 'player_rating': None}, {'player_name': 'Elisha Owusu', 'player_country': 'Ghana', 'player_rating': None}, {'player_name': 'Kamal Sowah', 'player_country': 'Ghana', 'player_rating': None}, {'player_name': 'Abdul Fatawu Issahaku', 'player_country': 'Ghana', 'player_rating': None}, {'player_name': 'Kamaldeen Sulemana', 'player_country': 'Ghana', 'player_rating': None}, {'player_name': 'Daniel Afriyie', 'player_country': 'Ghana', 'player_rating': None}]"
30,2,Korea Republic,Ghana,"[{'player_name': 'Kim Seung-gyu', 'player_country': 'Korea Republic', 'player_rating': 6}, {'player_name': 'Kim Moon-hwan', 'player_country': 'Korea Republic', 'player_rating': 6.7}, {'player_name': 'Kim Min-jae', 'player_country': 'Korea Republic', 'player_rating': 6.9}, {'player_name': 'Kim Young-gwon', 'player_country': 'Korea Republic', 'player_rating': 6.7}, {'player_name': 'Kim Jin-su', 'player_country': 'Korea Republic', 'player_rating': 7.6}, {'player_name': 'Woo-Young Jung', 'player_country': 'Korea Republic', 'player_rating': 6.7}, {'player_name': 'Hwang In-beom', 'player_country': 'Korea Republic', 'player_rating': 7}, {'player_name': 'Chang-Hoon Kwon', 'player_country': 'Korea Republic', 'player_rating': 6.4}, {'player_name': 'Woo-Yeong Jeong', 'player_country': 'Korea Republic', 'player_rating': 6.3}, {'player_name': 'Son Heung-min', 'player_country': 'Korea Republic', 'player_rating': 6.6}, {'player_name': 'Gue-sung Cho', 'player_country': 'Korea Republic', 'player_rating': 8.6}, {'player_name': 'Sang-Ho Na', 'player_country': 'Korea Republic', 'player_rating': 6.9}, {'player_name': 'Kang-in Lee', 'player_country': 'Korea Republic', 'player_rating': 7.5}, {'player_name': 'Hwang Ui-Jo', 'player_country': 'Korea Republic', 'player_rating': 6.5}, {'player_name': 'Kyung-won Kwon', 'player_country': 'Korea Republic', 'player_rating': 6.7}, {'player_name': 'Hyeon-woo Jo', 'player_country': 'Korea Republic', 'player_rating': None}, {'player_name': 'Song Bum-keun', 'player_country': 'Korea Republic', 'player_rating': None}, {'player_name': 'Hong Chul', 'player_country': 'Korea Republic', 'player_rating': None}, {'player_name': 'Jong-gyu Yoon', 'player_country': 'Korea Republic', 'player_rating': None}, {'player_name': 'Yu-min Cho', 'player_country': 'Korea Republic', 'player_rating': None}, {'player_name': 'Tae-hwan Kim', 'player_country': 'Korea Republic', 'player_rating': None}, {'player_name': 'Jae-sung Lee', 'player_country': 'Korea Republic', 'player_rating': None}, {'player_name': 'Jun-ho Son', 'player_country': 'Korea Republic', 'player_rating': None}, {'player_name': 'Min-kyu Song', 'player_country': 'Korea Republic', 'player_rating': None}, {'player_name': 'Seung Ho Paik', 'player_country': 'Korea Republic', 'player_rating': None}, {'player_name': 'Hwang Hee-chan', 'player_country': 'Korea Republic', 'player_rating': None}]","[{'player_name': 'Lawrence Ati Zigi', 'player_country': 'Ghana', 'player_rating': 7.1}, {'player_name': 'Tariq Lamptey', 'player_country': 'Ghana', 'player_rating': 6.4}, {'player_name': 'Daniel Amartey', 'player_country': 'Ghana', 'player_rating': 7.1}, {'player_name': 'Mohammed Salisu', 'player_country': 'Ghana', 'player_rating': 8}, {'player_name': 'Gideon Mensah', 'player_country': 'Ghana', 'player_rating': 6.9}, {'player_name': 'Thomas Partey', 'player_country': 'Ghana', 'player_rating': 7.4}, {'player_name': 'Salis Abdul Samed', 'player_country': 'Ghana', 'player_rating': 6.8}, {'player_name': 'Mohammed Kudus', 'player_country': 'Ghana', 'player_rating': 8.5}, {'player_name': 'André Ayew', 'player_country': 'Ghana', 'player_rating': 6.5}, {'player_name': 'Jordan Ayew', 'player_country': 'Ghana', 'player_rating': 7.1}, {'player_name': 'Iñaki Williams', 'player_country': 'Ghana', 'player_rating': 6.8}, {'player_name': 'Denis Odoi', 'player_country': 'Ghana', 'player_rating': 7}, {'player_name': 'Daniel-Kofi Kyereh', 'player_country': 'Ghana', 'player_rating': 6.6}, {'player_name': 'Kamaldeen Sulemana', 'player_country': 'Ghana', 'player_rating': 6.6}, {'player_name': 'Alexander Djiku', 'player_country': 'Ghana', 'player_rating': 6.8}, {'player_name': 'Rahman Baba', 'player_country': 'Ghana', 'player_rating': 6.6}, {'player_name': 'Ibrahim Danlad', 'player_country': 'Ghana', 'player_rating': None}, {'player_name': 'Abdul Manaf Nurudeen', 'player_country': 'Ghana', 'player_rating': None}, {'player_name': 'Alidu Seidu', 'player_country': 'Ghana', 'player_rating': None}, {'player_name': 'Joseph Aidoo', 'player_country': 'Ghana', 'player_rating': None}, {'player_name': 'Elisha Owusu', 'player_country': 'Ghana', 'player_rating': None}, {'player_name': 'Osman Bukari', 'player_country': 'Ghana', 'player_rating': None}, {'player_name': 'Kamal Sowah', 'player_country': 'Ghana', 'player_rating': None}, {'player_name': 'Abdul Fatawu Issahaku', 'player_country': 'Ghana', 'player_rating': None}, {'player_name': 'Antoine Semenyo', 'player_country': 'Ghana', 'player_rating': None}, {'player_name': 'Daniel Afriyie', 'player_country': 'Ghana', 'player_rating': None}]"
32,2,Portugal,Uruguay,"[{'player_name': 'Diogo Costa', 'player_country': 'Portugal', 'player_rating': 7.1}, {'player_name': 'João Cancelo', 'player_country': 'Portugal', 'player_rating': 7.2}, {'player_name': 'Pepe', 'player_country': 'Portugal', 'player_rating': 7.2}, {'player_name': 'Rúben Dias', 'player_country': 'Portugal', 'player_rating': 6.9}, {'player_name': 'Nuno Mendes', 'player_country': 'Portugal', 'player_rating': 7.2}, {'player_name': 'Bernardo Silva', 'player_country': 'Portugal', 'player_rating': 7}, {'player_name': 'Rúben Neves', 'player_country': 'Portugal', 'player_rating': 6.6}, {'player_name': 'William Carvalho', 'player_country': 'Portugal', 'player_rating': 7.2}, {'player_name': 'Bruno Fernandes', 'player_country': 'Portugal', 'player_rating': 9}, {'player_name': 'João Félix', 'player_country': 'Portugal', 'player_rating': 6.7}, {'player_name': 'Cristiano Ronaldo', 'player_country': 'Portugal', 'player_rating': 6.8}, {'player_name': 'Raphaël Guerreiro', 'player_country': 'Portugal', 'player_rating': 7.1}, {'player_name': 'Rafael Leão', 'player_country': 'Portugal', 'player_rating': 6.8}, {'player_name': 'Matheus Nunes', 'player_country': 'Portugal', 'player_rating': 6.7}, {'player_name': 'João Palhinha', 'player_country': 'Portugal', 'player_rating': 6.7}, {'player_name': 'Gonçalo Ramos', 'player_country': 'Portugal', 'player_rating': 6.5}, {'player_name': 'José Sá', 'player_country': 'Portugal', 'player_rating': None}, {'player_name': 'Rui Patrício', 'player_country': 'Portugal', 'player_rating': None}, {'player_name': 'Diogo Dalot', 'player_country': 'Portugal', 'player_rating': None}, {'player_name': 'António Silva', 'player_country': 'Portugal', 'player_rating': None}, {'player_name': 'Vitinha', 'player_country': 'Portugal', 'player_rating': None}, {'player_name': 'João Mário', 'player_country': 'Portugal', 'player_rating': None}, {'player_name': 'Ricardo Horta', 'player_country': 'Portugal', 'player_rating': None}, {'player_name': 'André Silva', 'player_country': 'Portugal', 'player_rating': None}]","[{'player_name': 'Sergio Rochet', 'player_country': 'Uruguay', 'player_rating': 6.1}, {'player_name': 'José María Giménez', 'player_country': 'Uruguay', 'player_rating': 6.2}, {'player_name': 'Diego Godín', 'player_country': 'Uruguay', 'player_rating': 6.5}, {'player_name': 'Sebastián Coates', 'player_country': 'Uruguay', 'player_rating': 6.5}, {'player_name': 'Guillermo Varela', 'player_country': 'Uruguay', 'player_rating': 6.7}, {'player_name': 'Federico Valverde', 'player_country': 'Uruguay', 'player_rating': 7.4}, {'player_name': 'Rodrigo Bentancur', 'player_country': 'Uruguay', 'player_rating': 7.3}, {'player_name': 'Matías Vecino', 'player_country': 'Uruguay', 'player_rating': 6.6}, {'player_name': 'Mathías Olivera', 'player_country': 'Uruguay', 'player_rating': 6.9}, {'player_name': 'Darwin Núñez', 'player_country': 'Uruguay', 'player_rating': 6.5}, {'player_name': 'Edinson Cavani', 'player_country': 'Uruguay', 'player_rating': 7}, {'player_name': 'Giorgian de Arrascaeta', 'player_country': 'Uruguay', 'player_rating': 6.4}, {'player_name': 'Facundo Pellistri', 'player_country': 'Uruguay', 'player_rating': 6.6}, {'player_name': 'Maximiliano Gómez', 'player_country': 'Uruguay', 'player_rating': 6.7}, {'player_name': 'Luis Suárez', 'player_country': 'Uruguay', 'player_rating': 6.7}, {'player_name': 'Matías Viña', 'player_country': 'Uruguay', 'player_rating': 6.5}, {'player_name': 'Sebastián Sosa', 'player_country': 'Uruguay', 'player_rating': None}, {'player_name': 'Fernando Muslera', 'player_country': 'Uruguay', 'player_rating': None}, {'player_name': 'Puma Rodríguez', 'player_country': 'Uruguay', 'player_rating': None}, {'player_name': 'Martín Cáceres', 'player_country': 'Uruguay', 'player_rating': None}, {'player_name': 'Lucas Torreira', 'player_country': 'Uruguay', 'player_rating': None}, {'player_name': 'Facundo Torres', 'player_country': 'Uruguay', 'player_rating': None}, {'player_name': 'Nicolás de la Cruz', 'player_country': 'Uruguay', 'player_rating': None}, {'player_name': 'Agustín Canobbio', 'player_country': 'Uruguay', 'player_rating': None}, {'player_name': 'Manuel Ugarte', 'player_country': 'Uruguay', 'player_rating': None}]"
46,3,Korea Republic,Portugal,"[{'player_name': 'Kim Seung-gyu', 'player_country': 'Korea Republic', 'player_rating': 7.5}, {'player_name': 'Kim Moon-hwan', 'player_country': 'Korea Republic', 'player_rating': 6.8}, {'player_name': 'Kyung-won Kwon', 'player_country': 'Korea Republic', 'player_rating': 7}, {'player_name': 'Kim Young-gwon', 'player_country': 'Korea Republic', 'player_rating': 7.3}, {'player_name': 'Kim Jin-su', 'player_country': 'Korea Republic', 'player_rating': 6.9}, {'player_name': 'Hwang In-beom', 'player_country': 'Korea Republic', 'player_rating': 6.7}, {'player_name': 'Woo-Young Jung', 'player_country': 'Korea Republic', 'player_rating': 7.2}, {'player_name': 'Kang-in Lee', 'player_country': 'Korea Republic', 'player_rating': 7}, {'player_name': 'Jae-sung Lee', 'player_country': 'Korea Republic', 'player_rating': 6.7}, {'player_name': 'Gue-sung Cho', 'player_country': 'Korea Republic', 'player_rating': 7}, {'player_name': 'Son Heung-min', 'player_country': 'Korea Republic', 'player_rating': 7.6}, {'player_name': 'Hwang Hee-chan', 'player_country': 'Korea Republic', 'player_rating': 7.1}, {'player_name': 'Jun-ho Son', 'player_country': 'Korea Republic', 'player_rating': 6.5}, {'player_name': 'Hwang Ui-Jo', 'player_country': 'Korea Republic', 'player_rating': 6.4}, {'player_name': 'Yu-min Cho', 'player_country': 'Korea Republic', 'player_rating': None}, {'player_name': 'Song Bum-keun', 'player_country': 'Korea Republic', 'player_rating': None}, {'player_name': 'Hyeon-woo Jo', 'player_country': 'Korea Republic', 'player_rating': None}, {'player_name': 'Kim Min-jae', 'player_country': 'Korea Republic', 'player_rating': None}, {'player_name': 'Jong-gyu Yoon', 'player_country': 'Korea Republic', 'player_rating': None}, {'player_name': 'Hong Chul', 'player_country': 'Korea Republic', 'player_rating': None}, {'player_name': 'Tae-hwan Kim', 'player_country': 'Korea Republic', 'player_rating': None}, {'player_name': 'Chang-Hoon Kwon', 'player_country': 'Korea Republic', 'player_rating': None}, {'player_name': 'Seung Ho Paik', 'player_country': 'Korea Republic', 'player_rating': None}, {'player_name': 'Min-kyu Song', 'player_country': 'Korea Republic', 'player_rating': None}, {'player_name': 'Woo-Yeong Jeong', 'player_country': 'Korea Republic', 'player_rating': None}, {'player_name': 'Sang-Ho Na', 'player_country': 'Korea Republic', 'player_rating': None}]","[{'player_name': 'Diogo Costa', 'player_country': 'Portugal', 'player_rating': 7.1}, {'player_name': 'Diogo Dalot', 'player_country': 'Portugal', 'player_rating': 7.4}, {'player_name': 'Pepe', 'player_country': 'Portugal', 'player_rating': 7.1}, {'player_name': 'António Silva', 'player_country': 'Portugal', 'player_rating': 6.7}, {'player_name': 'João Cancelo', 'player_country': 'Portugal', 'player_rating': 7.3}, {'player_name': 'Matheus Nunes', 'player_country': 'Portugal', 'player_rating': 6.7}, {'player_name': 'Rúben Neves', 'player_country': 'Portugal', 'player_rating': 7.1}, {'player_name': 'Vitinha', 'player_country': 'Portugal', 'player_rating': 7.2}, {'player_name': 'Ricardo Horta', 'player_country': 'Portugal', 'player_rating': 7.8}, {'player_name': 'Cristiano Ronaldo', 'player_country': 'Portugal', 'player_rating': 5.6}, {'player_name': 'João Mário', 'player_country': 'Portugal', 'player_rating': 6.9}, {'player_name': 'João Palhinha', 'player_country': 'Portugal', 'player_rating': 6.3}, {'player_name': 'André Silva', 'player_country': 'Portugal', 'player_rating': 6.6}, {'player_name': 'Rafael Leão', 'player_country': 'Portugal', 'player_rating': 6.6}, {'player_name': 'Bernardo Silva', 'player_country': 'Portugal', 'player_rating': 6.5}, {'player_name': 'William Carvalho', 'player_country': 'Portugal', 'player_rating': 6.7}, {'player_name': 'Rui Patrício', 'player_country': 'Portugal', 'player_rating': None}, {'player_name': 'José Sá', 'player_country': 'Portugal', 'player_rating': None}, {'player_name': 'Raphaël Guerreiro', 'player_country': 'Portugal', 'player_rating': None}, {'player_name': 'Rúben Dias', 'player_country': 'Portugal', 'player_rating': None}, {'player_name': 'Bruno Fernandes', 'player_country': 'Portugal', 'player_rating': None}, {'player_name': 'João Félix', 'player_country': 'Portugal', 'player_rating': None}, {'player_name': 'Gonçalo Ramos', 'player_country': 'Portugal', 'player_rating': None}]"
45,3,Ghana,Uruguay,"[{'player_name': 'Lawrence Ati Zigi', 'player_country': 'Ghana', 'player_rating': 7}, {'player_name': 'Alidu Seidu', 'player_country': 'Ghana', 'player_rating': 7.1}, {'player_name': 'Daniel Amartey', 'player_country': 'Ghana', 'player_rating': 7}, {'player_name': 'Mohammed Salisu', 'player_country': 'Ghana', 'player_rating': 7}, {'player_name': 'Rahman Baba', 'player_country': 'Ghana', 'player_rating': 6.5}, {'player_name': 'Thomas Partey', 'player_country': 'Ghana', 'player_rating': 7}, {'player_name': 'Salis Abdul Samed', 'player_country': 'Ghana', 'player_rating': 7.1}, {'player_name': 'Iñaki Williams', 'player_country': 'Ghana', 'player_rating': 6.6}, {'player_name': 'André Ayew', 'player_country': 'Ghana', 'player_rating': 5.8}, {'player_name': 'Jordan Ayew', 'player_country': 'Ghana', 'player_rating': 6.3}, {'player_name': 'Mohammed Kudus', 'player_country': 'Ghana', 'player_rating': 7.7}, {'player_name': 'Osman Bukari', 'player_country': 'Ghana', 'player_rating': 6.7}, {'player_name': 'Kamaldeen Sulemana', 'player_country': 'Ghana', 'player_rating': 6.7}, {'player_name': 'Antoine Semenyo', 'player_country': 'Ghana', 'player_rating': 6.6}, {'player_name': 'Daniel-Kofi Kyereh', 'player_country': 'Ghana', 'player_rating': 6.9}, {'player_name': 'Abdul Fatawu Issahaku', 'player_country': 'Ghana', 'player_rating': None}, {'player_name': 'Abdul Manaf Nurudeen', 'player_country': 'Ghana', 'player_rating': None}, {'player_name': 'Ibrahim Danlad', 'player_country': 'Ghana', 'player_rating': None}, {'player_name': 'Alexander Djiku', 'player_country': 'Ghana', 'player_rating': None}, {'player_name': 'Denis Odoi', 'player_country': 'Ghana', 'player_rating': None}, {'player_name': 'Joseph Aidoo', 'player_country': 'Ghana', 'player_rating': None}, {'player_name': 'Tariq Lamptey', 'player_country': 'Ghana', 'player_rating': None}, {'player_name': 'Gideon Mensah', 'player_country': 'Ghana', 'player_rating': None}, {'player_name': 'Elisha Owusu', 'player_country': 'Ghana', 'player_rating': None}, {'player_name': 'Kamal Sowah', 'player_country': 'Ghana', 'player_rating': None}, {'player_name': 'Daniel Afriyie', 'player_country': 'Ghana', 'player_rating': None}]","[{'player_name': 'Sergio Rochet', 'player_country': 'Uruguay', 'player_rating': 7.8}, {'player_name': 'Guillermo Varela', 'player_country': 'Uruguay', 'player_rating': 7.2}, {'player_name': 'José María Giménez', 'player_country': 'Uruguay', 'player_rating': 7.8}, {'player_name': 'Sebastián Coates', 'player_country': 'Uruguay', 'player_rating': 7.1}, {'player_name': 'Mathías Olivera', 'player_country': 'Uruguay', 'player_rating': 7}, {'player_name': 'Facundo Pellistri', 'player_country': 'Uruguay', 'player_rating': 6.5}, {'player_name': 'Federico Valverde', 'player_country': 'Uruguay', 'player_rating': 7.6}, {'player_name': 'Rodrigo Bentancur', 'player_country': 'Uruguay', 'player_rating': 6.9}, {'player_name': 'Giorgian de Arrascaeta', 'player_country': 'Uruguay', 'player_rating': 8.7}, {'player_name': 'Luis Suárez', 'player_country': 'Uruguay', 'player_rating': 7.1}, {'player_name': 'Darwin Núñez', 'player_country': 'Uruguay', 'player_rating': 6.4}, {'player_name': 'Matías Vecino', 'player_country': 'Uruguay', 'player_rating': 6.7}, {'player_name': 'Nicolás de la Cruz', 'player_country': 'Uruguay', 'player_rating': 6.6}, {'player_name': 'Edinson Cavani', 'player_country': 'Uruguay', 'player_rating': 6.9}, {'player_name': 'Agustín Canobbio', 'player_country': 'Uruguay', 'player_rating': 6.8}, {'player_name': 'Maximiliano Gómez', 'player_country': 'Uruguay', 'player_rating': 7}, {'player_name': 'Sebastián Sosa', 'player_country': 'Uruguay', 'player_rating': None}, {'player_name': 'Fernando Muslera', 'player_country': 'Uruguay', 'player_rating': None}, {'player_name': 'Matías Viña', 'player_country': 'Uruguay', 'player_rating': None}, {'player_name': 'Martín Cáceres', 'player_country': 'Uruguay', 'player_rating': None}, {'player_name': 'Puma Rodríguez', 'player_country': 'Uruguay', 'player_rating': None}, {'player_name': 'Diego Godín', 'player_country': 'Uruguay', 'player_rating': None}, {'player_name': 'Lucas Torreira', 'player_country': 'Uruguay', 'player_rating': None}, {'player_name': 'Facundo Torres', 'player_country': 'Uruguay', 'player_rating': None}, {'player_name': 'Manuel Ugarte', 'player_country': 'Uruguay', 'player_rating': None}]"
49,5,Netherlands,United States,"[{'player_name': 'Andries Noppert', 'player_country': 'Netherlands', 'player_rating': 7.3}, {'player_name': 'Jurriën Timber', 'player_country': 'Netherlands', 'player_rating': 6.7}, {'player_name': 'Virgil van Dijk', 'player_country': 'Netherlands', 'player_rating': 7.4}, {'player_name': 'Nathan Aké', 'player_country': 'Netherlands', 'player_rating': 7}, {'player_name': 'Denzel Dumfries', 'player_country': 'Netherlands', 'player_rating': 8.7}, {'player_name': 'Marten de Roon', 'player_country': 'Netherlands', 'player_rating': 6.6}, {'player_name': 'Frenkie de Jong', 'player_country': 'Netherlands', 'player_rating': 6.8}, {'player_name': 'Daley Blind', 'player_country': 'Netherlands', 'player_rating': 8.8}, {'player_name': 'Davy Klaassen', 'player_country': 'Netherlands', 'player_rating': 6.6}, {'player_name': 'Cody Gakpo', 'player_country': 'Netherlands', 'player_rating': 7.8}, {'player_name': 'Memphis Depay', 'player_country': 'Netherlands', 'player_rating': 7.6}, {'player_name': 'Teun Koopmeiners', 'player_country': 'Netherlands', 'player_rating': 6.6}, {'player_name': 'Steven Bergwijn', 'player_country': 'Netherlands', 'player_rating': 6.1}, {'player_name': 'Xavi Simons', 'player_country': 'Netherlands', 'player_rating': 6.7}, {'player_name': 'Matthijs de Ligt', 'player_country': 'Netherlands', 'player_rating': None}, {'player_name': 'Wout Weghorst', 'player_country': 'Netherlands', 'player_rating': None}, {'player_name': 'Justin Bijlow', 'player_country': 'Netherlands', 'player_rating': None}, {'player_name': 'Remko Pasveer', 'player_country': 'Netherlands', 'player_rating': None}, {'player_name': 'Tyrell Malacia', 'player_country': 'Netherlands', 'player_rating': None}, {'player_name': 'Stefan de Vrij', 'player_country': 'Netherlands', 'player_rating': None}, {'player_name': 'Jeremie Frimpong', 'player_country': 'Netherlands', 'player_rating': None}, {'player_name': 'Kenneth Taylor', 'player_country': 'Netherlands', 'player_rating': None}, {'player_name': 'Noa Lang', 'player_country': 'Netherlands', 'player_rating': None}, {'player_name': 'Luuk de Jong', 'player_country': 'Netherlands', 'player_rating': None}, {'player_name': 'Vincent Janssen', 'player_country': 'Netherlands', 'player_rating': None}, {'player_name': 'Steven Berghuis', 'player_country': 'Netherlands', 'player_rating': None}]","[{'player_name': 'Matt Turner', 'player_country': 'United States', 'player_rating': 6.5}, {'player_name': 'Sergiño Dest', 'player_country': 'United States', 'player_rating': 5.9}, {'player_name': 'Walker Zimmerman', 'player_country': 'United States', 'player_rating': 7.2}, {'player_name': 'Tim Ream', 'player_country': 'United States', 'player_rating': 6.6}, {'player_name': 'Antonee Robinson', 'player_country': 'United States', 'player_rating': 6.7}, {'player_name': 'Yunus Musah', 'player_country': 'United States', 'player_rating': 6.6}, {'player_name': 'Tyler Adams', 'player_country': 'United States', 'player_rating': 7.4}, {'player_name': 'Weston McKennie', 'player_country': 'United States', 'player_rating': 7.2}, {'player_name': 'Timothy Weah', 'player_country': 'United States', 'player_rating': 6.9}, {'player_name': 'Jesús Ferreira', 'player_country': 'United States', 'player_rating': 6.6}, {'player_name': 'Christian Pulišić', 'player_country': 'United States', 'player_rating': 7.2}, {'player_name': 'Giovanni Reyna', 'player_country': 'United States', 'player_rating': 6.9}, {'player_name': 'Brenden Aaronson', 'player_country': 'United States', 'player_rating': 6.5}, {'player_name': 'Haji Wright', 'player_country': 'United States', 'player_rating': 7.2}, {'player_name': 'DeAndre Yedlin', 'player_country': 'United States', 'player_rating': 6.5}, {'player_name': 'Jordan Morris', 'player_country': 'United States', 'player_rating': None}, {'player_name': 'Ethan Horvath', 'player_country': 'United States', 'player_rating': None}, {'player_name': 'Sean Johnson', 'player_country': 'United States', 'player_rating': None}, {'player_name': 'Shaq Moore', 'player_country': 'United States', 'player_rating': None}, {'player_name': 'Aaron Long', 'player_country': 'United States', 'player_rating': None}, {'player_name': 'Joe Scally', 'player_country': 'United States', 'player_rating': None}, {'player_name': 'Cameron Carter-Vickers', 'player_country': 'United States', 'player_rating': None}, {'player_name': 'Cristian Roldán', 'player_country': 'United States', 'player_rating': None}, {'player_name': 'Luca De La Torre', 'player_country': 'United States', 'player_rating': None}, {'player_name': 'Kellyn Acosta', 'player_country': 'United States', 'player_rating': None}]"
50,5,Argentina,Australia,"[{'player_name': 'Emiliano Martínez', 'player_country': 'Argentina', 'player_rating': 6.5}, {'player_name': 'Nahuel Molina', 'player_country': 'Argentina', 'player_rating': 6.4}, {'player_name': 'Cristian Romero', 'player_country': 'Argentina', 'player_rating': 6.7}, {'player_name': 'Nicolás Otamendi', 'player_country': 'Argentina', 'player_rating': 7.1}, {'player_name': 'Marcos Acuña', 'player_country': 'Argentina', 'player_rating': 6.7}, {'player_name': 'Rodrigo De Paul', 'player_country': 'Argentina', 'player_rating': 7.5}, {'player_name': 'Enzo Fernández', 'player_country': 'Argentina', 'player_rating': 7}, {'player_name': 'Alexis Mac Allister', 'player_country': 'Argentina', 'player_rating': 6.9}, {'player_name': 'Julián Alvarez', 'player_country': 'Argentina', 'player_rating': 7.1}, {'player_name': 'Lionel Messi', 'player_country': 'Argentina', 'player_rating': 8.4}, {'player_name': 'Papu Gómez', 'player_country': 'Argentina', 'player_rating': 7}, {'player_name': 'Lisandro Martínez', 'player_country': 'Argentina', 'player_rating': 6.6}, {'player_name': 'Lautaro Martínez', 'player_country': 'Argentina', 'player_rating': 6.2}, {'player_name': 'Nicolás Tagliafico', 'player_country': 'Argentina', 'player_rating': 6.4}, {'player_name': 'Gonzalo Montiel', 'player_country': 'Argentina', 'player_rating': 6.7}, {'player_name': 'Exequiel Palacios', 'player_country': 'Argentina', 'player_rating': 6.7}, {'player_name': 'Franco Armani', 'player_country': 'Argentina', 'player_rating': None}, {'player_name': 'Gerónimo Rulli', 'player_country': 'Argentina', 'player_rating': None}, {'player_name': 'Germán Pezzella', 'player_country': 'Argentina', 'player_rating': None}, {'player_name': 'Juan Foyth', 'player_country': 'Argentina', 'player_rating': None}, {'player_name': 'Ángel Di María', 'player_country': 'Argentina', 'player_rating': None}, {'player_name': 'Guido Rodríguez', 'player_country': 'Argentina', 'player_rating': None}, {'player_name': 'Leandro Paredes', 'player_country': 'Argentina', 'player_rating': None}, {'player_name': 'Ángel Correa', 'player_country': 'Argentina', 'player_rating': None}, {'player_name': 'Thiago Almada', 'player_country': 'Argentina', 'player_rating': None}, {'player_name': 'Paulo Dybala', 'player_country': 'Argentina', 'player_rating': None}]","[{'player_name': 'Mathew Ryan', 'player_country': 'Australia', 'player_rating': 6.2}, {'player_name': 'Miloš Degenek', 'player_country': 'Australia', 'player_rating': 6.2}, {'player_name': 'Harry Souttar', 'player_country': 'Australia', 'player_rating': 6.7}, {'player_name': 'Kye Rowles', 'player_country': 'Australia', 'player_rating': 6.6}, {'player_name': 'Aziz Behich', 'player_country': 'Australia', 'player_rating': 6.3}, {'player_name': 'Mathew Leckie', 'player_country': 'Australia', 'player_rating': 6.3}, {'player_name': 'Keanu Baccus', 'player_country': 'Australia', 'player_rating': 6.5}, {'player_name': 'Aaron Mooy', 'player_country': 'Australia', 'player_rating': 6.7}, {'player_name': 'Riley McGree', 'player_country': 'Australia', 'player_rating': 6.6}, {'player_name': 'Mitchell Duke', 'player_country': 'Australia', 'player_rating': 6.3}, {'player_name': 'Jackson Irvine', 'player_country': 'Australia', 'player_rating': 6.2}, {'player_name': 'Ajdin Hrustić', 'player_country': 'Australia', 'player_rating': 6.7}, {'player_name': 'Craig Goodwin', 'player_country': 'Australia', 'player_rating': 7.5}, {'player_name': 'Fran Karačić', 'player_country': 'Australia', 'player_rating': 6.9}, {'player_name': 'Garang Kuol', 'player_country': 'Australia', 'player_rating': 6.3}, {'player_name': 'Jamie MacLaren', 'player_country': 'Australia', 'player_rating': 6.5}, {'player_name': 'Andrew Redmayne', 'player_country': 'Australia', 'player_rating': None}, {'player_name': 'Danny Vukovic', 'player_country': 'Australia', 'player_rating': None}, {'player_name': 'Nathaniel Atkinson', 'player_country': 'Australia', 'player_rating': None}, {'player_name': 'Thomas Jok Deng', 'player_country': 'Australia', 'player_rating': None}, {'player_name': 'Joel King', 'player_country': 'Australia', 'player_rating': None}, {'player_name': 'Bailey Wright', 'player_country': 'Australia', 'player_rating': None}, {'player_name': 'Cameron Devlin', 'player_country': 'Australia', 'player_rating': None}, {'player_name': 'Awer Mabil', 'player_country': 'Australia', 'player_rating': None}, {'player_name': 'Jason Cummings', 'player_country': 'Australia', 'player_rating': None}, {'player_name': 'Marco Tilio', 'player_country': 'Australia', 'player_rating': None}]"
51,5,France,Poland,"[{'player_name': 'Hugo Lloris', 'player_country': 'France', 'player_rating': 6.6}, {'player_name': 'Jules Koundé', 'player_country': 'France', 'player_rating': 7.1}, {'player_name': 'Raphaël Varane', 'player_country': 'France', 'player_rating': 7.5}, {'player_name': 'Dayot Upamecano', 'player_country': 'France', 'player_rating': 6.8}, {'player_name': 'Theo Hernández', 'player_country': 'France', 'player_rating': 7.1}, {'player_name': 'Aurélien Tchouaméni', 'player_country': 'France', 'player_rating': 7.1}, {'player_name': 'Adrien Rabiot', 'player_country': 'France', 'player_rating': 7.5}, {'player_name': 'Ousmane Dembélé', 'player_country': 'France', 'player_rating': 7.7}, {'player_name': 'Antoine Griezmann', 'player_country': 'France', 'player_rating': 7.6}, {'player_name': 'Kylian Mbappé', 'player_country': 'France', 'player_rating': 9.3}, {'player_name': 'Olivier Giroud', 'player_country': 'France', 'player_rating': 7.4}, {'player_name': 'Youssouf Fofana', 'player_country': 'France', 'player_rating': 6.5}, {'player_name': 'Kingsley Coman', 'player_country': 'France', 'player_rating': 6.5}, {'player_name': 'Marcus Thuram', 'player_country': 'France', 'player_rating': 6.9}, {'player_name': 'Axel Disasi', 'player_country': 'France', 'player_rating': 6.2}, {'player_name': 'Steve Mandanda', 'player_country': 'France', 'player_rating': None}, {'player_name': 'Alphonse Aréola', 'player_country': 'France', 'player_rating': None}, {'player_name': 'Benjamin Pavard', 'player_country': 'France', 'player_rating': None}, {'player_name': 'William Saliba', 'player_country': 'France', 'player_rating': None}, {'player_name': 'Ibrahima Konaté', 'player_country': 'France', 'player_rating': None}, {'player_name': 'Mattéo Guendouzi', 'player_country': 'France', 'player_rating': None}, {'player_name': 'Eduardo Camavinga', 'player_country': 'France', 'player_rating': None}, {'player_name': 'Jordan Veretout', 'player_country': 'France', 'player_rating': None}, {'player_name': 'Randal Kolo Muani', 'player_country': 'France', 'player_rating': None}]","[{'player_name': 'Wojciech Szczęsny', 'player_country': 'Poland', 'player_rating': 7.1}, {'player_name': 'Matty Cash', 'player_country': 'Poland', 'player_rating': 6.5}, {'player_name': 'Kamil Glik', 'player_country': 'Poland', 'player_rating': 6.4}, {'player_name': 'Jakub Kiwior', 'player_country': 'Poland', 'player_rating': 6.5}, {'player_name': 'Bartosz Bereszyński', 'player_country': 'Poland', 'player_rating': 6.3}, {'player_name': 'Grzegorz Krychowiak', 'player_country': 'Poland', 'player_rating': 6.9}, {'player_name': 'Jakub Kamiński', 'player_country': 'Poland', 'player_rating': 6.8}, {'player_name': 'Piotr Zieliński', 'player_country': 'Poland', 'player_rating': 7}, {'player_name': 'Sebastian Szymański', 'player_country': 'Poland', 'player_rating': 6.7}, {'player_name': 'Przemysław Frankowski', 'player_country': 'Poland', 'player_rating': 6.7}, {'player_name': 'Robert Lewandowski', 'player_country': 'Poland', 'player_rating': 7.4}, {'player_name': 'Arkadiusz Milik', 'player_country': 'Poland', 'player_rating': 6.5}, {'player_name': 'Krystian Bielik', 'player_country': 'Poland', 'player_rating': 6.6}, {'player_name': 'Nicola Zalewski', 'player_country': 'Poland', 'player_rating': 6.1}, {'player_name': 'Jan Bednarek', 'player_country': 'Poland', 'player_rating': 6.3}, {'player_name': 'Kamil Grosicki', 'player_country': 'Poland', 'player_rating': 6.7}, {'player_name': 'Kamil Grabara', 'player_country': 'Poland', 'player_rating': None}, {'player_name': 'Łukasz Skorupski', 'player_country': 'Poland', 'player_rating': None}, {'player_name': 'Artur Jędrzejczyk', 'player_country': 'Poland', 'player_rating': None}, {'player_name': 'Mateusz Wieteska', 'player_country': 'Poland', 'player_rating': None}, {'player_name': 'Robert Gumny', 'player_country': 'Poland', 'player_rating': None}, {'player_name': 'Damian Szymański', 'player_country': 'Poland', 'player_rating': None}, {'player_name': 'Michał Skóraś', 'player_country': 'Poland', 'player_rating': None}, {'player_name': 'Krzysztof Piątek', 'player_country': 'Poland', 'player_rating': None}, {'player_name': 'Karol Świderski', 'player_country': 'Poland', 'player_rating': None}, {'player_name': 'Szymon Żurkowski', 'player_country': 'Poland', 'player_rating': None}]"
52,5,England,Senegal,"[{'player_name': 'Jordan Pickford', 'player_country': 'England', 'player_rating': 7.3}, {'player_name': 'Kyle Walker', 'player_country': 'England', 'player_rating': 7.2}, {'player_name': 'John Stones', 'player_country': 'England', 'player_rating': 7.1}, {'player_name': 'Harry Maguire', 'player_country': 'England', 'player_rating': 7.4}, {'player_name': 'Luke Shaw', 'player_country': 'England', 'player_rating': 7.3}, {'player_name': 'Jordan Henderson', 'player_country': 'England', 'player_rating': 7.8}, {'player_name': 'Declan Rice', 'player_country': 'England', 'player_rating': 6.9}, {'player_name': 'Jude Bellingham', 'player_country': 'England', 'player_rating': 7.9}, {'player_name': 'Bukayo Saka', 'player_country': 'England', 'player_rating': 7.8}, {'player_name': 'Harry Kane', 'player_country': 'England', 'player_rating': 7.8}, {'player_name': 'Phil Foden', 'player_country': 'England', 'player_rating': 8.1}, {'player_name': 'Jack Grealish', 'player_country': 'England', 'player_rating': 6.7}, {'player_name': 'Marcus Rashford', 'player_country': 'England', 'player_rating': 6.6}, {'player_name': 'Mason Mount', 'player_country': 'England', 'player_rating': 6.6}, {'player_name': 'Eric Dier', 'player_country': 'England', 'player_rating': 6.6}, {'player_name': 'Kalvin Phillips', 'player_country': 'England', 'player_rating': 6.5}, {'player_name': 'Nick Pope', 'player_country': 'England', 'player_rating': None}, {'player_name': 'Aaron Ramsdale', 'player_country': 'England', 'player_rating': None}, {'player_name': 'Kieran Trippier', 'player_country': 'England', 'player_rating': None}, {'player_name': 'Conor Coady', 'player_country': 'England', 'player_rating': None}, {'player_name': 'Trent Alexander-Arnold', 'player_country': 'England', 'player_rating': None}, {'player_name': 'Conor Gallagher', 'player_country': 'England', 'player_rating': None}, {'player_name': 'James Maddison', 'player_country': 'England', 'player_rating': None}, {'player_name': 'Callum Wilson', 'player_country': 'England', 'player_rating': None}]","[{'player_name': 'Edouard Mendy', 'player_country': 'Senegal', 'player_rating': 6.2}, {'player_name': 'Youssouf Sabaly', 'player_country': 'Senegal', 'player_rating': 6.8}, {'player_name': 'Kalidou Koulibaly', 'player_country': 'Senegal', 'player_rating': 6.4}, {'player_name': 'Abdou Diallo', 'player_country': 'Senegal', 'player_rating': 6.1}, {'player_name': 'Ismail Jakobs', 'player_country': 'Senegal', 'player_rating': 6.3}, {'player_name': 'Pathé Ismaël Ciss', 'player_country': 'Senegal', 'player_rating': 6.5}, {'player_name': 'Nampalys Mendy', 'player_country': 'Senegal', 'player_rating': 6.6}, {'player_name': 'Krépin Diatta', 'player_country': 'Senegal', 'player_rating': 6.3}, {'player_name': 'Iliman Ndiaye', 'player_country': 'Senegal', 'player_rating': 6.2}, {'player_name': 'Ismaïla Sarr', 'player_country': 'Senegal', 'player_rating': 6.8}, {'player_name': 'Boulaye Dia', 'player_country': 'Senegal', 'player_rating': 6.6}, {'player_name': 'Pape Gueye', 'player_country': 'Senegal', 'player_rating': 6.1}, {'player_name': 'Pape Matar Sarr', 'player_country': 'Senegal', 'player_rating': 6.8}, {'player_name': 'Ahmadou Bamba Dieng', 'player_country': 'Senegal', 'player_rating': 6.6}, {'player_name': 'Famara Diédhiou', 'player_country': 'Senegal', 'player_rating': 6.6}, {'player_name': 'Fodé Ballo-Touré', 'player_country': 'Senegal', 'player_rating': 6.6}, {'player_name': 'Alfred Gomis', 'player_country': 'Senegal', 'player_rating': None}, {'player_name': 'Seny Dieng', 'player_country': 'Senegal', 'player_rating': None}, {'player_name': 'Moussa Ndiaye', 'player_country': 'Senegal', 'player_rating': None}, {'player_name': 'Pape Abou Cissé', 'player_country': 'Senegal', 'player_rating': None}, {'player_name': 'Formose Mendy', 'player_country': 'Senegal', 'player_rating': None}, {'player_name': 'Moustapha Name', 'player_country': 'Senegal', 'player_rating': None}, {'player_name': 'Mamadou Loum', 'player_country': 'Senegal', 'player_rating': None}, {'player_name': 'Nicolas Jackson', 'player_country': 'Senegal', 'player_rating': None}]"
53,5,Japan,Croatia,"[{'player_name': 'Shuichi Gonda', 'player_country': 'Japan', 'player_rating': 7}, {'player_name': 'Takehiro Tomiyasu', 'player_country': 'Japan', 'player_rating': 6.7}, {'player_name': 'Maya Yoshida', 'player_country': 'Japan', 'player_rating': 6.9}, {'player_name': 'Shogo Taniguchi', 'player_country': 'Japan', 'player_rating': 6.9}, {'player_name': 'Junya Ito', 'player_country': 'Japan', 'player_rating': 7.1}, {'player_name': 'Wataru Endo', 'player_country': 'Japan', 'player_rating': 8.2}, {'player_name': 'Hidemasa Morita', 'player_country': 'Japan', 'player_rating': 6.8}, {'player_name': 'Yuto Nagatomo', 'player_country': 'Japan', 'player_rating': 6.6}, {'player_name': 'Ritsu Doan', 'player_country': 'Japan', 'player_rating': 7.2}, {'player_name': 'Daizen Maeda', 'player_country': 'Japan', 'player_rating': 7.4}, {'player_name': 'Daichi Kamada', 'player_country': 'Japan', 'player_rating': 6.9}, {'player_name': 'Kaoru Mitoma', 'player_country': 'Japan', 'player_rating': 6.2}, {'player_name': 'Takuma Asano', 'player_country': 'Japan', 'player_rating': 6.6}, {'player_name': 'Hiroki Sakai', 'player_country': 'Japan', 'player_rating': 6.7}, {'player_name': 'Takumi Minamino', 'player_country': 'Japan', 'player_rating': 6.1}, {'player_name': 'Ao Tanaka', 'player_country': 'Japan', 'player_rating': 6.4}, {'player_name': 'Eiji Kawashima', 'player_country': 'Japan', 'player_rating': None}, {'player_name': 'Daniel Schmidt', 'player_country': 'Japan', 'player_rating': None}, {'player_name': 'Miki Yamane', 'player_country': 'Japan', 'player_rating': None}, {'player_name': 'Hiroki Itō', 'player_country': 'Japan', 'player_rating': None}, {'player_name': 'Gaku Shibasaki', 'player_country': 'Japan', 'player_rating': None}, {'player_name': 'Shuto Machino', 'player_country': 'Japan', 'player_rating': None}, {'player_name': 'Ayase Ueda', 'player_country': 'Japan', 'player_rating': None}, {'player_name': 'Yuki Soma', 'player_country': 'Japan', 'player_rating': None}]","[{'player_name': 'Dominik Livaković', 'player_country': 'Croatia', 'player_rating': 8.3}, {'player_name': 'Josip Juranović', 'player_country': 'Croatia', 'player_rating': 7.2}, {'player_name': 'Dejan Lovren', 'player_country': 'Croatia', 'player_rating': 7.4}, {'player_name': 'Joško Gvardiol', 'player_country': 'Croatia', 'player_rating': 7.2}, {'player_name': 'Borna Barišić', 'player_country': 'Croatia', 'player_rating': 7}, {'player_name': 'Luka Modrić', 'player_country': 'Croatia', 'player_rating': 6.9}, {'player_name': 'Marcelo Brozović', 'player_country': 'Croatia', 'player_rating': 7.8}, {'player_name': 'Mateo Kovačić', 'player_country': 'Croatia', 'player_rating': 7.1}, {'player_name': 'Andrej Kramarić', 'player_country': 'Croatia', 'player_rating': 6.8}, {'player_name': 'Bruno Petković', 'player_country': 'Croatia', 'player_rating': 6.7}, {'player_name': 'Ivan Perišić', 'player_country': 'Croatia', 'player_rating': 7.4}, {'player_name': 'Ante Budimir', 'player_country': 'Croatia', 'player_rating': 6.4}, {'player_name': 'Mario Pašalić', 'player_country': 'Croatia', 'player_rating': 7.3}, {'player_name': 'Lovro Majer', 'player_country': 'Croatia', 'player_rating': 6.7}, {'player_name': 'Nikola Vlašić', 'player_country': 'Croatia', 'player_rating': 6.8}, {'player_name': 'Mislav Oršić', 'player_country': 'Croatia', 'player_rating': 6.8}, {'player_name': 'Marko Livaja', 'player_country': 'Croatia', 'player_rating': 6.4}, {'player_name': 'Ivo Grbić', 'player_country': 'Croatia', 'player_rating': None}, {'player_name': 'Ivica Ivušić', 'player_country': 'Croatia', 'player_rating': None}, {'player_name': 'Domagoj Vida', 'player_country': 'Croatia', 'player_rating': None}, {'player_name': 'Josip Šutalo', 'player_country': 'Croatia', 'player_rating': None}, {'player_name': 'Martin Erlić', 'player_country': 'Croatia', 'player_rating': None}, {'player_name': 'Luka Sučić', 'player_country': 'Croatia', 'player_rating': None}, {'player_name': 'Kristijan Jakić', 'player_country': 'Croatia', 'player_rating': None}]"
54,5,Brazil,Korea Republic,"[{'player_name': 'Alisson', 'player_country': 'Brazil', 'player_rating': 7.2}, {'player_name': 'Éder Militão', 'player_country': 'Brazil', 'player_rating': 7}, {'player_name': 'Marquinhos', 'player_country': 'Brazil', 'player_rating': 6.7}, {'player_name': 'Thiago Silva', 'player_country': 'Brazil', 'player_rating': 7.5}, {'player_name': 'Danilo', 'player_country': 'Brazil', 'player_rating': 6.6}, {'player_name': 'Lucas Paquetá', 'player_country': 'Brazil', 'player_rating': 7.9}, {'player_name': 'Casemiro', 'player_country': 'Brazil', 'player_rating': 7.1}, {'player_name': 'Raphinha', 'player_country': 'Brazil', 'player_rating': 8}, {'player_name': 'Neymar', 'player_country': 'Brazil', 'player_rating': 7.8}, {'player_name': 'Vinícius Júnior', 'player_country': 'Brazil', 'player_rating': 7.9}, {'player_name': 'Richarlison', 'player_country': 'Brazil', 'player_rating': 7.5}, {'player_name': 'Dani Alves', 'player_country': 'Brazil', 'player_rating': 6.7}, {'player_name': 'Bremer', 'player_country': 'Brazil', 'player_rating': 6.4}, {'player_name': 'Gabriel Martinelli', 'player_country': 'Brazil', 'player_rating': 6.9}, {'player_name': 'Weverton', 'player_country': 'Brazil', 'player_rating': 6.6}, {'player_name': 'Rodrygo', 'player_country': 'Brazil', 'player_rating': 6.9}, {'player_name': 'Ederson', 'player_country': 'Brazil', 'player_rating': None}, {'player_name': 'Fred', 'player_country': 'Brazil', 'player_rating': None}, {'player_name': 'Fabinho', 'player_country': 'Brazil', 'player_rating': None}, {'player_name': 'Bruno Guimarães', 'player_country': 'Brazil', 'player_rating': None}, {'player_name': 'Antony', 'player_country': 'Brazil', 'player_rating': None}, {'player_name': 'Everton Ribeiro', 'player_country': 'Brazil', 'player_rating': None}, {'player_name': 'Pedro Guilherme', 'player_country': 'Brazil', 'player_rating': None}]","[{'player_name': 'Kim Seung-gyu', 'player_country': 'Korea Republic', 'player_rating': 6.9}, {'player_name': 'Kim Moon-hwan', 'player_country': 'Korea Republic', 'player_rating': 6.8}, {'player_name': 'Kim Min-jae', 'player_country': 'Korea Republic', 'player_rating': 6.5}, {'player_name': 'Kim Young-gwon', 'player_country': 'Korea Republic', 'player_rating': 6.6}, {'player_name': 'Kim Jin-su', 'player_country': 'Korea Republic', 'player_rating': 6.1}, {'player_name': 'Jae-sung Lee', 'player_country': 'Korea Republic', 'player_rating': 6.6}, {'player_name': 'Woo-Young Jung', 'player_country': 'Korea Republic', 'player_rating': 6.1}, {'player_name': 'Hwang In-beom', 'player_country': 'Korea Republic', 'player_rating': 6.3}, {'player_name': 'Hwang Hee-chan', 'player_country': 'Korea Republic', 'player_rating': 6.9}, {'player_name': 'Gue-sung Cho', 'player_country': 'Korea Republic', 'player_rating': 6.4}, {'player_name': 'Son Heung-min', 'player_country': 'Korea Republic', 'player_rating': 6}, {'player_name': 'Hong Chul', 'player_country': 'Korea Republic', 'player_rating': 6.9}, {'player_name': 'Jun-ho Son', 'player_country': 'Korea Republic', 'player_rating': 7.3}, {'player_name': 'Seung Ho Paik', 'player_country': 'Korea Republic', 'player_rating': 7.6}, {'player_name': 'Kang-in Lee', 'player_country': 'Korea Republic', 'player_rating': 6.6}, {'player_name': 'Hwang Ui-Jo', 'player_country': 'Korea Republic', 'player_rating': 6.3}, {'player_name': 'Song Bum-keun', 'player_country': 'Korea Republic', 'player_rating': None}, {'player_name': 'Hyeon-woo Jo', 'player_country': 'Korea Republic', 'player_rating': None}, {'player_name': 'Yu-min Cho', 'player_country': 'Korea Republic', 'player_rating': None}, {'player_name': 'Jong-gyu Yoon', 'player_country': 'Korea Republic', 'player_rating': None}, {'player_name': 'Kyung-won Kwon', 'player_country': 'Korea Republic', 'player_rating': None}, {'player_name': 'Tae-hwan Kim', 'player_country': 'Korea Republic', 'player_rating': None}, {'player_name': 'Chang-Hoon Kwon', 'player_country': 'Korea Republic', 'player_rating': None}, {'player_name': 'Min-kyu Song', 'player_country': 'Korea Republic', 'player_rating': None}, {'player_name': 'Woo-Yeong Jeong', 'player_country': 'Korea Republic', 'player_rating': None}, {'player_name': 'Sang-Ho Na', 'player_country': 'Korea Republic', 'player_rating': None}]"
55,5,Morocco,Spain,"[{'player_name': 'Yassine Bounou', 'player_country': 'Morocco', 'player_rating': 7.6}, {'player_name': 'Achraf Hakimi', 'player_country': 'Morocco', 'player_rating': 7.3}, {'player_name': 'Nayef Aguerd', 'player_country': 'Morocco', 'player_rating': 6.9}, {'player_name': 'Romain Saïss', 'player_country': 'Morocco', 'player_rating': 7.1}, {'player_name': 'Noussair Mazraoui', 'player_country': 'Morocco', 'player_rating': 7.2}, {'player_name': 'Azzedine Ounahi', 'player_country': 'Morocco', 'player_rating': 7.5}, {'player_name': 'Sofyan Amrabat', 'player_country': 'Morocco', 'player_rating': 7.3}, {'player_name': 'Selim Amallah', 'player_country': 'Morocco', 'player_rating': 6.5}, {'player_name': 'Hakim Ziyech', 'player_country': 'Morocco', 'player_rating': 6.2}, {'player_name': 'Youssef En-Nesyri', 'player_country': 'Morocco', 'player_rating': 6.9}, {'player_name': 'Sofiane Boufal', 'player_country': 'Morocco', 'player_rating': 7.2}, {'player_name': 'Abdessamad Ezzalzouli', 'player_country': 'Morocco', 'player_rating': 6.8}, {'player_name': 'Yahia Attiyat Allah', 'player_country': 'Morocco', 'player_rating': 6.6}, {'player_name': 'Abdelhamid Sabiri', 'player_country': 'Morocco', 'player_rating': 6.9}, {'player_name': 'Walid Cheddira', 'player_country': 'Morocco', 'player_rating': 6.5}, {'player_name': 'Jawad El Yamiq', 'player_country': 'Morocco', 'player_rating': 7}, {'player_name': 'Badr Benoun', 'player_country': 'Morocco', 'player_rating': None}, {'player_name': 'Munir El Kajoui', 'player_country': 'Morocco', 'player_rating': None}, {'player_name': 'Ahmed Reda Tagnaouti', 'player_country': 'Morocco', 'player_rating': None}, {'player_name': 'Achraf Dari', 'player_country': 'Morocco', 'player_rating': None}, {'player_name': 'Yahya Jabrane', 'player_country': 'Morocco', 'player_rating': None}, {'player_name': 'Bilal El Khannouss', 'player_country': 'Morocco', 'player_rating': None}, {'player_name': 'Anass Zaroury', 'player_country': 'Morocco', 'player_rating': None}, {'player_name': 'Ilias Chair', 'player_country': 'Morocco', 'player_rating': None}, {'player_name': 'Zakaria Aboukhlal', 'player_country': 'Morocco', 'player_rating': None}, {'player_name': 'Abderazak Hamdallah', 'player_country': 'Morocco', 'player_rating': None}]","[{'player_name': 'Unai Simón', 'player_country': 'Spain', 'player_rating': 7.7}, {'player_name': 'Marcos Llorente', 'player_country': 'Spain', 'player_rating': 6.9}, {'player_name': 'Rodri', 'player_country': 'Spain', 'player_rating': 8.5}, {'player_name': 'Aymeric Laporte', 'player_country': 'Spain', 'player_rating': 7.5}, {'player_name': 'Jordi Alba', 'player_country': 'Spain', 'player_rating': 7.5}, {'player_name': 'Gavi', 'player_country': 'Spain', 'player_rating': 6.7}, {'player_name': 'Sergio Busquets', 'player_country': 'Spain', 'player_rating': 6.7}, {'player_name': 'Pedri', 'player_country': 'Spain', 'player_rating': 7.7}, {'player_name': 'Ferran Torres', 'player_country': 'Spain', 'player_rating': 6.3}, {'player_name': 'Marco Asensio', 'player_country': 'Spain', 'player_rating': 6.4}, {'player_name': 'Dani Olmo', 'player_country': 'Spain', 'player_rating': 7.3}, {'player_name': 'Carlos Soler', 'player_country': 'Spain', 'player_rating': 7}, {'player_name': 'Álvaro Morata', 'player_country': 'Spain', 'player_rating': 6.5}, {'player_name': 'Nico Williams', 'player_country': 'Spain', 'player_rating': 6.4}, {'player_name': 'Alejandro Balde', 'player_country': 'Spain', 'player_rating': 6.8}, {'player_name': 'Ansu Fati', 'player_country': 'Spain', 'player_rating': 6.6}, {'player_name': 'Pablo Sarabia', 'player_country': 'Spain', 'player_rating': None}, {'player_name': 'David Raya', 'player_country': 'Spain', 'player_rating': None}, {'player_name': 'Robert Sánchez', 'player_country': 'Spain', 'player_rating': None}, {'player_name': 'Pau Torres', 'player_country': 'Spain', 'player_rating': None}, {'player_name': 'Eric García', 'player_country': 'Spain', 'player_rating': None}, {'player_name': 'César Azpilicueta', 'player_country': 'Spain', 'player_rating': None}, {'player_name': 'Dani Carvajal', 'player_country': 'Spain', 'player_rating': None}, {'player_name': 'Koke', 'player_country': 'Spain', 'player_rating': None}, {'player_name': 'Hugo Guillamón', 'player_country': 'Spain', 'player_rating': None}, {'player_name': 'Yéremy Pino', 'player_country': 'Spain', 'player_rating': None}]"
56,5,Portugal,Switzerland,"[{'player_name': 'Diogo Costa', 'player_country': 'Portugal', 'player_rating': 6.4}, {'player_name': 'Diogo Dalot', 'player_country': 'Portugal', 'player_rating': 8.3}, {'player_name': 'Pepe', 'player_country': 'Portugal', 'player_rating': 7.6}, {'player_name': 'Rúben Dias', 'player_country': 'Portugal', 'player_rating': 6.4}, {'player_name': 'Raphaël Guerreiro', 'player_country': 'Portugal', 'player_rating': 8.4}, {'player_name': 'Otávio', 'player_country': 'Portugal', 'player_rating': 6.7}, {'player_name': 'William Carvalho', 'player_country': 'Portugal', 'player_rating': 6.6}, {'player_name': 'Bernardo Silva', 'player_country': 'Portugal', 'player_rating': 6.7}, {'player_name': 'Bruno Fernandes', 'player_country': 'Portugal', 'player_rating': 8.2}, {'player_name': 'Gonçalo Ramos', 'player_country': 'Portugal', 'player_rating': 9.9}, {'player_name': 'João Félix', 'player_country': 'Portugal', 'player_rating': 8}, {'player_name': 'Cristiano Ronaldo', 'player_country': 'Portugal', 'player_rating': 6.5}, {'player_name': 'Vitinha', 'player_country': 'Portugal', 'player_rating': 6.9}, {'player_name': 'Ricardo Horta', 'player_country': 'Portugal', 'player_rating': 6.6}, {'player_name': 'Rúben Neves', 'player_country': 'Portugal', 'player_rating': 6.7}, {'player_name': 'Rafael Leão', 'player_country': 'Portugal', 'player_rating': 7.4}, {'player_name': 'José Sá', 'player_country': 'Portugal', 'player_rating': None}, {'player_name': 'Rui Patrício', 'player_country': 'Portugal', 'player_rating': None}, {'player_name': 'Matheus Nunes', 'player_country': 'Portugal', 'player_rating': None}, {'player_name': 'António Silva', 'player_country': 'Portugal', 'player_rating': None}, {'player_name': 'João Cancelo', 'player_country': 'Portugal', 'player_rating': None}, {'player_name': 'João Palhinha', 'player_country': 'Portugal', 'player_rating': None}, {'player_name': 'João Mário', 'player_country': 'Portugal', 'player_rating': None}, {'player_name': 'André Silva', 'player_country': 'Portugal', 'player_rating': None}]","[{'player_name': 'Yann Sommer', 'player_country': 'Switzerland', 'player_rating': 5.8}, {'player_name': 'Manuel Akanji', 'player_country': 'Switzerland', 'player_rating': 6.9}, {'player_name': 'Fabian Schär', 'player_country': 'Switzerland', 'player_rating': 6.1}, {'player_name': 'Ricardo Rodríguez', 'player_country': 'Switzerland', 'player_rating': 5.7}, {'player_name': 'Granit Xhaka', 'player_country': 'Switzerland', 'player_rating': 6.8}, {'player_name': 'Edimilson Fernandes', 'player_country': 'Switzerland', 'player_rating': 6}, {'player_name': 'Djibril Sow', 'player_country': 'Switzerland', 'player_rating': 6.4}, {'player_name': 'Remo Freuler', 'player_country': 'Switzerland', 'player_rating': 6}, {'player_name': 'Rubén Vargas', 'player_country': 'Switzerland', 'player_rating': 6.2}, {'player_name': 'Breel Embolo', 'player_country': 'Switzerland', 'player_rating': 6.7}, {'player_name': 'Xherdan Shaqiri', 'player_country': 'Switzerland', 'player_rating': 6.9}, {'player_name': 'Eray Cömert', 'player_country': 'Switzerland', 'player_rating': 5.9}, {'player_name': 'Denis Zakaria', 'player_country': 'Switzerland', 'player_rating': 6.2}, {'player_name': 'Haris Seferović', 'player_country': 'Switzerland', 'player_rating': 6.7}, {'player_name': 'Noah Okafor', 'player_country': 'Switzerland', 'player_rating': 6.4}, {'player_name': 'Ardon Jashari', 'player_country': 'Switzerland', 'player_rating': None}, {'player_name': 'Jonas Omlin', 'player_country': 'Switzerland', 'player_rating': None}, {'player_name': 'Philipp Köhn', 'player_country': 'Switzerland', 'player_rating': None}, {'player_name': 'Gregor Kobel', 'player_country': 'Switzerland', 'player_rating': None}, {'player_name': 'Nico Elvedi', 'player_country': 'Switzerland', 'player_rating': None}, {'player_name': 'Fabian Frei', 'player_country': 'Switzerland', 'player_rating': None}, {'player_name': 'Michel Aebischer', 'player_country': 'Switzerland', 'player_rating': None}, {'player_name': 'Fabian Rieder', 'player_country': 'Switzerland', 'player_rating': None}, {'player_name': 'Christian Fassnacht', 'player_country': 'Switzerland', 'player_rating': None}, {'player_name': 'Renato Steffen', 'player_country': 'Switzerland', 'player_rating': None}]"
57,27,Croatia,Brazil,"[{'player_name': 'Dominik Livaković', 'player_country': 'Croatia', 'player_rating': 9.2}, {'player_name': 'Josip Juranović', 'player_country': 'Croatia', 'player_rating': 7.8}, {'player_name': 'Dejan Lovren', 'player_country': 'Croatia', 'player_rating': 7.3}, {'player_name': 'Joško Gvardiol', 'player_country': 'Croatia', 'player_rating': 7.2}, {'player_name': 'Borna Sosa', 'player_country': 'Croatia', 'player_rating': 6.8}, {'player_name': 'Luka Modrić', 'player_country': 'Croatia', 'player_rating': 7.7}, {'player_name': 'Marcelo Brozović', 'player_country': 'Croatia', 'player_rating': 7.7}, {'player_name': 'Mateo Kovačić', 'player_country': 'Croatia', 'player_rating': 7.2}, {'player_name': 'Mario Pašalić', 'player_country': 'Croatia', 'player_rating': 6.6}, {'player_name': 'Andrej Kramarić', 'player_country': 'Croatia', 'player_rating': 6.6}, {'player_name': 'Ivan Perišić', 'player_country': 'Croatia', 'player_rating': 7}, {'player_name': 'Nikola Vlašić', 'player_country': 'Croatia', 'player_rating': 6.8}, {'player_name': 'Bruno Petković', 'player_country': 'Croatia', 'player_rating': 7.3}, {'player_name': 'Lovro Majer', 'player_country': 'Croatia', 'player_rating': 7.1}, {'player_name': 'Ante Budimir', 'player_country': 'Croatia', 'player_rating': 6.5}, {'player_name': 'Mislav Oršić', 'player_country': 'Croatia', 'player_rating': 7.2}, {'player_name': 'Ivica Ivušić', 'player_country': 'Croatia', 'player_rating': None}, {'player_name': 'Ivo Grbić', 'player_country': 'Croatia', 'player_rating': None}, {'player_name': 'Martin Erlić', 'player_country': 'Croatia', 'player_rating': None}, {'player_name': 'Domagoj Vida', 'player_country': 'Croatia', 'player_rating': None}, {'player_name': 'Josip Stanišić', 'player_country': 'Croatia', 'player_rating': None}, {'player_name': 'Borna Barišić', 'player_country': 'Croatia', 'player_rating': None}, {'player_name': 'Josip Šutalo', 'player_country': 'Croatia', 'player_rating': None}, {'player_name': 'Kristijan Jakić', 'player_country': 'Croatia', 'player_rating': None}, {'player_name': 'Luka Sučić', 'player_country': 'Croatia', 'player_rating': None}, {'player_name': 'Marko Livaja', 'player_country': 'Croatia', 'player_rating': None}]","[{'player_name': 'Alisson', 'player_country': 'Brazil', 'player_rating': 6.4}, {'player_name': 'Éder Militão', 'player_country': 'Brazil', 'player_rating': 7.7}, {'player_name': 'Marquinhos', 'player_country': 'Brazil', 'player_rating': 6.6}, {'player_name': 'Thiago Silva', 'player_country': 'Brazil', 'player_rating': 7.2}, {'player_name': 'Danilo', 'player_country': 'Brazil', 'player_rating': 7.1}, {'player_name': 'Lucas Paquetá', 'player_country': 'Brazil', 'player_rating': 7.3}, {'player_name': 'Casemiro', 'player_country': 'Brazil', 'player_rating': 7.3}, {'player_name': 'Raphinha', 'player_country': 'Brazil', 'player_rating': 6.8}, {'player_name': 'Neymar', 'player_country': 'Brazil', 'player_rating': 7.3}, {'player_name': 'Vinícius Júnior', 'player_country': 'Brazil', 'player_rating': 6.9}, {'player_name': 'Richarlison', 'player_country': 'Brazil', 'player_rating': 7.6}, {'player_name': 'Antony', 'player_country': 'Brazil', 'player_rating': 6.9}, {'player_name': 'Rodrygo', 'player_country': 'Brazil', 'player_rating': 6.6}, {'player_name': 'Pedro Guilherme', 'player_country': 'Brazil', 'player_rating': 7}, {'player_name': 'Alex Sandro', 'player_country': 'Brazil', 'player_rating': 6.3}, {'player_name': 'Fred', 'player_country': 'Brazil', 'player_rating': 6.5}, {'player_name': 'Ederson', 'player_country': 'Brazil', 'player_rating': None}, {'player_name': 'Weverton', 'player_country': 'Brazil', 'player_rating': None}, {'player_name': 'Bremer', 'player_country': 'Brazil', 'player_rating': None}, {'player_name': 'Bruno Guimarães', 'player_country': 'Brazil', 'player_rating': None}, {'player_name': 'Fabinho', 'player_country': 'Brazil', 'player_rating': None}, {'player_name': 'Dani Alves', 'player_country': 'Brazil', 'player_rating': None}, {'player_name': 'Everton Ribeiro', 'player_country': 'Brazil', 'player_rating': None}, {'player_name': 'Gabriel Martinelli', 'player_country': 'Brazil', 'player_rating': None}]"
58,27,Netherlands,Argentina,"[{'player_name': 'Andries Noppert', 'player_country': 'Netherlands', 'player_rating': 7.4}, {'player_name': 'Jurriën Timber', 'player_country': 'Netherlands', 'player_rating': 6.5}, {'player_name': 'Virgil van Dijk', 'player_country': 'Netherlands', 'player_rating': 6.4}, {'player_name': 'Nathan Aké', 'player_country': 'Netherlands', 'player_rating': 7}, {'player_name': 'Denzel Dumfries', 'player_country': 'Netherlands', 'player_rating': 6}, {'player_name': 'Marten de Roon', 'player_country': 'Netherlands', 'player_rating': 6.4}, {'player_name': 'Frenkie de Jong', 'player_country': 'Netherlands', 'player_rating': 6.7}, {'player_name': 'Daley Blind', 'player_country': 'Netherlands', 'player_rating': 6.9}, {'player_name': 'Cody Gakpo', 'player_country': 'Netherlands', 'player_rating': 6.6}, {'player_name': 'Steven Bergwijn', 'player_country': 'Netherlands', 'player_rating': 6.7}, {'player_name': 'Memphis Depay', 'player_country': 'Netherlands', 'player_rating': 6.3}, {'player_name': 'Teun Koopmeiners', 'player_country': 'Netherlands', 'player_rating': 7.2}, {'player_name': 'Steven Berghuis', 'player_country': 'Netherlands', 'player_rating': 6.6}, {'player_name': 'Luuk de Jong', 'player_country': 'Netherlands', 'player_rating': 6.9}, {'player_name': 'Wout Weghorst', 'player_country': 'Netherlands', 'player_rating': 8.8}, {'player_name': 'Noa Lang', 'player_country': 'Netherlands', 'player_rating': 6.9}, {'player_name': 'Justin Bijlow', 'player_country': 'Netherlands', 'player_rating': None}, {'player_name': 'Remko Pasveer', 'player_country': 'Netherlands', 'player_rating': None}, {'player_name': 'Matthijs de Ligt', 'player_country': 'Netherlands', 'player_rating': None}, {'player_name': 'Stefan de Vrij', 'player_country': 'Netherlands', 'player_rating': None}, {'player_name': 'Jeremie Frimpong', 'player_country': 'Netherlands', 'player_rating': None}, {'player_name': 'Tyrell Malacia', 'player_country': 'Netherlands', 'player_rating': None}, {'player_name': 'Kenneth Taylor', 'player_country': 'Netherlands', 'player_rating': None}, {'player_name': 'Xavi Simons', 'player_country': 'Netherlands', 'player_rating': None}, {'player_name': 'Davy Klaassen', 'player_country': 'Netherlands', 'player_rating': None}, {'player_name': 'Vincent Janssen', 'player_country': 'Netherlands', 'player_rating': None}]","[{'player_name': 'Emiliano Martínez', 'player_country': 'Argentina', 'player_rating': 6.9}, {'player_name': 'Nahuel Molina', 'player_country': 'Argentina', 'player_rating': 7.1}, {'player_name': 'Cristian Romero', 'player_country': 'Argentina', 'player_rating': 6.9}, {'player_name': 'Nicolás Otamendi', 'player_country': 'Argentina', 'player_rating': 6.5}, {'player_name': 'Lisandro Martínez', 'player_country': 'Argentina', 'player_rating': 6.7}, {'player_name': 'Marcos Acuña', 'player_country': 'Argentina', 'player_rating': 7.6}, {'player_name': 'Rodrigo De Paul', 'player_country': 'Argentina', 'player_rating': 7.1}, {'player_name': 'Enzo Fernández', 'player_country': 'Argentina', 'player_rating': 6.8}, {'player_name': 'Alexis Mac Allister', 'player_country': 'Argentina', 'player_rating': 7.1}, {'player_name': 'Lionel Messi', 'player_country': 'Argentina', 'player_rating': 9.2}, {'player_name': 'Julián Alvarez', 'player_country': 'Argentina', 'player_rating': 6.7}, {'player_name': 'Leandro Paredes', 'player_country': 'Argentina', 'player_rating': 7}, {'player_name': 'Nicolás Tagliafico', 'player_country': 'Argentina', 'player_rating': 6.5}, {'player_name': 'Germán Pezzella', 'player_country': 'Argentina', 'player_rating': 6.1}, {'player_name': 'Lautaro Martínez', 'player_country': 'Argentina', 'player_rating': 7}, {'player_name': 'Gonzalo Montiel', 'player_country': 'Argentina', 'player_rating': 6.9}, {'player_name': 'Ángel Di María', 'player_country': 'Argentina', 'player_rating': 6.8}, {'player_name': 'Gerónimo Rulli', 'player_country': 'Argentina', 'player_rating': None}, {'player_name': 'Franco Armani', 'player_country': 'Argentina', 'player_rating': None}, {'player_name': 'Juan Foyth', 'player_country': 'Argentina', 'player_rating': None}, {'player_name': 'Papu Gómez', 'player_country': 'Argentina', 'player_rating': None}, {'player_name': 'Guido Rodríguez', 'player_country': 'Argentina', 'player_rating': None}, {'player_name': 'Thiago Almada', 'player_country': 'Argentina', 'player_rating': None}, {'player_name': 'Exequiel Palacios', 'player_country': 'Argentina', 'player_rating': None}, {'player_name': 'Ángel Correa', 'player_country': 'Argentina', 'player_rating': None}, {'player_name': 'Paulo Dybala', 'player_country': 'Argentina', 'player_rating': None}]"
59,27,Morocco,Portugal,"[{'player_name': 'Yassine Bounou', 'player_country': 'Morocco', 'player_rating': 7.9}, {'player_name': 'Achraf Hakimi', 'player_country': 'Morocco', 'player_rating': 6.7}, {'player_name': 'Jawad El Yamiq', 'player_country': 'Morocco', 'player_rating': 7.6}, {'player_name': 'Romain Saïss', 'player_country': 'Morocco', 'player_rating': 6.5}, {'player_name': 'Yahia Attiyat Allah', 'player_country': 'Morocco', 'player_rating': 7.8}, {'player_name': 'Azzedine Ounahi', 'player_country': 'Morocco', 'player_rating': 7.4}, {'player_name': 'Sofyan Amrabat', 'player_country': 'Morocco', 'player_rating': 6.5}, {'player_name': 'Selim Amallah', 'player_country': 'Morocco', 'player_rating': 6.8}, {'player_name': 'Hakim Ziyech', 'player_country': 'Morocco', 'player_rating': 6.8}, {'player_name': 'Youssef En-Nesyri', 'player_country': 'Morocco', 'player_rating': 7.6}, {'player_name': 'Sofiane Boufal', 'player_country': 'Morocco', 'player_rating': 7}, {'player_name': 'Achraf Dari', 'player_country': 'Morocco', 'player_rating': 6.8}, {'player_name': 'Badr Benoun', 'player_country': 'Morocco', 'player_rating': 6.5}, {'player_name': 'Walid Cheddira', 'player_country': 'Morocco', 'player_rating': 6}, {'player_name': 'Yahya Jabrane', 'player_country': 'Morocco', 'player_rating': 6.5}, {'player_name': 'Zakaria Aboukhlal', 'player_country': 'Morocco', 'player_rating': 6.3}, {'player_name': 'Ahmed Reda Tagnaouti', 'player_country': 'Morocco', 'player_rating': None}, {'player_name': 'Munir El Kajoui', 'player_country': 'Morocco', 'player_rating': None}, {'player_name': 'Bilal El Khannouss', 'player_country': 'Morocco', 'player_rating': None}, {'player_name': 'Ilias Chair', 'player_country': 'Morocco', 'player_rating': None}, {'player_name': 'Abdelhamid Sabiri', 'player_country': 'Morocco', 'player_rating': None}, {'player_name': 'Anass Zaroury', 'player_country': 'Morocco', 'player_rating': None}, {'player_name': 'Abdessamad Ezzalzouli', 'player_country': 'Morocco', 'player_rating': None}, {'player_name': 'Abderazak Hamdallah', 'player_country': 'Morocco', 'player_rating': None}]","[{'player_name': 'Diogo Costa', 'player_country': 'Portugal', 'player_rating': 6}, {'player_name': 'Diogo Dalot', 'player_country': 'Portugal', 'player_rating': 7}, {'player_name': 'Pepe', 'player_country': 'Portugal', 'player_rating': 6.7}, {'player_name': 'Rúben Dias', 'player_country': 'Portugal', 'player_rating': 6.9}, {'player_name': 'Raphaël Guerreiro', 'player_country': 'Portugal', 'player_rating': 6.6}, {'player_name': 'Bernardo Silva', 'player_country': 'Portugal', 'player_rating': 7.2}, {'player_name': 'Rúben Neves', 'player_country': 'Portugal', 'player_rating': 6.6}, {'player_name': 'Otávio', 'player_country': 'Portugal', 'player_rating': 7.6}, {'player_name': 'Bruno Fernandes', 'player_country': 'Portugal', 'player_rating': 8.2}, {'player_name': 'Gonçalo Ramos', 'player_country': 'Portugal', 'player_rating': 6.2}, {'player_name': 'João Félix', 'player_country': 'Portugal', 'player_rating': 6.4}, {'player_name': 'João Cancelo', 'player_country': 'Portugal', 'player_rating': 6.7}, {'player_name': 'Cristiano Ronaldo', 'player_country': 'Portugal', 'player_rating': 6.8}, {'player_name': 'Vitinha', 'player_country': 'Portugal', 'player_rating': 6.7}, {'player_name': 'Rafael Leão', 'player_country': 'Portugal', 'player_rating': 7.1}, {'player_name': 'Ricardo Horta', 'player_country': 'Portugal', 'player_rating': 6.6}, {'player_name': 'Rui Patrício', 'player_country': 'Portugal', 'player_rating': None}, {'player_name': 'José Sá', 'player_country': 'Portugal', 'player_rating': None}, {'player_name': 'Matheus Nunes', 'player_country': 'Portugal', 'player_rating': None}, {'player_name': 'António Silva', 'player_country': 'Portugal', 'player_rating': None}, {'player_name': 'William Carvalho', 'player_country': 'Portugal', 'player_rating': None}, {'player_name': 'João Palhinha', 'player_country': 'Portugal', 'player_rating': None}, {'player_name': 'João Mário', 'player_country': 'Portugal', 'player_rating': None}, {'player_name': 'André Silva', 'player_country': 'Portugal', 'player_rating': None}]"
60,27,England,France,"[{'player_name': 'Jordan Pickford', 'player_country': 'England', 'player_rating': 6.8}, {'player_name': 'Kyle Walker', 'player_country': 'England', 'player_rating': 6.7}, {'player_name': 'John Stones', 'player_country': 'England', 'player_rating': 6.9}, {'player_name': 'Harry Maguire', 'player_country': 'England', 'player_rating': 7.3}, {'player_name': 'Luke Shaw', 'player_country': 'England', 'player_rating': 6.5}, {'player_name': 'Jordan Henderson', 'player_country': 'England', 'player_rating': 6.8}, {'player_name': 'Declan Rice', 'player_country': 'England', 'player_rating': 7.1}, {'player_name': 'Jude Bellingham', 'player_country': 'England', 'player_rating': 7.2}, {'player_name': 'Bukayo Saka', 'player_country': 'England', 'player_rating': 7.7}, {'player_name': 'Harry Kane', 'player_country': 'England', 'player_rating': 6.8}, {'player_name': 'Phil Foden', 'player_country': 'England', 'player_rating': 7}, {'player_name': 'Mason Mount', 'player_country': 'England', 'player_rating': 7.2}, {'player_name': 'Raheem Sterling', 'player_country': 'England', 'player_rating': 6.7}, {'player_name': 'Marcus Rashford', 'player_country': 'England', 'player_rating': 6.6}, {'player_name': 'Jack Grealish', 'player_country': 'England', 'player_rating': None}, {'player_name': 'Aaron Ramsdale', 'player_country': 'England', 'player_rating': None}, {'player_name': 'Nick Pope', 'player_country': 'England', 'player_rating': None}, {'player_name': 'Kieran Trippier', 'player_country': 'England', 'player_rating': None}, {'player_name': 'Eric Dier', 'player_country': 'England', 'player_rating': None}, {'player_name': 'Trent Alexander-Arnold', 'player_country': 'England', 'player_rating': None}, {'player_name': 'Conor Coady', 'player_country': 'England', 'player_rating': None}, {'player_name': 'Kalvin Phillips', 'player_country': 'England', 'player_rating': None}, {'player_name': 'Conor Gallagher', 'player_country': 'England', 'player_rating': None}, {'player_name': 'James Maddison', 'player_country': 'England', 'player_rating': None}, {'player_name': 'Callum Wilson', 'player_country': 'England', 'player_rating': None}]","[{'player_name': 'Hugo Lloris', 'player_country': 'France', 'player_rating': 8}, {'player_name': 'Jules Koundé', 'player_country': 'France', 'player_rating': 7.5}, {'player_name': 'Raphaël Varane', 'player_country': 'France', 'player_rating': 6.8}, {'player_name': 'Dayot Upamecano', 'player_country': 'France', 'player_rating': 6.7}, {'player_name': 'Theo Hernández', 'player_country': 'France', 'player_rating': 6.4}, {'player_name': 'Aurélien Tchouaméni', 'player_country': 'France', 'player_rating': 7}, {'player_name': 'Adrien Rabiot', 'player_country': 'France', 'player_rating': 6.8}, {'player_name': 'Ousmane Dembélé', 'player_country': 'France', 'player_rating': 6.9}, {'player_name': 'Antoine Griezmann', 'player_country': 'France', 'player_rating': 7.6}, {'player_name': 'Kylian Mbappé', 'player_country': 'France', 'player_rating': 7.1}, {'player_name': 'Olivier Giroud', 'player_country': 'France', 'player_rating': 7.2}, {'player_name': 'Kingsley Coman', 'player_country': 'France', 'player_rating': 6.5}, {'player_name': 'Steve Mandanda', 'player_country': 'France', 'player_rating': None}, {'player_name': 'Alphonse Aréola', 'player_country': 'France', 'player_rating': None}, {'player_name': 'Benjamin Pavard', 'player_country': 'France', 'player_rating': None}, {'player_name': 'Ibrahima Konaté', 'player_country': 'France', 'player_rating': None}, {'player_name': 'William Saliba', 'player_country': 'France', 'player_rating': None}, {'player_name': 'Axel Disasi', 'player_country': 'France', 'player_rating': None}, {'player_name': 'Mattéo Guendouzi', 'player_country': 'France', 'player_rating': None}, {'player_name': 'Eduardo Camavinga', 'player_country': 'France', 'player_rating': None}, {'player_name': 'Jordan Veretout', 'player_country': 'France', 'player_rating': None}, {'player_name': 'Youssouf Fofana', 'player_country': 'France', 'player_rating': None}, {'player_name': 'Marcus Thuram', 'player_country': 'France', 'player_rating': None}, {'player_name': 'Randal Kolo Muani', 'player_country': 'France', 'player_rating': None}]"
61,28,Argentina,Croatia,"[{'player_name': 'Emiliano Martínez', 'player_country': 'Argentina', 'player_rating': 7.6}, {'player_name': 'Nahuel Molina', 'player_country': 'Argentina', 'player_rating': 6.8}, {'player_name': 'Cristian Romero', 'player_country': 'Argentina', 'player_rating': 7.1}, {'player_name': 'Nicolás Otamendi', 'player_country': 'Argentina', 'player_rating': 7.1}, {'player_name': 'Nicolás Tagliafico', 'player_country': 'Argentina', 'player_rating': 7.3}, {'player_name': 'Rodrigo De Paul', 'player_country': 'Argentina', 'player_rating': 6.7}, {'player_name': 'Leandro Paredes', 'player_country': 'Argentina', 'player_rating': 7}, {'player_name': 'Enzo Fernández', 'player_country': 'Argentina', 'player_rating': 7.4}, {'player_name': 'Alexis Mac Allister', 'player_country': 'Argentina', 'player_rating': 6.5}, {'player_name': 'Lionel Messi', 'player_country': 'Argentina', 'player_rating': 7.9}, {'player_name': 'Julián Alvarez', 'player_country': 'Argentina', 'player_rating': 8.6}, {'player_name': 'Lisandro Martínez', 'player_country': 'Argentina', 'player_rating': 6.7}, {'player_name': 'Exequiel Palacios', 'player_country': 'Argentina', 'player_rating': 6.5}, {'player_name': 'Paulo Dybala', 'player_country': 'Argentina', 'player_rating': 7}, {'player_name': 'Juan Foyth', 'player_country': 'Argentina', 'player_rating': 6.6}, {'player_name': 'Ángel Correa', 'player_country': 'Argentina', 'player_rating': 6.7}, {'player_name': 'Franco Armani', 'player_country': 'Argentina', 'player_rating': None}, {'player_name': 'Gerónimo Rulli', 'player_country': 'Argentina', 'player_rating': None}, {'player_name': 'Germán Pezzella', 'player_country': 'Argentina', 'player_rating': None}, {'player_name': 'Ángel Di María', 'player_country': 'Argentina', 'player_rating': None}, {'player_name': 'Thiago Almada', 'player_country': 'Argentina', 'player_rating': None}, {'player_name': 'Guido Rodríguez', 'player_country': 'Argentina', 'player_rating': None}, {'player_name': 'Lautaro Martínez', 'player_country': 'Argentina', 'player_rating': None}]","[{'player_name': 'Dominik Livaković', 'player_country': 'Croatia', 'player_rating': 6.7}, {'player_name': 'Josip Juranović', 'player_country': 'Croatia', 'player_rating': 6.5}, {'player_name': 'Dejan Lovren', 'player_country': 'Croatia', 'player_rating': 6.6}, {'player_name': 'Joško Gvardiol', 'player_country': 'Croatia', 'player_rating': 6.6}, {'player_name': 'Borna Sosa', 'player_country': 'Croatia', 'player_rating': 6.3}, {'player_name': 'Luka Modrić', 'player_country': 'Croatia', 'player_rating': 7.6}, {'player_name': 'Marcelo Brozović', 'player_country': 'Croatia', 'player_rating': 6.4}, {'player_name': 'Mateo Kovačić', 'player_country': 'Croatia', 'player_rating': 7.3}, {'player_name': 'Mario Pašalić', 'player_country': 'Croatia', 'player_rating': 6.8}, {'player_name': 'Andrej Kramarić', 'player_country': 'Croatia', 'player_rating': 6.8}, {'player_name': 'Ivan Perišić', 'player_country': 'Croatia', 'player_rating': 7.3}, {'player_name': 'Nikola Vlašić', 'player_country': 'Croatia', 'player_rating': 6.8}, {'player_name': 'Mislav Oršić', 'player_country': 'Croatia', 'player_rating': 6.5}, {'player_name': 'Bruno Petković', 'player_country': 'Croatia', 'player_rating': 6.6}, {'player_name': 'Marko Livaja', 'player_country': 'Croatia', 'player_rating': 6.5}, {'player_name': 'Lovro Majer', 'player_country': 'Croatia', 'player_rating': 6.6}, {'player_name': 'Ivo Grbić', 'player_country': 'Croatia', 'player_rating': None}, {'player_name': 'Ivica Ivušić', 'player_country': 'Croatia', 'player_rating': None}, {'player_name': 'Josip Stanišić', 'player_country': 'Croatia', 'player_rating': None}, {'player_name': 'Borna Barišić', 'player_country': 'Croatia', 'player_rating': None}, {'player_name': 'Martin Erlić', 'player_country': 'Croatia', 'player_rating': None}, {'player_name': 'Domagoj Vida', 'player_country': 'Croatia', 'player_rating': None}, {'player_name': 'Josip Šutalo', 'player_country': 'Croatia', 'player_rating': None}, {'player_name': 'Luka Sučić', 'player_country': 'Croatia', 'player_rating': None}, {'player_name': 'Kristijan Jakić', 'player_country': 'Croatia', 'player_rating': None}, {'player_name': 'Ante Budimir', 'player_country': 'Croatia', 'player_rating': None}]"
62,28,France,Morocco,"[{'player_name': 'Hugo Lloris', 'player_country': 'France', 'player_rating': 7.4}, {'player_name': 'Jules Koundé', 'player_country': 'France', 'player_rating': 7.5}, {'player_name': 'Raphaël Varane', 'player_country': 'France', 'player_rating': 6.9}, {'player_name': 'Ibrahima Konaté', 'player_country': 'France', 'player_rating': 7.6}, {'player_name': 'Theo Hernández', 'player_country': 'France', 'player_rating': 8.2}, {'player_name': 'Aurélien Tchouaméni', 'player_country': 'France', 'player_rating': 7.4}, {'player_name': 'Youssouf Fofana', 'player_country': 'France', 'player_rating': 7.4}, {'player_name': 'Ousmane Dembélé', 'player_country': 'France', 'player_rating': 6.7}, {'player_name': 'Antoine Griezmann', 'player_country': 'France', 'player_rating': 7.6}, {'player_name': 'Kylian Mbappé', 'player_country': 'France', 'player_rating': 6.8}, {'player_name': 'Olivier Giroud', 'player_country': 'France', 'player_rating': 7.1}, {'player_name': 'Marcus Thuram', 'player_country': 'France', 'player_rating': 6.8}, {'player_name': 'Randal Kolo Muani', 'player_country': 'France', 'player_rating': 7.4}, {'player_name': 'Steve Mandanda', 'player_country': 'France', 'player_rating': None}, {'player_name': 'Alphonse Aréola', 'player_country': 'France', 'player_rating': None}, {'player_name': 'Benjamin Pavard', 'player_country': 'France', 'player_rating': None}, {'player_name': 'Axel Disasi', 'player_country': 'France', 'player_rating': None}, {'player_name': 'William Saliba', 'player_country': 'France', 'player_rating': None}, {'player_name': 'Dayot Upamecano', 'player_country': 'France', 'player_rating': None}, {'player_name': 'Mattéo Guendouzi', 'player_country': 'France', 'player_rating': None}, {'player_name': 'Jordan Veretout', 'player_country': 'France', 'player_rating': None}, {'player_name': 'Kingsley Coman', 'player_country': 'France', 'player_rating': None}, {'player_name': 'Eduardo Camavinga', 'player_country': 'France', 'player_rating': None}]","[{'player_name': 'Yassine Bounou', 'player_country': 'Morocco', 'player_rating': 6.2}, {'player_name': 'Achraf Hakimi', 'player_country': 'Morocco', 'player_rating': 6.5}, {'player_name': 'Achraf Dari', 'player_country': 'Morocco', 'player_rating': 6.6}, {'player_name': 'Romain Saïss', 'player_country': 'Morocco', 'player_rating': 6.1}, {'player_name': 'Jawad El Yamiq', 'player_country': 'Morocco', 'player_rating': 7.5}, {'player_name': 'Noussair Mazraoui', 'player_country': 'Morocco', 'player_rating': 6.3}, {'player_name': 'Hakim Ziyech', 'player_country': 'Morocco', 'player_rating': 6.3}, {'player_name': 'Azzedine Ounahi', 'player_country': 'Morocco', 'player_rating': 7.3}, {'player_name': 'Sofyan Amrabat', 'player_country': 'Morocco', 'player_rating': 6.9}, {'player_name': 'Sofiane Boufal', 'player_country': 'Morocco', 'player_rating': 6.8}, {'player_name': 'Youssef En-Nesyri', 'player_country': 'Morocco', 'player_rating': 6.5}, {'player_name': 'Selim Amallah', 'player_country': 'Morocco', 'player_rating': 6.9}, {'player_name': 'Yahia Attiyat Allah', 'player_country': 'Morocco', 'player_rating': 6.3}, {'player_name': 'Abderazak Hamdallah', 'player_country': 'Morocco', 'player_rating': 6.5}, {'player_name': 'Zakaria Aboukhlal', 'player_country': 'Morocco', 'player_rating': 6.5}, {'player_name': 'Abdessamad Ezzalzouli', 'player_country': 'Morocco', 'player_rating': 6.9}, {'player_name': 'Munir El Kajoui', 'player_country': 'Morocco', 'player_rating': None}, {'player_name': 'Ahmed Reda Tagnaouti', 'player_country': 'Morocco', 'player_rating': None}, {'player_name': 'Badr Benoun', 'player_country': 'Morocco', 'player_rating': None}, {'player_name': 'Anass Zaroury', 'player_country': 'Morocco', 'player_rating': None}, {'player_name': 'Abdelhamid Sabiri', 'player_country': 'Morocco', 'player_rating': None}, {'player_name': 'Ilias Chair', 'player_country': 'Morocco', 'player_rating': None}, {'player_name': 'Bilal El Khannouss', 'player_country': 'Morocco', 'player_rating': None}, {'player_name': 'Yahya Jabrane', 'player_country': 'Morocco', 'player_rating': None}]"
63,50,Croatia,Morocco,"[{'player_name': 'Dominik Livaković', 'player_country': 'Croatia', 'player_rating': 7}, {'player_name': 'Josip Stanišić', 'player_country': 'Croatia', 'player_rating': 7.1}, {'player_name': 'Josip Šutalo', 'player_country': 'Croatia', 'player_rating': 6.7}, {'player_name': 'Joško Gvardiol', 'player_country': 'Croatia', 'player_rating': 7.5}, {'player_name': 'Ivan Perišić', 'player_country': 'Croatia', 'player_rating': 7.4}, {'player_name': 'Luka Modrić', 'player_country': 'Croatia', 'player_rating': 7.3}, {'player_name': 'Mateo Kovačić', 'player_country': 'Croatia', 'player_rating': 7.4}, {'player_name': 'Lovro Majer', 'player_country': 'Croatia', 'player_rating': 6.6}, {'player_name': 'Andrej Kramarić', 'player_country': 'Croatia', 'player_rating': 7.1}, {'player_name': 'Mislav Oršić', 'player_country': 'Croatia', 'player_rating': 7.8}, {'player_name': 'Marko Livaja', 'player_country': 'Croatia', 'player_rating': 7}, {'player_name': 'Nikola Vlašić', 'player_country': 'Croatia', 'player_rating': 6.7}, {'player_name': 'Bruno Petković', 'player_country': 'Croatia', 'player_rating': 6.8}, {'player_name': 'Mario Pašalić', 'player_country': 'Croatia', 'player_rating': 6.5}, {'player_name': 'Kristijan Jakić', 'player_country': 'Croatia', 'player_rating': None}, {'player_name': 'Ivo Grbić', 'player_country': 'Croatia', 'player_rating': None}, {'player_name': 'Ivica Ivušić', 'player_country': 'Croatia', 'player_rating': None}, {'player_name': 'Borna Barišić', 'player_country': 'Croatia', 'player_rating': None}, {'player_name': 'Martin Erlić', 'player_country': 'Croatia', 'player_rating': None}, {'player_name': 'Dejan Lovren', 'player_country': 'Croatia', 'player_rating': None}, {'player_name': 'Domagoj Vida', 'player_country': 'Croatia', 'player_rating': None}, {'player_name': 'Borna Sosa', 'player_country': 'Croatia', 'player_rating': None}, {'player_name': 'Luka Sučić', 'player_country': 'Croatia', 'player_rating': None}, {'player_name': 'Marcelo Brozović', 'player_country': 'Croatia', 'player_rating': None}, {'player_name': 'Josip Juranović', 'player_country': 'Croatia', 'player_rating': None}, {'player_name': 'Ante Budimir', 'player_country': 'Croatia', 'player_rating': None}]","[{'player_name': 'Yassine Bounou', 'player_country': 'Morocco', 'player_rating': 6.6}, {'player_name': 'Achraf Hakimi', 'player_country': 'Morocco', 'player_rating': 6.7}, {'player_name': 'Jawad El Yamiq', 'player_country': 'Morocco', 'player_rating': 6.5}, {'player_name': 'Achraf Dari', 'player_country': 'Morocco', 'player_rating': 7.5}, {'player_name': 'Yahia Attiyat Allah', 'player_country': 'Morocco', 'player_rating': 6.4}, {'player_name': 'Bilal El Khannouss', 'player_country': 'Morocco', 'player_rating': 6.6}, {'player_name': 'Sofyan Amrabat', 'player_country': 'Morocco', 'player_rating': 6.4}, {'player_name': 'Abdelhamid Sabiri', 'player_country': 'Morocco', 'player_rating': 6.1}, {'player_name': 'Hakim Ziyech', 'player_country': 'Morocco', 'player_rating': 7.7}, {'player_name': 'Youssef En-Nesyri', 'player_country': 'Morocco', 'player_rating': 6.6}, {'player_name': 'Sofiane Boufal', 'player_country': 'Morocco', 'player_rating': 6.8}, {'player_name': 'Ilias Chair', 'player_country': 'Morocco', 'player_rating': 6.4}, {'player_name': 'Azzedine Ounahi', 'player_country': 'Morocco', 'player_rating': 6.7}, {'player_name': 'Badr Benoun', 'player_country': 'Morocco', 'player_rating': 6.6}, {'player_name': 'Anass Zaroury', 'player_country': 'Morocco', 'player_rating': 6.7}, {'player_name': 'Selim Amallah', 'player_country': 'Morocco', 'player_rating': 6.9}, {'player_name': 'Munir El Kajoui', 'player_country': 'Morocco', 'player_rating': None}, {'player_name': 'Ahmed Reda Tagnaouti', 'player_country': 'Morocco', 'player_rating': None}, {'player_name': 'Nayef Aguerd', 'player_country': 'Morocco', 'player_rating': None}, {'player_name': 'Romain Saïss', 'player_country': 'Morocco', 'player_rating': None}, {'player_name': 'Abdessamad Ezzalzouli', 'player_country': 'Morocco', 'player_rating': None}, {'player_name': 'Yahya Jabrane', 'player_country': 'Morocco', 'player_rating': None}, {'player_name': 'Abderazak Hamdallah', 'player_country': 'Morocco', 'player_rating': None}, {'player_name': 'Zakaria Aboukhlal', 'player_country': 'Morocco', 'player_rating': None}, {'player_name': 'Walid Cheddira', 'player_country': 'Morocco', 'player_rating': None}]"
64,29,Argentina,France,"[{'player_name': 'Emiliano Martínez', 'player_country': 'Argentina', 'player_rating': 6.9}, {'player_name': 'Nahuel Molina', 'player_country': 'Argentina', 'player_rating': 6.2}, {'player_name': 'Cristian Romero', 'player_country': 'Argentina', 'player_rating': 6.6}, {'player_name': 'Nicolás Otamendi', 'player_country': 'Argentina', 'player_rating': 6}, {'player_name': 'Nicolás Tagliafico', 'player_country': 'Argentina', 'player_rating': 7.1}, {'player_name': 'Rodrigo De Paul', 'player_country': 'Argentina', 'player_rating': 6.7}, {'player_name': 'Enzo Fernández', 'player_country': 'Argentina', 'player_rating': 7.2}, {'player_name': 'Alexis Mac Allister', 'player_country': 'Argentina', 'player_rating': 7.7}, {'player_name': 'Lionel Messi', 'player_country': 'Argentina', 'player_rating': 9.4}, {'player_name': 'Julián Alvarez', 'player_country': 'Argentina', 'player_rating': 6.9}, {'player_name': 'Ángel Di María', 'player_country': 'Argentina', 'player_rating': 8.3}, {'player_name': 'Marcos Acuña', 'player_country': 'Argentina', 'player_rating': 6.3}, {'player_name': 'Gonzalo Montiel', 'player_country': 'Argentina', 'player_rating': 6.3}, {'player_name': 'Leandro Paredes', 'player_country': 'Argentina', 'player_rating': 6.8}, {'player_name': 'Lautaro Martínez', 'player_country': 'Argentina', 'player_rating': 6}, {'player_name': 'Germán Pezzella', 'player_country': 'Argentina', 'player_rating': 6.2}, {'player_name': 'Paulo Dybala', 'player_country': 'Argentina', 'player_rating': None}, {'player_name': 'Gerónimo Rulli', 'player_country': 'Argentina', 'player_rating': None}, {'player_name': 'Franco Armani', 'player_country': 'Argentina', 'player_rating': None}, {'player_name': 'Lisandro Martínez', 'player_country': 'Argentina', 'player_rating': None}, {'player_name': 'Juan Foyth', 'player_country': 'Argentina', 'player_rating': None}, {'player_name': 'Guido Rodríguez', 'player_country': 'Argentina', 'player_rating': None}, {'player_name': 'Exequiel Palacios', 'player_country': 'Argentina', 'player_rating': None}, {'player_name': 'Papu Gómez', 'player_country': 'Argentina', 'player_rating': None}, {'player_name': 'Ángel Correa', 'player_country': 'Argentina', 'player_rating': None}, {'player_name': 'Thiago Almada', 'player_country': 'Argentina', 'player_rating': None}]","[{'player_name': 'Hugo Lloris', 'player_country': 'France', 'player_rating': 7.7}, {'player_name': 'Jules Koundé', 'player_country': 'France', 'player_rating': 6.5}, {'player_name': 'Raphaël Varane', 'player_country': 'France', 'player_rating': 6.5}, {'player_name': 'Dayot Upamecano', 'player_country': 'France', 'player_rating': 6.7}, {'player_name': 'Theo Hernández', 'player_country': 'France', 'player_rating': 6.8}, {'player_name': 'Aurélien Tchouaméni', 'player_country': 'France', 'player_rating': 6.5}, {'player_name': 'Adrien Rabiot', 'player_country': 'France', 'player_rating': 7}, {'player_name': 'Ousmane Dembélé', 'player_country': 'France', 'player_rating': 5.7}, {'player_name': 'Antoine Griezmann', 'player_country': 'France', 'player_rating': 6.9}, {'player_name': 'Kylian Mbappé', 'player_country': 'France', 'player_rating': 8.8}, {'player_name': 'Olivier Giroud', 'player_country': 'France', 'player_rating': 6.7}, {'player_name': 'Randal Kolo Muani', 'player_country': 'France', 'player_rating': 7.4}, {'player_name': 'Marcus Thuram', 'player_country': 'France', 'player_rating': 7.1}, {'player_name': 'Kingsley Coman', 'player_country': 'France', 'player_rating': 6.6}, {'player_name': 'Eduardo Camavinga', 'player_country': 'France', 'player_rating': 7.1}, {'player_name': 'Youssouf Fofana', 'player_country': 'France', 'player_rating': 6.6}, {'player_name': 'Ibrahima Konaté', 'player_country': 'France', 'player_rating': 7.1}, {'player_name': 'Axel Disasi', 'player_country': 'France', 'player_rating': None}, {'player_name': 'Steve Mandanda', 'player_country': 'France', 'player_rating': None}, {'player_name': 'Alphonse Aréola', 'player_country': 'France', 'player_rating': None}, {'player_name': 'Benjamin Pavard', 'player_country': 'France', 'player_rating': None}, {'player_name': 'William Saliba', 'player_country': 'France', 'player_rating': None}, {'player_name': 'Mattéo Guendouzi', 'player_country': 'France', 'player_rating': None}, {'player_name': 'Jordan Veretout', 'player_country': 'France', 'player_rating': None}]"
